# WaveFront *.obj file (generated by Autodesk ATF)

mtllib Wall-Pristine-Example.mtl

g Body1

v 12.700000 109.220000 25.400000
v 12.700000 109.220000 14.695714
v 12.700000 109.220000 3.991429
v 12.700000 109.220000 -6.712857
v 12.700000 109.220000 -17.417143
v 12.700000 109.220000 -28.121428
v 12.700000 109.220000 -38.825714
v 12.700000 109.220000 -49.529999
v 12.700000 109.220000 -60.234285
v 12.700000 109.220000 -70.938570
v 12.700000 109.220000 -81.642856
v 12.700000 109.220000 -92.347141
v 12.700000 109.220000 -103.051427
v 12.700000 109.220000 -113.755713
v 12.700000 109.220000 -124.459998
v 12.700000 111.760000 -124.459998
v 12.700000 111.760000 -113.755713
v 12.700000 111.760000 -103.051427
v 12.700000 111.760000 -92.347141
v 12.700000 111.760000 -81.642856
v 12.700000 111.760000 -70.938570
v 12.700000 111.760000 -60.234285
v 12.700000 111.760000 -49.529999
v 12.700000 111.760000 -38.825714
v 12.700000 111.760000 -28.121428
v 12.700000 111.760000 -17.417143
v 12.700000 111.760000 -6.712857
v 12.700000 111.760000 3.991429
v 12.700000 111.760000 14.695714
v 12.700000 111.760000 25.400000
v 0.000000 109.220000 25.400000
v 6.350000 109.220000 25.400000
v 6.350000 111.760000 25.400000
v 0.000000 111.760000 25.400000
v 6.350000 111.760000 -124.459998
v 0.000000 111.760000 -124.459998
v 0.000000 111.760000 -113.755713
v 0.000000 111.760000 -103.051427
v 0.000000 111.760000 -92.347141
v 0.000000 111.760000 -81.642856
v 0.000000 111.760000 -70.938570
v 0.000000 111.760000 -60.234285
v 0.000000 111.760000 -49.529999
v 0.000000 111.760000 -38.825714
v 0.000000 111.760000 -28.121428
v 0.000000 111.760000 -17.417143
v 0.000000 111.760000 -6.712857
v 0.000000 111.760000 3.991429
v 0.000000 111.760000 14.695714
v 6.350000 111.760000 -113.755713
v 6.350000 111.760000 -103.051427
v 6.350000 111.760000 -92.347141
v 6.350000 111.760000 -81.642856
v 6.350000 111.760000 -70.938570
v 6.350000 111.760000 -60.234285
v 6.350000 111.760000 -49.529999
v 6.350000 111.760000 -38.825714
v 6.350000 111.760000 -28.121428
v 6.350000 111.760000 -17.417143
v 6.350000 111.760000 -6.712857
v 6.350000 111.760000 3.991429
v 6.350000 111.760000 14.695714
v 0.000000 109.220000 -124.459998
v 0.000000 109.220000 -113.755713
v 0.000000 109.220000 -103.051427
v 0.000000 109.220000 -92.347141
v 0.000000 109.220000 -81.642856
v 0.000000 109.220000 -70.938570
v 0.000000 109.220000 -60.234285
v 0.000000 109.220000 -49.529999
v 0.000000 109.220000 -38.825714
v 0.000000 109.220000 -28.121428
v 0.000000 109.220000 -17.417143
v 0.000000 109.220000 -6.712857
v 0.000000 109.220000 3.991429
v 0.000000 109.220000 14.695714
v 6.350000 109.220000 -124.459998
v 6.350000 109.220000 -113.755713
v 6.350000 109.220000 -103.051427
v 6.350000 109.220000 -92.347141
v 6.350000 109.220000 -81.642856
v 6.350000 109.220000 -70.938570
v 6.350000 109.220000 -60.234285
v 6.350000 109.220000 -49.529999
v 6.350000 109.220000 -38.825714
v 6.350000 109.220000 -28.121428
v 6.350000 109.220000 -17.417143
v 6.350000 109.220000 -6.712857
v 6.350000 109.220000 3.991429
v 6.350000 109.220000 14.695714
vt -74.929999 -2.540000 0.000000
vt -64.225713 -2.540000 0.000000
vt -74.929999 0.000000 0.000000
vt -64.225713 0.000000 0.000000
vt -53.521428 -2.540000 0.000000
vt -53.521428 0.000000 0.000000
vt -42.817142 -2.540000 0.000000
vt -42.817142 0.000000 0.000000
vt -32.112857 -2.540000 0.000000
vt -32.112857 0.000000 0.000000
vt -21.408571 -2.540000 0.000000
vt -21.408571 0.000000 0.000000
vt -10.704286 -2.540000 0.000000
vt -10.704286 0.000000 0.000000
vt 0.000000 -2.540000 0.000000
vt 0.000000 0.000000 0.000000
vt 10.704286 -2.540000 0.000000
vt 10.704286 0.000000 0.000000
vt 21.408571 -2.540000 0.000000
vt 21.408571 0.000000 0.000000
vt 32.112857 -2.540000 0.000000
vt 32.112857 0.000000 0.000000
vt 42.817142 -2.540000 0.000000
vt 42.817142 0.000000 0.000000
vt 53.521428 -2.540000 0.000000
vt 53.521428 0.000000 0.000000
vt 64.225713 -2.540000 0.000000
vt 64.225713 0.000000 0.000000
vt 74.929999 -2.540000 0.000000
vt 74.929999 0.000000 0.000000
vt 106.679998 0.000000 0.000000
vt 109.219998 0.000000 0.000000
vt 106.679998 6.350000 0.000000
vt 109.219998 6.350000 0.000000
vt 106.679998 12.700000 0.000000
vt 109.219998 12.700000 0.000000
vt 25.944285 0.000000 0.000000
vt 15.240000 0.000000 0.000000
vt 25.944285 -6.350000 0.000000
vt 15.240000 -6.350000 0.000000
vt 25.944285 -12.700000 0.000000
vt 15.240000 -12.700000 0.000000
vt 36.648571 -12.700000 0.000000
vt 36.648571 -6.350000 0.000000
vt 36.648571 0.000000 0.000000
vt 47.352856 -6.350000 0.000000
vt 47.352856 0.000000 0.000000
vt 58.057142 -6.350000 0.000000
vt 58.057142 0.000000 0.000000
vt 68.761428 -6.350000 0.000000
vt 68.761428 0.000000 0.000000
vt 79.465713 -6.350000 0.000000
vt 79.465713 0.000000 0.000000
vt 90.169999 -6.350000 0.000000
vt 90.169999 0.000000 0.000000
vt 100.874284 -6.350000 0.000000
vt 100.874284 0.000000 0.000000
vt 111.578570 -6.350000 0.000000
vt 111.578570 0.000000 0.000000
vt 122.282855 -6.350000 0.000000
vt 122.282855 0.000000 0.000000
vt 132.987141 -6.350000 0.000000
vt 132.987141 0.000000 0.000000
vt 143.691426 -6.350000 0.000000
vt 143.691426 0.000000 0.000000
vt 154.395712 -6.350000 0.000000
vt 154.395712 0.000000 0.000000
vt 165.099998 -6.350000 0.000000
vt 165.099998 0.000000 0.000000
vt 47.352856 -12.700000 0.000000
vt 58.057142 -12.700000 0.000000
vt 68.761428 -12.700000 0.000000
vt 79.465713 -12.700000 0.000000
vt 90.169999 -12.700000 0.000000
vt 100.874284 -12.700000 0.000000
vt 111.578570 -12.700000 0.000000
vt 122.282855 -12.700000 0.000000
vt 132.987141 -12.700000 0.000000
vt 143.691426 -12.700000 0.000000
vt 154.395712 -12.700000 0.000000
vt 165.099998 -12.700000 0.000000
vt -74.929999 -2.540000 0.000000
vt -64.225713 -2.540000 0.000000
vt -74.929999 0.000000 0.000000
vt -64.225713 0.000000 0.000000
vt -53.521428 -2.540000 0.000000
vt -53.521428 0.000000 0.000000
vt -42.817142 -2.540000 0.000000
vt -42.817142 0.000000 0.000000
vt -32.112857 -2.540000 0.000000
vt -32.112857 0.000000 0.000000
vt -21.408571 -2.540000 0.000000
vt -21.408571 0.000000 0.000000
vt -10.704286 -2.540000 0.000000
vt -10.704286 0.000000 0.000000
vt -0.000000 -2.540000 0.000000
vt -0.000000 0.000000 0.000000
vt 10.704286 -2.540000 0.000000
vt 10.704286 0.000000 0.000000
vt 21.408571 -2.540000 0.000000
vt 21.408571 0.000000 0.000000
vt 32.112857 -2.540000 0.000000
vt 32.112857 0.000000 0.000000
vt 42.817142 -2.540000 0.000000
vt 42.817142 0.000000 0.000000
vt 53.521428 -2.540000 0.000000
vt 53.521428 0.000000 0.000000
vt 64.225713 -2.540000 0.000000
vt 64.225713 0.000000 0.000000
vt 74.929999 -2.540000 0.000000
vt 74.929999 0.000000 0.000000
vt 106.679998 12.700000 0.000000
vt 104.139998 12.700000 0.000000
vt 106.679998 6.350000 0.000000
vt 104.139998 6.350000 0.000000
vt 106.679998 0.000000 0.000000
vt 104.139998 0.000000 0.000000
vt -74.929999 -6.350000 0.000000
vt -64.225713 -6.350000 0.000000
vt -74.929999 -0.000000 0.000000
vt -64.225713 -0.000000 0.000000
vt -74.929999 6.350000 0.000000
vt -64.225713 6.350000 0.000000
vt -53.521428 -0.000000 0.000000
vt -53.521428 6.350000 0.000000
vt -42.817142 -0.000000 0.000000
vt -42.817142 6.350000 0.000000
vt -32.112857 -0.000000 0.000000
vt -32.112857 6.350000 0.000000
vt -21.408571 -0.000000 0.000000
vt -21.408571 6.350000 0.000000
vt -10.704286 -0.000000 0.000000
vt -10.704286 6.350000 0.000000
vt 0.000000 -0.000000 0.000000
vt 0.000000 6.350000 0.000000
vt 10.704286 -0.000000 0.000000
vt 10.704286 6.350000 0.000000
vt 21.408571 -0.000000 0.000000
vt 21.408571 6.350000 0.000000
vt 32.112857 -0.000000 0.000000
vt 32.112857 6.350000 0.000000
vt 42.817142 -0.000000 0.000000
vt 42.817142 6.350000 0.000000
vt 53.521428 -0.000000 0.000000
vt 53.521428 6.350000 0.000000
vt 64.225713 -0.000000 0.000000
vt 64.225713 6.350000 0.000000
vt 74.929999 0.000000 0.000000
vt 74.929999 6.350000 0.000000
vt -53.521428 -6.350000 0.000000
vt -42.817142 -6.350000 0.000000
vt -32.112857 -6.350000 0.000000
vt -21.408571 -6.350000 0.000000
vt -10.704286 -6.350000 0.000000
vt 0.000000 -6.350000 0.000000
vt 10.704286 -6.350000 0.000000
vt 21.408571 -6.350000 0.000000
vt 32.112857 -6.350000 0.000000
vt 42.817142 -6.350000 0.000000
vt 53.521428 -6.350000 0.000000
vt 64.225713 -6.350000 0.000000
vt 74.929999 -6.350000 0.000000
vn 1.000000 0.000000 0.000000
vn 1.000000 0.000000 0.000000
vn 1.000000 0.000000 0.000000
vn 1.000000 0.000000 0.000000
vn 1.000000 0.000000 0.000000
vn 1.000000 0.000000 0.000000
vn 1.000000 0.000000 0.000000
vn 1.000000 0.000000 0.000000
vn 1.000000 0.000000 0.000000
vn 1.000000 0.000000 0.000000
vn 1.000000 0.000000 0.000000
vn 1.000000 0.000000 0.000000
vn 1.000000 0.000000 0.000000
vn 1.000000 0.000000 0.000000
vn 1.000000 0.000000 0.000000
vn 1.000000 0.000000 0.000000
vn 1.000000 0.000000 0.000000
vn 1.000000 0.000000 0.000000
vn 1.000000 0.000000 0.000000
vn 1.000000 0.000000 0.000000
vn 1.000000 0.000000 0.000000
vn 1.000000 0.000000 0.000000
vn 1.000000 0.000000 0.000000
vn 1.000000 0.000000 0.000000
vn 1.000000 0.000000 0.000000
vn 1.000000 0.000000 0.000000
vn 1.000000 0.000000 0.000000
vn 1.000000 0.000000 0.000000
vn 1.000000 0.000000 0.000000
vn 1.000000 0.000000 0.000000
vn 0.000000 0.000000 1.000000
vn 0.000000 0.000000 1.000000
vn 0.000000 0.000000 1.000000
vn 0.000000 0.000000 1.000000
vn 0.000000 0.000000 1.000000
vn 0.000000 0.000000 1.000000
vn 0.000000 1.000000 0.000000
vn 0.000000 1.000000 0.000000
vn 0.000000 1.000000 0.000000
vn 0.000000 1.000000 0.000000
vn 0.000000 1.000000 0.000000
vn 0.000000 1.000000 0.000000
vn 0.000000 1.000000 0.000000
vn 0.000000 1.000000 0.000000
vn 0.000000 1.000000 0.000000
vn 0.000000 1.000000 0.000000
vn 0.000000 1.000000 0.000000
vn 0.000000 1.000000 0.000000
vn 0.000000 1.000000 0.000000
vn 0.000000 1.000000 0.000000
vn 0.000000 1.000000 0.000000
vn 0.000000 1.000000 0.000000
vn 0.000000 1.000000 0.000000
vn 0.000000 1.000000 0.000000
vn 0.000000 1.000000 0.000000
vn 0.000000 1.000000 0.000000
vn 0.000000 1.000000 0.000000
vn 0.000000 1.000000 0.000000
vn 0.000000 1.000000 0.000000
vn 0.000000 1.000000 0.000000
vn 0.000000 1.000000 0.000000
vn 0.000000 1.000000 0.000000
vn 0.000000 1.000000 0.000000
vn 0.000000 1.000000 0.000000
vn 0.000000 1.000000 0.000000
vn 0.000000 1.000000 0.000000
vn 0.000000 1.000000 0.000000
vn 0.000000 1.000000 0.000000
vn 0.000000 1.000000 0.000000
vn 0.000000 1.000000 0.000000
vn 0.000000 1.000000 0.000000
vn 0.000000 1.000000 0.000000
vn 0.000000 1.000000 0.000000
vn 0.000000 1.000000 0.000000
vn 0.000000 1.000000 0.000000
vn 0.000000 1.000000 0.000000
vn 0.000000 1.000000 0.000000
vn 0.000000 1.000000 0.000000
vn 0.000000 1.000000 0.000000
vn 0.000000 1.000000 0.000000
vn 0.000000 1.000000 0.000000
vn -1.000000 -0.000000 -0.000000
vn -1.000000 -0.000000 -0.000000
vn -1.000000 -0.000000 -0.000000
vn -1.000000 -0.000000 -0.000000
vn -1.000000 -0.000000 -0.000000
vn -1.000000 -0.000000 -0.000000
vn -1.000000 -0.000000 -0.000000
vn -1.000000 -0.000000 -0.000000
vn -1.000000 -0.000000 -0.000000
vn -1.000000 -0.000000 -0.000000
vn -1.000000 -0.000000 -0.000000
vn -1.000000 -0.000000 -0.000000
vn -1.000000 -0.000000 -0.000000
vn -1.000000 -0.000000 -0.000000
vn -1.000000 -0.000000 -0.000000
vn -1.000000 -0.000000 -0.000000
vn -1.000000 -0.000000 -0.000000
vn -1.000000 -0.000000 -0.000000
vn -1.000000 -0.000000 -0.000000
vn -1.000000 -0.000000 -0.000000
vn -1.000000 -0.000000 -0.000000
vn -1.000000 -0.000000 -0.000000
vn -1.000000 -0.000000 -0.000000
vn -1.000000 -0.000000 -0.000000
vn -1.000000 -0.000000 -0.000000
vn -1.000000 -0.000000 -0.000000
vn -1.000000 -0.000000 -0.000000
vn -1.000000 -0.000000 -0.000000
vn -1.000000 -0.000000 -0.000000
vn -1.000000 -0.000000 -0.000000
vn 0.000000 0.000000 -1.000000
vn 0.000000 0.000000 -1.000000
vn 0.000000 0.000000 -1.000000
vn 0.000000 0.000000 -1.000000
vn 0.000000 0.000000 -1.000000
vn 0.000000 0.000000 -1.000000
vn 0.000000 -1.000000 0.000000
vn 0.000000 -1.000000 0.000000
vn 0.000000 -1.000000 0.000000
vn 0.000000 -1.000000 0.000000
vn 0.000000 -1.000000 0.000000
vn 0.000000 -1.000000 0.000000
vn 0.000000 -1.000000 0.000000
vn 0.000000 -1.000000 0.000000
vn 0.000000 -1.000000 0.000000
vn 0.000000 -1.000000 0.000000
vn 0.000000 -1.000000 0.000000
vn 0.000000 -1.000000 0.000000
vn 0.000000 -1.000000 0.000000
vn 0.000000 -1.000000 0.000000
vn 0.000000 -1.000000 0.000000
vn 0.000000 -1.000000 0.000000
vn 0.000000 -1.000000 0.000000
vn 0.000000 -1.000000 0.000000
vn 0.000000 -1.000000 0.000000
vn 0.000000 -1.000000 0.000000
vn 0.000000 -1.000000 0.000000
vn 0.000000 -1.000000 0.000000
vn 0.000000 -1.000000 0.000000
vn 0.000000 -1.000000 0.000000
vn 0.000000 -1.000000 0.000000
vn 0.000000 -1.000000 0.000000
vn 0.000000 -1.000000 0.000000
vn 0.000000 -1.000000 0.000000
vn 0.000000 -1.000000 0.000000
vn 0.000000 -1.000000 0.000000
vn 0.000000 -1.000000 0.000000
vn 0.000000 -1.000000 0.000000
vn 0.000000 -1.000000 0.000000
vn 0.000000 -1.000000 0.000000
vn 0.000000 -1.000000 0.000000
vn 0.000000 -1.000000 0.000000
vn 0.000000 -1.000000 0.000000
vn 0.000000 -1.000000 0.000000
vn 0.000000 -1.000000 0.000000
vn 0.000000 -1.000000 0.000000
vn 0.000000 -1.000000 0.000000
vn 0.000000 -1.000000 0.000000
vn 0.000000 -1.000000 0.000000
vn 0.000000 -1.000000 0.000000
vn 0.000000 -1.000000 0.000000
usemtl LED_(Blue)
f 1/1/1 2/2/2 30/3/3
f 30/3/3 2/2/2 29/4/4
f 29/4/4 2/2/2 3/5/5
f 29/4/4 3/5/5 28/6/6
f 28/6/6 3/5/5 4/7/7
f 28/6/6 4/7/7 27/8/8
f 27/8/8 4/7/7 5/9/9
f 27/8/8 5/9/9 26/10/10
f 26/10/10 5/9/9 6/11/11
f 26/10/10 6/11/11 25/12/12
f 25/12/12 6/11/11 7/13/13
f 25/12/12 7/13/13 24/14/14
f 24/14/14 7/13/13 8/15/15
f 24/14/14 8/15/15 23/16/16
f 23/16/16 8/15/15 9/17/17
f 23/16/16 9/17/17 22/18/18
f 22/18/18 9/17/17 10/19/19
f 22/18/18 10/19/19 21/20/20
f 21/20/20 10/19/19 11/21/21
f 21/20/20 11/21/21 20/22/22
f 20/22/22 11/21/21 12/23/23
f 20/22/22 12/23/23 19/24/24
f 19/24/24 12/23/23 13/25/25
f 19/24/24 13/25/25 18/26/26
f 18/26/26 13/25/25 14/27/27
f 18/26/26 14/27/27 17/28/28
f 17/28/28 14/27/27 15/29/29
f 17/28/28 15/29/29 16/30/30
f 34/31/31 31/32/32 33/33/33
f 33/33/33 31/32/32 32/34/34
f 33/33/33 32/34/34 30/35/35
f 30/35/35 32/34/34 1/36/36
f 17/37/37 16/38/38 50/39/39
f 50/39/39 16/38/38 35/40/40
f 50/39/39 35/40/40 37/41/41
f 37/41/41 35/40/40 36/42/42
f 37/41/41 38/43/43 50/39/39
f 50/39/39 38/43/43 51/44/44
f 50/39/39 51/44/44 17/37/37
f 17/37/37 51/44/44 18/45/45
f 18/45/45 51/44/44 52/46/46
f 18/45/45 52/46/46 19/47/47
f 19/47/47 52/46/46 53/48/48
f 19/47/47 53/48/48 20/49/49
f 20/49/49 53/48/48 54/50/50
f 20/49/49 54/50/50 21/51/51
f 21/51/51 54/50/50 55/52/52
f 21/51/51 55/52/52 22/53/53
f 22/53/53 55/52/52 56/54/54
f 22/53/53 56/54/54 23/55/55
f 23/55/55 56/54/54 57/56/56
f 23/55/55 57/56/56 24/57/57
f 24/57/57 57/56/56 58/58/58
f 24/57/57 58/58/58 25/59/59
f 25/59/59 58/58/58 59/60/60
f 25/59/59 59/60/60 26/61/61
f 26/61/61 59/60/60 60/62/62
f 26/61/61 60/62/62 27/63/63
f 27/63/63 60/62/62 61/64/64
f 27/63/63 61/64/64 28/65/65
f 28/65/65 61/64/64 62/66/66
f 28/65/65 62/66/66 29/67/67
f 29/67/67 62/66/66 33/68/68
f 29/67/67 33/68/68 30/69/69
f 38/43/43 39/70/70 51/44/44
f 51/44/44 39/70/70 52/46/46
f 39/70/70 40/71/71 52/46/46
f 52/46/46 40/71/71 53/48/48
f 40/71/71 41/72/72 53/48/48
f 53/48/48 41/72/72 54/50/50
f 41/72/72 42/73/73 54/50/50
f 54/50/50 42/73/73 55/52/52
f 42/73/73 43/74/74 55/52/52
f 55/52/52 43/74/74 56/54/54
f 43/74/74 44/75/75 56/54/54
f 56/54/54 44/75/75 57/56/56
f 44/75/75 45/76/76 57/56/56
f 57/56/56 45/76/76 58/58/58
f 45/76/76 46/77/77 58/58/58
f 58/58/58 46/77/77 59/60/60
f 46/77/77 47/78/78 59/60/60
f 59/60/60 47/78/78 60/62/62
f 47/78/78 48/79/79 60/62/62
f 60/62/62 48/79/79 61/64/64
f 48/79/79 49/80/80 61/64/64
f 61/64/64 49/80/80 62/66/66
f 49/80/80 34/81/81 62/66/66
f 62/66/66 34/81/81 33/68/68
f 63/82/82 64/83/83 36/84/84
f 36/84/84 64/83/83 37/85/85
f 37/85/85 64/83/83 65/86/86
f 37/85/85 65/86/86 38/87/87
f 38/87/87 65/86/86 66/88/88
f 38/87/87 66/88/88 39/89/89
f 39/89/89 66/88/88 67/90/90
f 39/89/89 67/90/90 40/91/91
f 40/91/91 67/90/90 68/92/92
f 40/91/91 68/92/92 41/93/93
f 41/93/93 68/92/92 69/94/94
f 41/93/93 69/94/94 42/95/95
f 42/95/95 69/94/94 70/96/96
f 42/95/95 70/96/96 43/97/97
f 43/97/97 70/96/96 71/98/98
f 43/97/97 71/98/98 44/99/99
f 44/99/99 71/98/98 72/100/100
f 44/99/99 72/100/100 45/101/101
f 45/101/101 72/100/100 73/102/102
f 45/101/101 73/102/102 46/103/103
f 46/103/103 73/102/102 74/104/104
f 46/103/103 74/104/104 47/105/105
f 47/105/105 74/104/104 75/106/106
f 47/105/105 75/106/106 48/107/107
f 48/107/107 75/106/106 76/108/108
f 48/107/107 76/108/108 49/109/109
f 49/109/109 76/108/108 31/110/110
f 49/109/109 31/110/110 34/111/111
f 16/112/112 15/113/113 35/114/114
f 35/114/114 15/113/113 77/115/115
f 35/114/114 77/115/115 36/116/116
f 36/116/116 77/115/115 63/117/117
f 31/118/118 76/119/119 32/120/120
f 32/120/120 76/119/119 90/121/121
f 32/120/120 90/121/121 1/122/122
f 1/122/122 90/121/121 2/123/123
f 2/123/123 90/121/121 89/124/124
f 2/123/123 89/124/124 3/125/125
f 3/125/125 89/124/124 88/126/126
f 3/125/125 88/126/126 4/127/127
f 4/127/127 88/126/126 87/128/128
f 4/127/127 87/128/128 5/129/129
f 5/129/129 87/128/128 86/130/130
f 5/129/129 86/130/130 6/131/131
f 6/131/131 86/130/130 85/132/132
f 6/131/131 85/132/132 7/133/133
f 7/133/133 85/132/132 84/134/134
f 7/133/133 84/134/134 8/135/135
f 8/135/135 84/134/134 83/136/136
f 8/135/135 83/136/136 9/137/137
f 9/137/137 83/136/136 82/138/138
f 9/137/137 82/138/138 10/139/139
f 10/139/139 82/138/138 81/140/140
f 10/139/139 81/140/140 11/141/141
f 11/141/141 81/140/140 80/142/142
f 11/141/141 80/142/142 12/143/143
f 12/143/143 80/142/142 79/144/144
f 12/143/143 79/144/144 13/145/145
f 13/145/145 79/144/144 78/146/146
f 13/145/145 78/146/146 14/147/147
f 14/147/147 78/146/146 77/148/148
f 14/147/147 77/148/148 15/149/149
f 76/119/119 75/150/150 90/121/121
f 90/121/121 75/150/150 89/124/124
f 75/150/150 74/151/151 89/124/124
f 89/124/124 74/151/151 88/126/126
f 74/151/151 73/152/152 88/126/126
f 88/126/126 73/152/152 87/128/128
f 73/152/152 72/153/153 87/128/128
f 87/128/128 72/153/153 86/130/130
f 72/153/153 71/154/154 86/130/130
f 86/130/130 71/154/154 85/132/132
f 71/154/154 70/155/155 85/132/132
f 85/132/132 70/155/155 84/134/134
f 70/155/155 69/156/156 84/134/134
f 84/134/134 69/156/156 83/136/136
f 69/156/156 68/157/157 83/136/136
f 83/136/136 68/157/157 82/138/138
f 68/157/157 67/158/158 82/138/138
f 82/138/138 67/158/158 81/140/140
f 67/158/158 66/159/159 81/140/140
f 81/140/140 66/159/159 80/142/142
f 66/159/159 65/160/160 80/142/142
f 80/142/142 65/160/160 79/144/144
f 65/160/160 64/161/161 79/144/144
f 79/144/144 64/161/161 78/146/146
f 64/161/161 63/162/162 78/146/146
f 78/146/146 63/162/162 77/148/148
g Body2

v 0.000000 215.899998 -121.919998
v 0.000000 205.071578 -121.919998
v 0.000000 194.243157 -121.919998
v 0.000000 183.414736 -121.919998
v 0.000000 172.586315 -121.919998
v 0.000000 161.757894 -121.919998
v 0.000000 150.929473 -121.919998
v 0.000000 140.101052 -121.919998
v 0.000000 129.272631 -121.919998
v 0.000000 118.444210 -121.919998
v 0.000000 107.615790 -121.919998
v 0.000000 96.787369 -121.919998
v 0.000000 85.958948 -121.919998
v 0.000000 75.130527 -121.919998
v 0.000000 64.302106 -121.919998
v 0.000000 53.473685 -121.919998
v 0.000000 42.645264 -121.919998
v 0.000000 31.816843 -121.919998
v 0.000000 20.988422 -121.919998
v 0.000000 10.160002 -121.919998
v -5.080000 10.160002 -121.919998
v -5.080000 20.988422 -121.919998
v -5.080000 31.816843 -121.919998
v -5.080000 42.645264 -121.919998
v -5.080000 53.473685 -121.919998
v -5.080000 64.302106 -121.919998
v -5.080000 75.130527 -121.919998
v -5.080000 85.958948 -121.919998
v -5.080000 96.787369 -121.919998
v -5.080000 107.615790 -121.919998
v -5.080000 118.444210 -121.919998
v -5.080000 129.272631 -121.919998
v -5.080000 140.101052 -121.919998
v -5.080000 150.929473 -121.919998
v -5.080000 161.757894 -121.919998
v -5.080000 172.586315 -121.919998
v -5.080000 183.414736 -121.919998
v -5.080000 194.243157 -121.919998
v -5.080000 205.071578 -121.919998
v -5.080000 215.899998 -121.919998
v 0.000000 215.899998 20.320000
v 0.000000 215.899998 9.378461
v 0.000000 215.899998 -1.563077
v 0.000000 215.899998 -12.504615
v 0.000000 215.899998 -23.446153
v 0.000000 215.899998 -34.387692
v 0.000000 215.899998 -45.329230
v 0.000000 215.899998 -56.270768
v 0.000000 215.899998 -67.212307
v 0.000000 215.899998 -78.153845
v 0.000000 215.899998 -89.095383
v 0.000000 215.899998 -100.036922
v 0.000000 215.899998 -110.978460
v -5.080000 215.899998 -110.978460
v -5.080000 215.899998 -100.036922
v -5.080000 215.899998 -89.095383
v -5.080000 215.899998 -78.153845
v -5.080000 215.899998 -67.212307
v -5.080000 215.899998 -56.270768
v -5.080000 215.899998 -45.329230
v -5.080000 215.899998 -34.387692
v -5.080000 215.899998 -23.446153
v -5.080000 215.899998 -12.504615
v -5.080000 215.899998 -1.563077
v -5.080000 215.899998 9.378461
v -5.080000 215.899998 20.320000
v 0.000000 10.160002 20.320000
v 0.000000 20.988422 20.320000
v 0.000000 31.816843 20.320000
v 0.000000 42.645264 20.320000
v 0.000000 53.473685 20.320000
v 0.000000 64.302106 20.320000
v 0.000000 75.130527 20.320000
v 0.000000 85.958948 20.320000
v 0.000000 96.787369 20.320000
v 0.000000 107.615790 20.320000
v 0.000000 118.444210 20.320000
v 0.000000 129.272631 20.320000
v 0.000000 140.101052 20.320000
v 0.000000 150.929473 20.320000
v 0.000000 161.757894 20.320000
v 0.000000 172.586315 20.320000
v 0.000000 183.414736 20.320000
v 0.000000 194.243157 20.320000
v 0.000000 205.071578 20.320000
v -5.080000 205.071578 20.320000
v -5.080000 194.243157 20.320000
v -5.080000 183.414736 20.320000
v -5.080000 172.586315 20.320000
v -5.080000 161.757894 20.320000
v -5.080000 150.929473 20.320000
v -5.080000 140.101052 20.320000
v -5.080000 129.272631 20.320000
v -5.080000 118.444210 20.320000
v -5.080000 107.615790 20.320000
v -5.080000 96.787369 20.320000
v -5.080000 85.958948 20.320000
v -5.080000 75.130527 20.320000
v -5.080000 64.302106 20.320000
v -5.080000 53.473685 20.320000
v -5.080000 42.645264 20.320000
v -5.080000 31.816843 20.320000
v -5.080000 20.988422 20.320000
v -5.080000 10.160002 20.320000
v 0.000000 10.160002 -110.978460
v 0.000000 10.160002 -100.036922
v 0.000000 10.160002 -89.095383
v 0.000000 10.160002 -78.153845
v 0.000000 10.160002 -67.212307
v 0.000000 10.160002 -56.270768
v 0.000000 10.160002 -45.329230
v 0.000000 10.160002 -34.387692
v 0.000000 10.160002 -23.446153
v 0.000000 10.160002 -12.504615
v 0.000000 10.160002 -1.563077
v 0.000000 10.160002 9.378461
v -5.080000 10.160002 9.378461
v -5.080000 10.160002 -1.563077
v -5.080000 10.160002 -12.504615
v -5.080000 10.160002 -23.446153
v -5.080000 10.160002 -34.387692
v -5.080000 10.160002 -45.329230
v -5.080000 10.160002 -56.270768
v -5.080000 10.160002 -67.212307
v -5.080000 10.160002 -78.153845
v -5.080000 10.160002 -89.095383
v -5.080000 10.160002 -100.036922
v -5.080000 10.160002 -110.978460
v -5.080000 20.988422 9.378461
v -5.080000 20.988422 -1.563077
v -5.080000 20.988422 -12.504615
v -5.080000 20.988422 -23.446153
v -5.080000 20.988422 -34.387692
v -5.080000 20.988422 -45.329230
v -5.080000 20.988422 -56.270768
v -5.080000 20.988422 -67.212307
v -5.080000 20.988422 -78.153845
v -5.080000 20.988422 -89.095383
v -5.080000 20.988422 -100.036922
v -5.080000 20.988422 -110.978460
v -5.080000 31.816843 9.378461
v -5.080000 31.816843 -1.563077
v -5.080000 31.816843 -12.504615
v -5.080000 31.816843 -23.446153
v -5.080000 31.816843 -34.387692
v -5.080000 31.816843 -45.329230
v -5.080000 31.816843 -56.270768
v -5.080000 31.816843 -67.212307
v -5.080000 31.816843 -78.153845
v -5.080000 31.816843 -89.095383
v -5.080000 31.816843 -100.036922
v -5.080000 31.816843 -110.978460
v -5.080000 42.645264 9.378461
v -5.080000 42.645264 -1.563077
v -5.080000 42.645264 -12.504615
v -5.080000 42.645264 -23.446153
v -5.080000 42.645264 -34.387692
v -5.080000 42.645264 -45.329230
v -5.080000 42.645264 -56.270768
v -5.080000 42.645264 -67.212307
v -5.080000 42.645264 -78.153845
v -5.080000 42.645264 -89.095383
v -5.080000 42.645264 -100.036922
v -5.080000 42.645264 -110.978460
v -5.080000 53.473685 9.378461
v -5.080000 53.473685 -1.563077
v -5.080000 53.473685 -12.504615
v -5.080000 53.473685 -23.446153
v -5.080000 53.473685 -34.387692
v -5.080000 53.473685 -45.329230
v -5.080000 53.473685 -56.270768
v -5.080000 53.473685 -67.212307
v -5.080000 53.473685 -78.153845
v -5.080000 53.473685 -89.095383
v -5.080000 53.473685 -100.036922
v -5.080000 53.473685 -110.978460
v -5.080000 64.302106 9.378461
v -5.080000 64.302106 -1.563077
v -5.080000 64.302106 -12.504615
v -5.080000 64.302106 -23.446153
v -5.080000 64.302106 -34.387692
v -5.080000 64.302106 -45.329230
v -5.080000 64.302106 -56.270768
v -5.080000 64.302106 -67.212307
v -5.080000 64.302106 -78.153845
v -5.080000 64.302106 -89.095383
v -5.080000 64.302106 -100.036922
v -5.080000 64.302106 -110.978460
v -5.080000 75.130527 9.378461
v -5.080000 75.130527 -1.563077
v -5.080000 75.130527 -12.504615
v -5.080000 75.130527 -23.446153
v -5.080000 75.130527 -34.387692
v -5.080000 75.130527 -45.329230
v -5.080000 75.130527 -56.270768
v -5.080000 75.130527 -67.212307
v -5.080000 75.130527 -78.153845
v -5.080000 75.130527 -89.095383
v -5.080000 75.130527 -100.036922
v -5.080000 75.130527 -110.978460
v -5.080000 85.958948 9.378461
v -5.080000 85.958948 -1.563077
v -5.080000 85.958948 -12.504615
v -5.080000 85.958948 -23.446153
v -5.080000 85.958948 -34.387692
v -5.080000 85.958948 -45.329230
v -5.080000 85.958948 -56.270768
v -5.080000 85.958948 -67.212307
v -5.080000 85.958948 -78.153845
v -5.080000 85.958948 -89.095383
v -5.080000 85.958948 -100.036922
v -5.080000 85.958948 -110.978460
v -5.080000 96.787369 9.378461
v -5.080000 96.787369 -1.563077
v -5.080000 96.787369 -12.504615
v -5.080000 96.787369 -23.446153
v -5.080000 96.787369 -34.387692
v -5.080000 96.787369 -45.329230
v -5.080000 96.787369 -56.270768
v -5.080000 96.787369 -67.212307
v -5.080000 96.787369 -78.153845
v -5.080000 96.787369 -89.095383
v -5.080000 96.787369 -100.036922
v -5.080000 96.787369 -110.978460
v -5.080000 107.615790 9.378461
v -5.080000 107.615790 -1.563077
v -5.080000 107.615790 -12.504615
v -5.080000 107.615790 -23.446153
v -5.080000 107.615790 -34.387692
v -5.080000 107.615790 -45.329230
v -5.080000 107.615790 -56.270768
v -5.080000 107.615790 -67.212307
v -5.080000 107.615790 -78.153845
v -5.080000 107.615790 -89.095383
v -5.080000 107.615790 -100.036922
v -5.080000 107.615790 -110.978460
v -5.080000 118.444210 9.378461
v -5.080000 118.444210 -1.563077
v -5.080000 118.444210 -12.504615
v -5.080000 118.444210 -23.446153
v -5.080000 118.444210 -34.387692
v -5.080000 118.444210 -45.329230
v -5.080000 118.444210 -56.270768
v -5.080000 118.444210 -67.212307
v -5.080000 118.444210 -78.153845
v -5.080000 118.444210 -89.095383
v -5.080000 118.444210 -100.036922
v -5.080000 118.444210 -110.978460
v -5.080000 129.272631 9.378461
v -5.080000 129.272631 -1.563077
v -5.080000 129.272631 -12.504615
v -5.080000 129.272631 -23.446153
v -5.080000 129.272631 -34.387692
v -5.080000 129.272631 -45.329230
v -5.080000 129.272631 -56.270768
v -5.080000 129.272631 -67.212307
v -5.080000 129.272631 -78.153845
v -5.080000 129.272631 -89.095383
v -5.080000 129.272631 -100.036922
v -5.080000 129.272631 -110.978460
v -5.080000 140.101052 9.378461
v -5.080000 140.101052 -1.563077
v -5.080000 140.101052 -12.504615
v -5.080000 140.101052 -23.446153
v -5.080000 140.101052 -34.387692
v -5.080000 140.101052 -45.329230
v -5.080000 140.101052 -56.270768
v -5.080000 140.101052 -67.212307
v -5.080000 140.101052 -78.153845
v -5.080000 140.101052 -89.095383
v -5.080000 140.101052 -100.036922
v -5.080000 140.101052 -110.978460
v -5.080000 150.929473 9.378461
v -5.080000 150.929473 -1.563077
v -5.080000 150.929473 -12.504615
v -5.080000 150.929473 -23.446153
v -5.080000 150.929473 -34.387692
v -5.080000 150.929473 -45.329230
v -5.080000 150.929473 -56.270768
v -5.080000 150.929473 -67.212307
v -5.080000 150.929473 -78.153845
v -5.080000 150.929473 -89.095383
v -5.080000 150.929473 -100.036922
v -5.080000 150.929473 -110.978460
v -5.080000 161.757894 9.378461
v -5.080000 161.757894 -1.563077
v -5.080000 161.757894 -12.504615
v -5.080000 161.757894 -23.446153
v -5.080000 161.757894 -34.387692
v -5.080000 161.757894 -45.329230
v -5.080000 161.757894 -56.270768
v -5.080000 161.757894 -67.212307
v -5.080000 161.757894 -78.153845
v -5.080000 161.757894 -89.095383
v -5.080000 161.757894 -100.036922
v -5.080000 161.757894 -110.978460
v -5.080000 172.586315 9.378461
v -5.080000 172.586315 -1.563077
v -5.080000 172.586315 -12.504615
v -5.080000 172.586315 -23.446153
v -5.080000 172.586315 -34.387692
v -5.080000 172.586315 -45.329230
v -5.080000 172.586315 -56.270768
v -5.080000 172.586315 -67.212307
v -5.080000 172.586315 -78.153845
v -5.080000 172.586315 -89.095383
v -5.080000 172.586315 -100.036922
v -5.080000 172.586315 -110.978460
v -5.080000 183.414736 9.378461
v -5.080000 183.414736 -1.563077
v -5.080000 183.414736 -12.504615
v -5.080000 183.414736 -23.446153
v -5.080000 183.414736 -34.387692
v -5.080000 183.414736 -45.329230
v -5.080000 183.414736 -56.270768
v -5.080000 183.414736 -67.212307
v -5.080000 183.414736 -78.153845
v -5.080000 183.414736 -89.095383
v -5.080000 183.414736 -100.036922
v -5.080000 183.414736 -110.978460
v -5.080000 194.243157 9.378461
v -5.080000 194.243157 -1.563077
v -5.080000 194.243157 -12.504615
v -5.080000 194.243157 -23.446153
v -5.080000 194.243157 -34.387692
v -5.080000 194.243157 -45.329230
v -5.080000 194.243157 -56.270768
v -5.080000 194.243157 -67.212307
v -5.080000 194.243157 -78.153845
v -5.080000 194.243157 -89.095383
v -5.080000 194.243157 -100.036922
v -5.080000 194.243157 -110.978460
v -5.080000 205.071578 9.378461
v -5.080000 205.071578 -1.563077
v -5.080000 205.071578 -12.504615
v -5.080000 205.071578 -23.446153
v -5.080000 205.071578 -34.387692
v -5.080000 205.071578 -45.329230
v -5.080000 205.071578 -56.270768
v -5.080000 205.071578 -67.212307
v -5.080000 205.071578 -78.153845
v -5.080000 205.071578 -89.095383
v -5.080000 205.071578 -100.036922
v -5.080000 205.071578 -110.978460
v 0.000000 20.988422 -110.978460
v 0.000000 20.988422 -100.036922
v 0.000000 20.988422 -89.095383
v 0.000000 20.988422 -78.153845
v 0.000000 20.988422 -67.212307
v 0.000000 20.988422 -56.270768
v 0.000000 20.988422 -45.329230
v 0.000000 20.988422 -34.387692
v 0.000000 20.988422 -23.446153
v 0.000000 20.988422 -12.504615
v 0.000000 20.988422 -1.563077
v 0.000000 20.988422 9.378461
v 0.000000 31.816843 -110.978460
v 0.000000 31.816843 -100.036922
v 0.000000 31.816843 -89.095383
v 0.000000 31.816843 -78.153845
v 0.000000 31.816843 -67.212307
v 0.000000 31.816843 -56.270768
v 0.000000 31.816843 -45.329230
v 0.000000 31.816843 -34.387692
v 0.000000 31.816843 -23.446153
v 0.000000 31.816843 -12.504615
v 0.000000 31.816843 -1.563077
v 0.000000 31.816843 9.378461
v 0.000000 42.645264 -110.978460
v 0.000000 42.645264 -100.036922
v 0.000000 42.645264 -89.095383
v 0.000000 42.645264 -78.153845
v 0.000000 42.645264 -67.212307
v 0.000000 42.645264 -56.270768
v 0.000000 42.645264 -45.329230
v 0.000000 42.645264 -34.387692
v 0.000000 42.645264 -23.446153
v 0.000000 42.645264 -12.504615
v 0.000000 42.645264 -1.563077
v 0.000000 42.645264 9.378461
v 0.000000 53.473685 -110.978460
v 0.000000 53.473685 -100.036922
v 0.000000 53.473685 -89.095383
v 0.000000 53.473685 -78.153845
v 0.000000 53.473685 -67.212307
v 0.000000 53.473685 -56.270768
v 0.000000 53.473685 -45.329230
v 0.000000 53.473685 -34.387692
v 0.000000 53.473685 -23.446153
v 0.000000 53.473685 -12.504615
v 0.000000 53.473685 -1.563077
v 0.000000 53.473685 9.378461
v 0.000000 64.302106 -110.978460
v 0.000000 64.302106 -100.036922
v 0.000000 64.302106 -89.095383
v 0.000000 64.302106 -78.153845
v 0.000000 64.302106 -67.212307
v 0.000000 64.302106 -56.270768
v 0.000000 64.302106 -45.329230
v 0.000000 64.302106 -34.387692
v 0.000000 64.302106 -23.446153
v 0.000000 64.302106 -12.504615
v 0.000000 64.302106 -1.563077
v 0.000000 64.302106 9.378461
v 0.000000 75.130527 -110.978460
v 0.000000 75.130527 -100.036922
v 0.000000 75.130527 -89.095383
v 0.000000 75.130527 -78.153845
v 0.000000 75.130527 -67.212307
v 0.000000 75.130527 -56.270768
v 0.000000 75.130527 -45.329230
v 0.000000 75.130527 -34.387692
v 0.000000 75.130527 -23.446153
v 0.000000 75.130527 -12.504615
v 0.000000 75.130527 -1.563077
v 0.000000 75.130527 9.378461
v 0.000000 85.958948 -110.978460
v 0.000000 85.958948 -100.036922
v 0.000000 85.958948 -89.095383
v 0.000000 85.958948 -78.153845
v 0.000000 85.958948 -67.212307
v 0.000000 85.958948 -56.270768
v 0.000000 85.958948 -45.329230
v 0.000000 85.958948 -34.387692
v 0.000000 85.958948 -23.446153
v 0.000000 85.958948 -12.504615
v 0.000000 85.958948 -1.563077
v 0.000000 85.958948 9.378461
v 0.000000 96.787369 -110.978460
v 0.000000 96.787369 -100.036922
v 0.000000 96.787369 -89.095383
v 0.000000 96.787369 -78.153845
v 0.000000 96.787369 -67.212307
v 0.000000 96.787369 -56.270768
v 0.000000 96.787369 -45.329230
v 0.000000 96.787369 -34.387692
v 0.000000 96.787369 -23.446153
v 0.000000 96.787369 -12.504615
v 0.000000 96.787369 -1.563077
v 0.000000 96.787369 9.378461
v 0.000000 107.615790 -110.978460
v 0.000000 107.615790 -100.036922
v 0.000000 107.615790 -89.095383
v 0.000000 107.615790 -78.153845
v 0.000000 107.615790 -67.212307
v 0.000000 107.615790 -56.270768
v 0.000000 107.615790 -45.329230
v 0.000000 107.615790 -34.387692
v 0.000000 107.615790 -23.446153
v 0.000000 107.615790 -12.504615
v 0.000000 107.615790 -1.563077
v 0.000000 107.615790 9.378461
v 0.000000 118.444210 -110.978460
v 0.000000 118.444210 -100.036922
v 0.000000 118.444210 -89.095383
v 0.000000 118.444210 -78.153845
v 0.000000 118.444210 -67.212307
v 0.000000 118.444210 -56.270768
v 0.000000 118.444210 -45.329230
v 0.000000 118.444210 -34.387692
v 0.000000 118.444210 -23.446153
v 0.000000 118.444210 -12.504615
v 0.000000 118.444210 -1.563077
v 0.000000 118.444210 9.378461
v 0.000000 129.272631 -110.978460
v 0.000000 129.272631 -100.036922
v 0.000000 129.272631 -89.095383
v 0.000000 129.272631 -78.153845
v 0.000000 129.272631 -67.212307
v 0.000000 129.272631 -56.270768
v 0.000000 129.272631 -45.329230
v 0.000000 129.272631 -34.387692
v 0.000000 129.272631 -23.446153
v 0.000000 129.272631 -12.504615
v 0.000000 129.272631 -1.563077
v 0.000000 129.272631 9.378461
v 0.000000 140.101052 -110.978460
v 0.000000 140.101052 -100.036922
v 0.000000 140.101052 -89.095383
v 0.000000 140.101052 -78.153845
v 0.000000 140.101052 -67.212307
v 0.000000 140.101052 -56.270768
v 0.000000 140.101052 -45.329230
v 0.000000 140.101052 -34.387692
v 0.000000 140.101052 -23.446153
v 0.000000 140.101052 -12.504615
v 0.000000 140.101052 -1.563077
v 0.000000 140.101052 9.378461
v 0.000000 150.929473 -110.978460
v 0.000000 150.929473 -100.036922
v 0.000000 150.929473 -89.095383
v 0.000000 150.929473 -78.153845
v 0.000000 150.929473 -67.212307
v 0.000000 150.929473 -56.270768
v 0.000000 150.929473 -45.329230
v 0.000000 150.929473 -34.387692
v 0.000000 150.929473 -23.446153
v 0.000000 150.929473 -12.504615
v 0.000000 150.929473 -1.563077
v 0.000000 150.929473 9.378461
v 0.000000 161.757894 -110.978460
v 0.000000 161.757894 -100.036922
v 0.000000 161.757894 -89.095383
v 0.000000 161.757894 -78.153845
v 0.000000 161.757894 -67.212307
v 0.000000 161.757894 -56.270768
v 0.000000 161.757894 -45.329230
v 0.000000 161.757894 -34.387692
v 0.000000 161.757894 -23.446153
v 0.000000 161.757894 -12.504615
v 0.000000 161.757894 -1.563077
v 0.000000 161.757894 9.378461
v 0.000000 172.586315 -110.978460
v 0.000000 172.586315 -100.036922
v 0.000000 172.586315 -89.095383
v 0.000000 172.586315 -78.153845
v 0.000000 172.586315 -67.212307
v 0.000000 172.586315 -56.270768
v 0.000000 172.586315 -45.329230
v 0.000000 172.586315 -34.387692
v 0.000000 172.586315 -23.446153
v 0.000000 172.586315 -12.504615
v 0.000000 172.586315 -1.563077
v 0.000000 172.586315 9.378461
v 0.000000 183.414736 -110.978460
v 0.000000 183.414736 -100.036922
v 0.000000 183.414736 -89.095383
v 0.000000 183.414736 -78.153845
v 0.000000 183.414736 -67.212307
v 0.000000 183.414736 -56.270768
v 0.000000 183.414736 -45.329230
v 0.000000 183.414736 -34.387692
v 0.000000 183.414736 -23.446153
v 0.000000 183.414736 -12.504615
v 0.000000 183.414736 -1.563077
v 0.000000 183.414736 9.378461
v 0.000000 194.243157 -110.978460
v 0.000000 194.243157 -100.036922
v 0.000000 194.243157 -89.095383
v 0.000000 194.243157 -78.153845
v 0.000000 194.243157 -67.212307
v 0.000000 194.243157 -56.270768
v 0.000000 194.243157 -45.329230
v 0.000000 194.243157 -34.387692
v 0.000000 194.243157 -23.446153
v 0.000000 194.243157 -12.504615
v 0.000000 194.243157 -1.563077
v 0.000000 194.243157 9.378461
v 0.000000 205.071578 -110.978460
v 0.000000 205.071578 -100.036922
v 0.000000 205.071578 -89.095383
v 0.000000 205.071578 -78.153845
v 0.000000 205.071578 -67.212307
v 0.000000 205.071578 -56.270768
v 0.000000 205.071578 -45.329230
v 0.000000 205.071578 -34.387692
v 0.000000 205.071578 -23.446153
v 0.000000 205.071578 -12.504615
v 0.000000 205.071578 -1.563077
v 0.000000 205.071578 9.378461
vt -0.000000 0.000000 0.000000
vt 10.828421 0.000000 0.000000
vt 0.000000 5.080000 0.000000
vt 10.828421 5.080000 0.000000
vt 21.656842 0.000000 0.000000
vt 21.656842 5.080000 0.000000
vt 32.485263 0.000000 0.000000
vt 32.485263 5.080000 0.000000
vt 43.313684 0.000000 0.000000
vt 43.313684 5.080000 0.000000
vt 54.142104 0.000000 0.000000
vt 54.142104 5.080000 0.000000
vt 64.970525 0.000000 0.000000
vt 64.970525 5.080000 0.000000
vt 75.798946 0.000000 0.000000
vt 75.798946 5.080000 0.000000
vt 86.627367 0.000000 0.000000
vt 86.627367 5.080000 0.000000
vt 97.455788 0.000000 0.000000
vt 97.455788 5.080000 0.000000
vt 108.284209 0.000000 0.000000
vt 108.284209 5.080000 0.000000
vt 119.112630 0.000000 0.000000
vt 119.112630 5.080000 0.000000
vt 129.941051 0.000000 0.000000
vt 129.941051 5.080000 0.000000
vt 140.769472 0.000000 0.000000
vt 140.769472 5.080000 0.000000
vt 151.597892 0.000000 0.000000
vt 151.597892 5.080000 0.000000
vt 162.426313 0.000000 0.000000
vt 162.426313 5.080000 0.000000
vt 173.254734 0.000000 0.000000
vt 173.254734 5.080000 0.000000
vt 184.083155 0.000000 0.000000
vt 184.083155 5.080000 0.000000
vt 194.911576 0.000000 0.000000
vt 194.911576 5.080000 0.000000
vt 205.739997 0.000000 0.000000
vt 205.739997 5.080000 0.000000
vt -0.000000 0.000000 0.000000
vt 10.941538 0.000000 0.000000
vt 0.000000 5.080000 0.000000
vt 10.941538 5.080000 0.000000
vt 21.883077 0.000000 0.000000
vt 21.883077 5.080000 0.000000
vt 32.824615 0.000000 0.000000
vt 32.824615 5.080000 0.000000
vt 43.766153 0.000000 0.000000
vt 43.766153 5.080000 0.000000
vt 54.707691 0.000000 0.000000
vt 54.707691 5.080000 0.000000
vt 65.649230 0.000000 0.000000
vt 65.649230 5.080000 0.000000
vt 76.590768 0.000000 0.000000
vt 76.590768 5.080000 0.000000
vt 87.532306 0.000000 0.000000
vt 87.532306 5.080000 0.000000
vt 98.473845 0.000000 0.000000
vt 98.473845 5.080000 0.000000
vt 109.415383 0.000000 0.000000
vt 109.415383 5.080000 0.000000
vt 120.356921 0.000000 0.000000
vt 120.356921 5.080000 0.000000
vt 131.298460 0.000000 0.000000
vt 131.298460 5.080000 0.000000
vt 142.239998 0.000000 0.000000
vt 142.239998 5.080000 0.000000
vt 0.000000 0.000000 0.000000
vt 10.828421 0.000000 0.000000
vt 0.000000 5.080000 0.000000
vt 10.828421 5.080000 0.000000
vt 21.656842 0.000000 0.000000
vt 21.656842 5.080000 0.000000
vt 32.485263 0.000000 0.000000
vt 32.485263 5.080000 0.000000
vt 43.313684 0.000000 0.000000
vt 43.313684 5.080000 0.000000
vt 54.142104 0.000000 0.000000
vt 54.142104 5.080000 0.000000
vt 64.970525 0.000000 0.000000
vt 64.970525 5.080000 0.000000
vt 75.798946 0.000000 0.000000
vt 75.798946 5.080000 0.000000
vt 86.627367 0.000000 0.000000
vt 86.627367 5.080000 0.000000
vt 97.455788 0.000000 0.000000
vt 97.455788 5.080000 0.000000
vt 108.284209 0.000000 0.000000
vt 108.284209 5.080000 0.000000
vt 119.112630 0.000000 0.000000
vt 119.112630 5.080000 0.000000
vt 129.941051 0.000000 0.000000
vt 129.941051 5.080000 0.000000
vt 140.769472 0.000000 0.000000
vt 140.769472 5.080000 0.000000
vt 151.597892 0.000000 0.000000
vt 151.597892 5.080000 0.000000
vt 162.426313 0.000000 0.000000
vt 162.426313 5.080000 0.000000
vt 173.254734 0.000000 0.000000
vt 173.254734 5.080000 0.000000
vt 184.083155 0.000000 0.000000
vt 184.083155 5.080000 0.000000
vt 194.911576 0.000000 0.000000
vt 194.911576 5.080000 0.000000
vt 205.739997 0.000000 0.000000
vt 205.739997 5.080000 0.000000
vt 0.000000 0.000000 0.000000
vt 10.941538 0.000000 0.000000
vt 0.000000 5.080000 0.000000
vt 10.941538 5.080000 0.000000
vt 21.883077 0.000000 0.000000
vt 21.883077 5.080000 0.000000
vt 32.824615 0.000000 0.000000
vt 32.824615 5.080000 0.000000
vt 43.766153 0.000000 0.000000
vt 43.766153 5.080000 0.000000
vt 54.707691 0.000000 0.000000
vt 54.707691 5.080000 0.000000
vt 65.649230 0.000000 0.000000
vt 65.649230 5.080000 0.000000
vt 76.590768 0.000000 0.000000
vt 76.590768 5.080000 0.000000
vt 87.532306 0.000000 0.000000
vt 87.532306 5.080000 0.000000
vt 98.473845 0.000000 0.000000
vt 98.473845 5.080000 0.000000
vt 109.415383 0.000000 0.000000
vt 109.415383 5.080000 0.000000
vt 120.356921 0.000000 0.000000
vt 120.356921 5.080000 0.000000
vt 131.298460 0.000000 0.000000
vt 131.298460 5.080000 0.000000
vt 142.239998 0.000000 0.000000
vt 142.239998 5.080000 0.000000
vt -71.119999 -102.869998 0.000000
vt -60.178461 -102.869998 0.000000
vt -71.119999 -92.041578 0.000000
vt -60.178461 -92.041578 0.000000
vt -71.119999 -81.213157 0.000000
vt -60.178461 -81.213157 0.000000
vt -71.119999 -70.384736 0.000000
vt -60.178461 -70.384736 0.000000
vt -71.119999 -59.556315 0.000000
vt -60.178461 -59.556315 0.000000
vt -71.119999 -48.727894 0.000000
vt -60.178461 -48.727894 0.000000
vt -71.119999 -37.899473 0.000000
vt -60.178461 -37.899473 0.000000
vt -71.119999 -27.071052 0.000000
vt -60.178461 -27.071052 0.000000
vt -71.119999 -16.242631 0.000000
vt -60.178461 -16.242631 0.000000
vt -71.119999 -5.414210 0.000000
vt -60.178461 -5.414210 0.000000
vt -71.119999 5.414210 0.000000
vt -60.178461 5.414210 0.000000
vt -71.119999 16.242631 0.000000
vt -60.178461 16.242631 0.000000
vt -71.119999 27.071052 0.000000
vt -60.178461 27.071052 0.000000
vt -71.119999 37.899473 0.000000
vt -60.178461 37.899473 0.000000
vt -71.119999 48.727894 0.000000
vt -60.178461 48.727894 0.000000
vt -71.119999 59.556315 0.000000
vt -60.178461 59.556315 0.000000
vt -71.119999 70.384736 0.000000
vt -60.178461 70.384736 0.000000
vt -71.119999 81.213157 0.000000
vt -60.178461 81.213157 0.000000
vt -71.119999 92.041578 0.000000
vt -60.178461 92.041578 0.000000
vt -71.119999 102.869998 0.000000
vt -60.178461 102.869998 0.000000
vt -49.236922 92.041578 0.000000
vt -49.236922 102.869998 0.000000
vt -38.295384 92.041578 0.000000
vt -38.295384 102.869998 0.000000
vt -27.353846 92.041578 0.000000
vt -27.353846 102.869998 0.000000
vt -16.412307 92.041578 0.000000
vt -16.412307 102.869998 0.000000
vt -5.470769 92.041578 0.000000
vt -5.470769 102.869998 0.000000
vt 5.470769 92.041578 0.000000
vt 5.470769 102.869998 0.000000
vt 16.412307 92.041578 0.000000
vt 16.412307 102.869998 0.000000
vt 27.353846 92.041578 0.000000
vt 27.353846 102.869998 0.000000
vt 38.295384 92.041578 0.000000
vt 38.295384 102.869998 0.000000
vt 49.236922 92.041578 0.000000
vt 49.236922 102.869998 0.000000
vt 60.178461 92.041578 0.000000
vt 60.178461 102.869998 0.000000
vt 71.119999 92.041578 0.000000
vt 71.119999 102.869998 0.000000
vt -49.236922 -102.869998 0.000000
vt -49.236922 -92.041578 0.000000
vt -49.236922 -81.213157 0.000000
vt -49.236922 -70.384736 0.000000
vt -49.236922 -59.556315 0.000000
vt -49.236922 -48.727894 0.000000
vt -49.236922 -37.899473 0.000000
vt -49.236922 -27.071052 0.000000
vt -49.236922 -16.242631 0.000000
vt -49.236922 -5.414210 0.000000
vt -49.236922 5.414210 0.000000
vt -49.236922 16.242631 0.000000
vt -49.236922 27.071052 0.000000
vt -49.236922 37.899473 0.000000
vt -49.236922 48.727894 0.000000
vt -49.236922 59.556315 0.000000
vt -49.236922 70.384736 0.000000
vt -49.236922 81.213157 0.000000
vt -38.295384 -102.869998 0.000000
vt -38.295384 -92.041578 0.000000
vt -38.295384 -81.213157 0.000000
vt -38.295384 -70.384736 0.000000
vt -38.295384 -59.556315 0.000000
vt -38.295384 -48.727894 0.000000
vt -38.295384 -37.899473 0.000000
vt -38.295384 -27.071052 0.000000
vt -38.295384 -16.242631 0.000000
vt -38.295384 -5.414210 0.000000
vt -38.295384 5.414210 0.000000
vt -38.295384 16.242631 0.000000
vt -38.295384 27.071052 0.000000
vt -38.295384 37.899473 0.000000
vt -38.295384 48.727894 0.000000
vt -38.295384 59.556315 0.000000
vt -38.295384 70.384736 0.000000
vt -38.295384 81.213157 0.000000
vt -27.353846 -102.869998 0.000000
vt -27.353846 -92.041578 0.000000
vt -27.353846 -81.213157 0.000000
vt -27.353846 -70.384736 0.000000
vt -27.353846 -59.556315 0.000000
vt -27.353846 -48.727894 0.000000
vt -27.353846 -37.899473 0.000000
vt -27.353846 -27.071052 0.000000
vt -27.353846 -16.242631 0.000000
vt -27.353846 -5.414210 0.000000
vt -27.353846 5.414210 0.000000
vt -27.353846 16.242631 0.000000
vt -27.353846 27.071052 0.000000
vt -27.353846 37.899473 0.000000
vt -27.353846 48.727894 0.000000
vt -27.353846 59.556315 0.000000
vt -27.353846 70.384736 0.000000
vt -27.353846 81.213157 0.000000
vt -16.412307 -102.869998 0.000000
vt -16.412307 -92.041578 0.000000
vt -16.412307 -81.213157 0.000000
vt -16.412307 -70.384736 0.000000
vt -16.412307 -59.556315 0.000000
vt -16.412307 -48.727894 0.000000
vt -16.412307 -37.899473 0.000000
vt -16.412307 -27.071052 0.000000
vt -16.412307 -16.242631 0.000000
vt -16.412307 -5.414210 0.000000
vt -16.412307 5.414210 0.000000
vt -16.412307 16.242631 0.000000
vt -16.412307 27.071052 0.000000
vt -16.412307 37.899473 0.000000
vt -16.412307 48.727894 0.000000
vt -16.412307 59.556315 0.000000
vt -16.412307 70.384736 0.000000
vt -16.412307 81.213157 0.000000
vt -5.470769 -102.869998 0.000000
vt -5.470769 -92.041578 0.000000
vt -5.470769 -81.213157 0.000000
vt -5.470769 -70.384736 0.000000
vt -5.470769 -59.556315 0.000000
vt -5.470769 -48.727894 0.000000
vt -5.470769 -37.899473 0.000000
vt -5.470769 -27.071052 0.000000
vt -5.470769 -16.242631 0.000000
vt -5.470769 -5.414210 0.000000
vt -5.470769 5.414210 0.000000
vt -5.470769 16.242631 0.000000
vt -5.470769 27.071052 0.000000
vt -5.470769 37.899473 0.000000
vt -5.470769 48.727894 0.000000
vt -5.470769 59.556315 0.000000
vt -5.470769 70.384736 0.000000
vt -5.470769 81.213157 0.000000
vt 5.470769 -102.869998 0.000000
vt 5.470769 -92.041578 0.000000
vt 5.470769 -81.213157 0.000000
vt 5.470769 -70.384736 0.000000
vt 5.470769 -59.556315 0.000000
vt 5.470769 -48.727894 0.000000
vt 5.470769 -37.899473 0.000000
vt 5.470769 -27.071052 0.000000
vt 5.470769 -16.242631 0.000000
vt 5.470769 -5.414210 0.000000
vt 5.470769 5.414210 0.000000
vt 5.470769 16.242631 0.000000
vt 5.470769 27.071052 0.000000
vt 5.470769 37.899473 0.000000
vt 5.470769 48.727894 0.000000
vt 5.470769 59.556315 0.000000
vt 5.470769 70.384736 0.000000
vt 5.470769 81.213157 0.000000
vt 16.412307 -102.869998 0.000000
vt 16.412307 -92.041578 0.000000
vt 16.412307 -81.213157 0.000000
vt 16.412307 -70.384736 0.000000
vt 16.412307 -59.556315 0.000000
vt 16.412307 -48.727894 0.000000
vt 16.412307 -37.899473 0.000000
vt 16.412307 -27.071052 0.000000
vt 16.412307 -16.242631 0.000000
vt 16.412307 -5.414210 0.000000
vt 16.412307 5.414210 0.000000
vt 16.412307 16.242631 0.000000
vt 16.412307 27.071052 0.000000
vt 16.412307 37.899473 0.000000
vt 16.412307 48.727894 0.000000
vt 16.412307 59.556315 0.000000
vt 16.412307 70.384736 0.000000
vt 16.412307 81.213157 0.000000
vt 27.353846 -102.869998 0.000000
vt 27.353846 -92.041578 0.000000
vt 27.353846 -81.213157 0.000000
vt 27.353846 -70.384736 0.000000
vt 27.353846 -59.556315 0.000000
vt 27.353846 -48.727894 0.000000
vt 27.353846 -37.899473 0.000000
vt 27.353846 -27.071052 0.000000
vt 27.353846 -16.242631 0.000000
vt 27.353846 -5.414210 0.000000
vt 27.353846 5.414210 0.000000
vt 27.353846 16.242631 0.000000
vt 27.353846 27.071052 0.000000
vt 27.353846 37.899473 0.000000
vt 27.353846 48.727894 0.000000
vt 27.353846 59.556315 0.000000
vt 27.353846 70.384736 0.000000
vt 27.353846 81.213157 0.000000
vt 38.295384 -102.869998 0.000000
vt 38.295384 -92.041578 0.000000
vt 38.295384 -81.213157 0.000000
vt 38.295384 -70.384736 0.000000
vt 38.295384 -59.556315 0.000000
vt 38.295384 -48.727894 0.000000
vt 38.295384 -37.899473 0.000000
vt 38.295384 -27.071052 0.000000
vt 38.295384 -16.242631 0.000000
vt 38.295384 -5.414210 0.000000
vt 38.295384 5.414210 0.000000
vt 38.295384 16.242631 0.000000
vt 38.295384 27.071052 0.000000
vt 38.295384 37.899473 0.000000
vt 38.295384 48.727894 0.000000
vt 38.295384 59.556315 0.000000
vt 38.295384 70.384736 0.000000
vt 38.295384 81.213157 0.000000
vt 49.236922 -102.869998 0.000000
vt 49.236922 -92.041578 0.000000
vt 49.236922 -81.213157 0.000000
vt 49.236922 -70.384736 0.000000
vt 49.236922 -59.556315 0.000000
vt 49.236922 -48.727894 0.000000
vt 49.236922 -37.899473 0.000000
vt 49.236922 -27.071052 0.000000
vt 49.236922 -16.242631 0.000000
vt 49.236922 -5.414210 0.000000
vt 49.236922 5.414210 0.000000
vt 49.236922 16.242631 0.000000
vt 49.236922 27.071052 0.000000
vt 49.236922 37.899473 0.000000
vt 49.236922 48.727894 0.000000
vt 49.236922 59.556315 0.000000
vt 49.236922 70.384736 0.000000
vt 49.236922 81.213157 0.000000
vt 60.178461 -102.869998 0.000000
vt 60.178461 -92.041578 0.000000
vt 60.178461 -81.213157 0.000000
vt 60.178461 -70.384736 0.000000
vt 60.178461 -59.556315 0.000000
vt 60.178461 -48.727894 0.000000
vt 60.178461 -37.899473 0.000000
vt 60.178461 -27.071052 0.000000
vt 60.178461 -16.242631 0.000000
vt 60.178461 -5.414210 0.000000
vt 60.178461 5.414210 0.000000
vt 60.178461 16.242631 0.000000
vt 60.178461 27.071052 0.000000
vt 60.178461 37.899473 0.000000
vt 60.178461 48.727894 0.000000
vt 60.178461 59.556315 0.000000
vt 60.178461 70.384736 0.000000
vt 60.178461 81.213157 0.000000
vt 71.119999 -102.869998 0.000000
vt 71.119999 -92.041578 0.000000
vt 71.119999 -81.213157 0.000000
vt 71.119999 -70.384736 0.000000
vt 71.119999 -59.556315 0.000000
vt 71.119999 -48.727894 0.000000
vt 71.119999 -37.899473 0.000000
vt 71.119999 -27.071052 0.000000
vt 71.119999 -16.242631 0.000000
vt 71.119999 -5.414210 0.000000
vt 71.119999 5.414210 0.000000
vt 71.119999 16.242631 0.000000
vt 71.119999 27.071052 0.000000
vt 71.119999 37.899473 0.000000
vt 71.119999 48.727894 0.000000
vt 71.119999 59.556315 0.000000
vt 71.119999 70.384736 0.000000
vt 71.119999 81.213157 0.000000
vt -71.119999 -102.869998 0.000000
vt -60.178461 -102.869998 0.000000
vt -71.119999 -92.041578 0.000000
vt -60.178461 -92.041578 0.000000
vt -71.119999 -81.213157 0.000000
vt -60.178461 -81.213157 0.000000
vt -71.119999 -70.384736 0.000000
vt -60.178461 -70.384736 0.000000
vt -71.119999 -59.556315 0.000000
vt -60.178461 -59.556315 0.000000
vt -71.119999 -48.727894 0.000000
vt -60.178461 -48.727894 0.000000
vt -71.119999 -37.899473 0.000000
vt -60.178461 -37.899473 0.000000
vt -71.119999 -27.071052 0.000000
vt -60.178461 -27.071052 0.000000
vt -71.119999 -16.242631 0.000000
vt -60.178461 -16.242631 0.000000
vt -71.119999 -5.414210 0.000000
vt -60.178461 -5.414210 0.000000
vt -71.119999 5.414210 0.000000
vt -60.178461 5.414210 0.000000
vt -71.119999 16.242631 0.000000
vt -60.178461 16.242631 0.000000
vt -71.119999 27.071052 0.000000
vt -60.178461 27.071052 0.000000
vt -71.119999 37.899473 0.000000
vt -60.178461 37.899473 0.000000
vt -71.119999 48.727894 0.000000
vt -60.178461 48.727894 0.000000
vt -71.119999 59.556315 0.000000
vt -60.178461 59.556315 0.000000
vt -71.119999 70.384736 0.000000
vt -60.178461 70.384736 0.000000
vt -71.119999 81.213157 0.000000
vt -60.178461 81.213157 0.000000
vt -71.119999 92.041578 0.000000
vt -60.178461 92.041578 0.000000
vt -71.119999 102.869998 0.000000
vt -60.178461 102.869998 0.000000
vt -49.236922 92.041578 0.000000
vt -49.236922 102.869998 0.000000
vt -38.295384 92.041578 0.000000
vt -38.295384 102.869998 0.000000
vt -27.353846 92.041578 0.000000
vt -27.353846 102.869998 0.000000
vt -16.412307 92.041578 0.000000
vt -16.412307 102.869998 0.000000
vt -5.470769 92.041578 0.000000
vt -5.470769 102.869998 0.000000
vt 5.470769 92.041578 0.000000
vt 5.470769 102.869998 0.000000
vt 16.412307 92.041578 0.000000
vt 16.412307 102.869998 0.000000
vt 27.353846 92.041578 0.000000
vt 27.353846 102.869998 0.000000
vt 38.295384 92.041578 0.000000
vt 38.295384 102.869998 0.000000
vt 49.236922 92.041578 0.000000
vt 49.236922 102.869998 0.000000
vt 60.178461 92.041578 0.000000
vt 60.178461 102.869998 0.000000
vt 71.119999 92.041578 0.000000
vt 71.119999 102.869998 0.000000
vt -49.236922 -102.869998 0.000000
vt -49.236922 -92.041578 0.000000
vt -49.236922 -81.213157 0.000000
vt -49.236922 -70.384736 0.000000
vt -49.236922 -59.556315 0.000000
vt -49.236922 -48.727894 0.000000
vt -49.236922 -37.899473 0.000000
vt -49.236922 -27.071052 0.000000
vt -49.236922 -16.242631 0.000000
vt -49.236922 -5.414210 0.000000
vt -49.236922 5.414210 0.000000
vt -49.236922 16.242631 0.000000
vt -49.236922 27.071052 0.000000
vt -49.236922 37.899473 0.000000
vt -49.236922 48.727894 0.000000
vt -49.236922 59.556315 0.000000
vt -49.236922 70.384736 0.000000
vt -49.236922 81.213157 0.000000
vt -38.295384 -102.869998 0.000000
vt -38.295384 -92.041578 0.000000
vt -38.295384 -81.213157 0.000000
vt -38.295384 -70.384736 0.000000
vt -38.295384 -59.556315 0.000000
vt -38.295384 -48.727894 0.000000
vt -38.295384 -37.899473 0.000000
vt -38.295384 -27.071052 0.000000
vt -38.295384 -16.242631 0.000000
vt -38.295384 -5.414210 0.000000
vt -38.295384 5.414210 0.000000
vt -38.295384 16.242631 0.000000
vt -38.295384 27.071052 0.000000
vt -38.295384 37.899473 0.000000
vt -38.295384 48.727894 0.000000
vt -38.295384 59.556315 0.000000
vt -38.295384 70.384736 0.000000
vt -38.295384 81.213157 0.000000
vt -27.353846 -102.869998 0.000000
vt -27.353846 -92.041578 0.000000
vt -27.353846 -81.213157 0.000000
vt -27.353846 -70.384736 0.000000
vt -27.353846 -59.556315 0.000000
vt -27.353846 -48.727894 0.000000
vt -27.353846 -37.899473 0.000000
vt -27.353846 -27.071052 0.000000
vt -27.353846 -16.242631 0.000000
vt -27.353846 -5.414210 0.000000
vt -27.353846 5.414210 0.000000
vt -27.353846 16.242631 0.000000
vt -27.353846 27.071052 0.000000
vt -27.353846 37.899473 0.000000
vt -27.353846 48.727894 0.000000
vt -27.353846 59.556315 0.000000
vt -27.353846 70.384736 0.000000
vt -27.353846 81.213157 0.000000
vt -16.412307 -102.869998 0.000000
vt -16.412307 -92.041578 0.000000
vt -16.412307 -81.213157 0.000000
vt -16.412307 -70.384736 0.000000
vt -16.412307 -59.556315 0.000000
vt -16.412307 -48.727894 0.000000
vt -16.412307 -37.899473 0.000000
vt -16.412307 -27.071052 0.000000
vt -16.412307 -16.242631 0.000000
vt -16.412307 -5.414210 0.000000
vt -16.412307 5.414210 0.000000
vt -16.412307 16.242631 0.000000
vt -16.412307 27.071052 0.000000
vt -16.412307 37.899473 0.000000
vt -16.412307 48.727894 0.000000
vt -16.412307 59.556315 0.000000
vt -16.412307 70.384736 0.000000
vt -16.412307 81.213157 0.000000
vt -5.470769 -102.869998 0.000000
vt -5.470769 -92.041578 0.000000
vt -5.470769 -81.213157 0.000000
vt -5.470769 -70.384736 0.000000
vt -5.470769 -59.556315 0.000000
vt -5.470769 -48.727894 0.000000
vt -5.470769 -37.899473 0.000000
vt -5.470769 -27.071052 0.000000
vt -5.470769 -16.242631 0.000000
vt -5.470769 -5.414210 0.000000
vt -5.470769 5.414210 0.000000
vt -5.470769 16.242631 0.000000
vt -5.470769 27.071052 0.000000
vt -5.470769 37.899473 0.000000
vt -5.470769 48.727894 0.000000
vt -5.470769 59.556315 0.000000
vt -5.470769 70.384736 0.000000
vt -5.470769 81.213157 0.000000
vt 5.470769 -102.869998 0.000000
vt 5.470769 -92.041578 0.000000
vt 5.470769 -81.213157 0.000000
vt 5.470769 -70.384736 0.000000
vt 5.470769 -59.556315 0.000000
vt 5.470769 -48.727894 0.000000
vt 5.470769 -37.899473 0.000000
vt 5.470769 -27.071052 0.000000
vt 5.470769 -16.242631 0.000000
vt 5.470769 -5.414210 0.000000
vt 5.470769 5.414210 0.000000
vt 5.470769 16.242631 0.000000
vt 5.470769 27.071052 0.000000
vt 5.470769 37.899473 0.000000
vt 5.470769 48.727894 0.000000
vt 5.470769 59.556315 0.000000
vt 5.470769 70.384736 0.000000
vt 5.470769 81.213157 0.000000
vt 16.412307 -102.869998 0.000000
vt 16.412307 -92.041578 0.000000
vt 16.412307 -81.213157 0.000000
vt 16.412307 -70.384736 0.000000
vt 16.412307 -59.556315 0.000000
vt 16.412307 -48.727894 0.000000
vt 16.412307 -37.899473 0.000000
vt 16.412307 -27.071052 0.000000
vt 16.412307 -16.242631 0.000000
vt 16.412307 -5.414210 0.000000
vt 16.412307 5.414210 0.000000
vt 16.412307 16.242631 0.000000
vt 16.412307 27.071052 0.000000
vt 16.412307 37.899473 0.000000
vt 16.412307 48.727894 0.000000
vt 16.412307 59.556315 0.000000
vt 16.412307 70.384736 0.000000
vt 16.412307 81.213157 0.000000
vt 27.353846 -102.869998 0.000000
vt 27.353846 -92.041578 0.000000
vt 27.353846 -81.213157 0.000000
vt 27.353846 -70.384736 0.000000
vt 27.353846 -59.556315 0.000000
vt 27.353846 -48.727894 0.000000
vt 27.353846 -37.899473 0.000000
vt 27.353846 -27.071052 0.000000
vt 27.353846 -16.242631 0.000000
vt 27.353846 -5.414210 0.000000
vt 27.353846 5.414210 0.000000
vt 27.353846 16.242631 0.000000
vt 27.353846 27.071052 0.000000
vt 27.353846 37.899473 0.000000
vt 27.353846 48.727894 0.000000
vt 27.353846 59.556315 0.000000
vt 27.353846 70.384736 0.000000
vt 27.353846 81.213157 0.000000
vt 38.295384 -102.869998 0.000000
vt 38.295384 -92.041578 0.000000
vt 38.295384 -81.213157 0.000000
vt 38.295384 -70.384736 0.000000
vt 38.295384 -59.556315 0.000000
vt 38.295384 -48.727894 0.000000
vt 38.295384 -37.899473 0.000000
vt 38.295384 -27.071052 0.000000
vt 38.295384 -16.242631 0.000000
vt 38.295384 -5.414210 0.000000
vt 38.295384 5.414210 0.000000
vt 38.295384 16.242631 0.000000
vt 38.295384 27.071052 0.000000
vt 38.295384 37.899473 0.000000
vt 38.295384 48.727894 0.000000
vt 38.295384 59.556315 0.000000
vt 38.295384 70.384736 0.000000
vt 38.295384 81.213157 0.000000
vt 49.236922 -102.869998 0.000000
vt 49.236922 -92.041578 0.000000
vt 49.236922 -81.213157 0.000000
vt 49.236922 -70.384736 0.000000
vt 49.236922 -59.556315 0.000000
vt 49.236922 -48.727894 0.000000
vt 49.236922 -37.899473 0.000000
vt 49.236922 -27.071052 0.000000
vt 49.236922 -16.242631 0.000000
vt 49.236922 -5.414210 0.000000
vt 49.236922 5.414210 0.000000
vt 49.236922 16.242631 0.000000
vt 49.236922 27.071052 0.000000
vt 49.236922 37.899473 0.000000
vt 49.236922 48.727894 0.000000
vt 49.236922 59.556315 0.000000
vt 49.236922 70.384736 0.000000
vt 49.236922 81.213157 0.000000
vt 60.178461 -102.869998 0.000000
vt 60.178461 -92.041578 0.000000
vt 60.178461 -81.213157 0.000000
vt 60.178461 -70.384736 0.000000
vt 60.178461 -59.556315 0.000000
vt 60.178461 -48.727894 0.000000
vt 60.178461 -37.899473 0.000000
vt 60.178461 -27.071052 0.000000
vt 60.178461 -16.242631 0.000000
vt 60.178461 -5.414210 0.000000
vt 60.178461 5.414210 0.000000
vt 60.178461 16.242631 0.000000
vt 60.178461 27.071052 0.000000
vt 60.178461 37.899473 0.000000
vt 60.178461 48.727894 0.000000
vt 60.178461 59.556315 0.000000
vt 60.178461 70.384736 0.000000
vt 60.178461 81.213157 0.000000
vt 71.119999 -102.869998 0.000000
vt 71.119999 -92.041578 0.000000
vt 71.119999 -81.213157 0.000000
vt 71.119999 -70.384736 0.000000
vt 71.119999 -59.556315 0.000000
vt 71.119999 -48.727894 0.000000
vt 71.119999 -37.899473 0.000000
vt 71.119999 -27.071052 0.000000
vt 71.119999 -16.242631 0.000000
vt 71.119999 -5.414210 0.000000
vt 71.119999 5.414210 0.000000
vt 71.119999 16.242631 0.000000
vt 71.119999 27.071052 0.000000
vt 71.119999 37.899473 0.000000
vt 71.119999 48.727894 0.000000
vt 71.119999 59.556315 0.000000
vt 71.119999 70.384736 0.000000
vt 71.119999 81.213157 0.000000
vn 0.000000 0.000000 -1.000000
vn 0.000000 0.000000 -1.000000
vn 0.000000 0.000000 -1.000000
vn 0.000000 0.000000 -1.000000
vn 0.000000 0.000000 -1.000000
vn 0.000000 0.000000 -1.000000
vn 0.000000 0.000000 -1.000000
vn 0.000000 0.000000 -1.000000
vn 0.000000 0.000000 -1.000000
vn 0.000000 0.000000 -1.000000
vn 0.000000 0.000000 -1.000000
vn 0.000000 0.000000 -1.000000
vn 0.000000 0.000000 -1.000000
vn 0.000000 0.000000 -1.000000
vn 0.000000 0.000000 -1.000000
vn 0.000000 0.000000 -1.000000
vn 0.000000 0.000000 -1.000000
vn 0.000000 0.000000 -1.000000
vn 0.000000 0.000000 -1.000000
vn 0.000000 0.000000 -1.000000
vn 0.000000 0.000000 -1.000000
vn 0.000000 0.000000 -1.000000
vn 0.000000 0.000000 -1.000000
vn 0.000000 0.000000 -1.000000
vn 0.000000 0.000000 -1.000000
vn 0.000000 0.000000 -1.000000
vn 0.000000 0.000000 -1.000000
vn 0.000000 0.000000 -1.000000
vn 0.000000 0.000000 -1.000000
vn 0.000000 0.000000 -1.000000
vn 0.000000 0.000000 -1.000000
vn 0.000000 0.000000 -1.000000
vn 0.000000 0.000000 -1.000000
vn 0.000000 0.000000 -1.000000
vn 0.000000 0.000000 -1.000000
vn 0.000000 0.000000 -1.000000
vn 0.000000 0.000000 -1.000000
vn 0.000000 0.000000 -1.000000
vn 0.000000 0.000000 -1.000000
vn 0.000000 0.000000 -1.000000
vn 0.000000 1.000000 0.000000
vn 0.000000 1.000000 0.000000
vn 0.000000 1.000000 0.000000
vn 0.000000 1.000000 0.000000
vn 0.000000 1.000000 0.000000
vn 0.000000 1.000000 0.000000
vn 0.000000 1.000000 0.000000
vn 0.000000 1.000000 0.000000
vn 0.000000 1.000000 0.000000
vn 0.000000 1.000000 0.000000
vn 0.000000 1.000000 0.000000
vn 0.000000 1.000000 0.000000
vn 0.000000 1.000000 0.000000
vn 0.000000 1.000000 0.000000
vn 0.000000 1.000000 0.000000
vn 0.000000 1.000000 0.000000
vn 0.000000 1.000000 0.000000
vn 0.000000 1.000000 0.000000
vn 0.000000 1.000000 0.000000
vn 0.000000 1.000000 0.000000
vn 0.000000 1.000000 0.000000
vn 0.000000 1.000000 0.000000
vn 0.000000 1.000000 0.000000
vn 0.000000 1.000000 0.000000
vn 0.000000 1.000000 0.000000
vn 0.000000 1.000000 0.000000
vn 0.000000 1.000000 0.000000
vn 0.000000 1.000000 0.000000
vn 0.000000 0.000000 1.000000
vn 0.000000 0.000000 1.000000
vn 0.000000 0.000000 1.000000
vn 0.000000 0.000000 1.000000
vn 0.000000 0.000000 1.000000
vn 0.000000 0.000000 1.000000
vn 0.000000 0.000000 1.000000
vn 0.000000 0.000000 1.000000
vn 0.000000 0.000000 1.000000
vn 0.000000 0.000000 1.000000
vn 0.000000 0.000000 1.000000
vn 0.000000 0.000000 1.000000
vn 0.000000 0.000000 1.000000
vn 0.000000 0.000000 1.000000
vn 0.000000 0.000000 1.000000
vn 0.000000 0.000000 1.000000
vn 0.000000 0.000000 1.000000
vn 0.000000 0.000000 1.000000
vn 0.000000 0.000000 1.000000
vn 0.000000 0.000000 1.000000
vn 0.000000 0.000000 1.000000
vn 0.000000 0.000000 1.000000
vn 0.000000 0.000000 1.000000
vn 0.000000 0.000000 1.000000
vn 0.000000 0.000000 1.000000
vn 0.000000 0.000000 1.000000
vn 0.000000 0.000000 1.000000
vn 0.000000 0.000000 1.000000
vn 0.000000 0.000000 1.000000
vn 0.000000 0.000000 1.000000
vn 0.000000 0.000000 1.000000
vn 0.000000 0.000000 1.000000
vn 0.000000 0.000000 1.000000
vn 0.000000 0.000000 1.000000
vn 0.000000 0.000000 1.000000
vn 0.000000 0.000000 1.000000
vn 0.000000 0.000000 1.000000
vn 0.000000 0.000000 1.000000
vn 0.000000 0.000000 1.000000
vn 0.000000 0.000000 1.000000
vn -0.000000 -1.000000 -0.000000
vn -0.000000 -1.000000 -0.000000
vn -0.000000 -1.000000 -0.000000
vn -0.000000 -1.000000 -0.000000
vn -0.000000 -1.000000 -0.000000
vn -0.000000 -1.000000 -0.000000
vn -0.000000 -1.000000 -0.000000
vn -0.000000 -1.000000 -0.000000
vn -0.000000 -1.000000 -0.000000
vn -0.000000 -1.000000 -0.000000
vn -0.000000 -1.000000 -0.000000
vn -0.000000 -1.000000 -0.000000
vn -0.000000 -1.000000 -0.000000
vn -0.000000 -1.000000 -0.000000
vn -0.000000 -1.000000 -0.000000
vn -0.000000 -1.000000 -0.000000
vn -0.000000 -1.000000 -0.000000
vn -0.000000 -1.000000 -0.000000
vn -0.000000 -1.000000 -0.000000
vn -0.000000 -1.000000 -0.000000
vn -0.000000 -1.000000 -0.000000
vn -0.000000 -1.000000 -0.000000
vn -0.000000 -1.000000 -0.000000
vn -0.000000 -1.000000 -0.000000
vn -0.000000 -1.000000 -0.000000
vn -0.000000 -1.000000 -0.000000
vn -0.000000 -1.000000 -0.000000
vn -0.000000 -1.000000 -0.000000
vn -1.000000 0.000000 0.000000
vn -1.000000 0.000000 0.000000
vn -1.000000 0.000000 0.000000
vn -1.000000 0.000000 0.000000
vn -1.000000 0.000000 0.000000
vn -1.000000 0.000000 0.000000
vn -1.000000 0.000000 0.000000
vn -1.000000 0.000000 0.000000
vn -1.000000 0.000000 0.000000
vn -1.000000 0.000000 0.000000
vn -1.000000 0.000000 0.000000
vn -1.000000 0.000000 0.000000
vn -1.000000 0.000000 0.000000
vn -1.000000 0.000000 0.000000
vn -1.000000 0.000000 0.000000
vn -1.000000 0.000000 0.000000
vn -1.000000 0.000000 0.000000
vn -1.000000 0.000000 0.000000
vn -1.000000 0.000000 0.000000
vn -1.000000 0.000000 0.000000
vn -1.000000 0.000000 0.000000
vn -1.000000 0.000000 0.000000
vn -1.000000 0.000000 0.000000
vn -1.000000 0.000000 0.000000
vn -1.000000 0.000000 0.000000
vn -1.000000 0.000000 0.000000
vn -1.000000 0.000000 0.000000
vn -1.000000 0.000000 0.000000
vn -1.000000 0.000000 0.000000
vn -1.000000 0.000000 0.000000
vn -1.000000 0.000000 0.000000
vn -1.000000 0.000000 0.000000
vn -1.000000 0.000000 0.000000
vn -1.000000 0.000000 0.000000
vn -1.000000 0.000000 0.000000
vn -1.000000 0.000000 0.000000
vn -1.000000 0.000000 0.000000
vn -1.000000 0.000000 0.000000
vn -1.000000 0.000000 0.000000
vn -1.000000 0.000000 0.000000
vn -1.000000 0.000000 0.000000
vn -1.000000 0.000000 0.000000
vn -1.000000 0.000000 0.000000
vn -1.000000 0.000000 0.000000
vn -1.000000 0.000000 0.000000
vn -1.000000 0.000000 0.000000
vn -1.000000 0.000000 0.000000
vn -1.000000 0.000000 0.000000
vn -1.000000 0.000000 0.000000
vn -1.000000 0.000000 0.000000
vn -1.000000 0.000000 0.000000
vn -1.000000 0.000000 0.000000
vn -1.000000 0.000000 0.000000
vn -1.000000 0.000000 0.000000
vn -1.000000 0.000000 0.000000
vn -1.000000 0.000000 0.000000
vn -1.000000 0.000000 0.000000
vn -1.000000 0.000000 0.000000
vn -1.000000 0.000000 0.000000
vn -1.000000 0.000000 0.000000
vn -1.000000 0.000000 0.000000
vn -1.000000 0.000000 0.000000
vn -1.000000 0.000000 0.000000
vn -1.000000 0.000000 0.000000
vn -1.000000 0.000000 0.000000
vn -1.000000 0.000000 0.000000
vn -1.000000 0.000000 0.000000
vn -1.000000 0.000000 0.000000
vn -1.000000 0.000000 0.000000
vn -1.000000 0.000000 0.000000
vn -1.000000 0.000000 0.000000
vn -1.000000 0.000000 0.000000
vn -1.000000 0.000000 0.000000
vn -1.000000 0.000000 0.000000
vn -1.000000 0.000000 0.000000
vn -1.000000 0.000000 0.000000
vn -1.000000 0.000000 0.000000
vn -1.000000 0.000000 0.000000
vn -1.000000 0.000000 0.000000
vn -1.000000 0.000000 0.000000
vn -1.000000 0.000000 0.000000
vn -1.000000 0.000000 0.000000
vn -1.000000 0.000000 0.000000
vn -1.000000 0.000000 0.000000
vn -1.000000 0.000000 0.000000
vn -1.000000 0.000000 0.000000
vn -1.000000 0.000000 0.000000
vn -1.000000 0.000000 0.000000
vn -1.000000 0.000000 0.000000
vn -1.000000 0.000000 0.000000
vn -1.000000 0.000000 0.000000
vn -1.000000 0.000000 0.000000
vn -1.000000 0.000000 0.000000
vn -1.000000 0.000000 0.000000
vn -1.000000 0.000000 0.000000
vn -1.000000 0.000000 0.000000
vn -1.000000 0.000000 0.000000
vn -1.000000 0.000000 0.000000
vn -1.000000 0.000000 0.000000
vn -1.000000 0.000000 0.000000
vn -1.000000 0.000000 0.000000
vn -1.000000 0.000000 0.000000
vn -1.000000 0.000000 0.000000
vn -1.000000 0.000000 0.000000
vn -1.000000 0.000000 0.000000
vn -1.000000 0.000000 0.000000
vn -1.000000 0.000000 0.000000
vn -1.000000 0.000000 0.000000
vn -1.000000 0.000000 0.000000
vn -1.000000 0.000000 0.000000
vn -1.000000 0.000000 0.000000
vn -1.000000 0.000000 0.000000
vn -1.000000 0.000000 0.000000
vn -1.000000 0.000000 0.000000
vn -1.000000 0.000000 0.000000
vn -1.000000 0.000000 0.000000
vn -1.000000 0.000000 0.000000
vn -1.000000 0.000000 0.000000
vn -1.000000 0.000000 0.000000
vn -1.000000 0.000000 0.000000
vn -1.000000 0.000000 0.000000
vn -1.000000 0.000000 0.000000
vn -1.000000 0.000000 0.000000
vn -1.000000 0.000000 0.000000
vn -1.000000 0.000000 0.000000
vn -1.000000 0.000000 0.000000
vn -1.000000 0.000000 0.000000
vn -1.000000 0.000000 0.000000
vn -1.000000 0.000000 0.000000
vn -1.000000 0.000000 0.000000
vn -1.000000 0.000000 0.000000
vn -1.000000 0.000000 0.000000
vn -1.000000 0.000000 0.000000
vn -1.000000 0.000000 0.000000
vn -1.000000 0.000000 0.000000
vn -1.000000 0.000000 0.000000
vn -1.000000 0.000000 0.000000
vn -1.000000 0.000000 0.000000
vn -1.000000 0.000000 0.000000
vn -1.000000 0.000000 0.000000
vn -1.000000 0.000000 0.000000
vn -1.000000 0.000000 0.000000
vn -1.000000 0.000000 0.000000
vn -1.000000 0.000000 0.000000
vn -1.000000 0.000000 0.000000
vn -1.000000 0.000000 0.000000
vn -1.000000 0.000000 0.000000
vn -1.000000 0.000000 0.000000
vn -1.000000 0.000000 0.000000
vn -1.000000 0.000000 0.000000
vn -1.000000 0.000000 0.000000
vn -1.000000 0.000000 0.000000
vn -1.000000 0.000000 0.000000
vn -1.000000 0.000000 0.000000
vn -1.000000 0.000000 0.000000
vn -1.000000 0.000000 0.000000
vn -1.000000 0.000000 0.000000
vn -1.000000 0.000000 0.000000
vn -1.000000 0.000000 0.000000
vn -1.000000 0.000000 0.000000
vn -1.000000 0.000000 0.000000
vn -1.000000 0.000000 0.000000
vn -1.000000 0.000000 0.000000
vn -1.000000 0.000000 0.000000
vn -1.000000 0.000000 0.000000
vn -1.000000 0.000000 0.000000
vn -1.000000 0.000000 0.000000
vn -1.000000 0.000000 0.000000
vn -1.000000 0.000000 0.000000
vn -1.000000 0.000000 0.000000
vn -1.000000 0.000000 0.000000
vn -1.000000 0.000000 0.000000
vn -1.000000 0.000000 0.000000
vn -1.000000 0.000000 0.000000
vn -1.000000 0.000000 0.000000
vn -1.000000 0.000000 0.000000
vn -1.000000 0.000000 0.000000
vn -1.000000 0.000000 0.000000
vn -1.000000 0.000000 0.000000
vn -1.000000 0.000000 0.000000
vn -1.000000 0.000000 0.000000
vn -1.000000 0.000000 0.000000
vn -1.000000 0.000000 0.000000
vn -1.000000 0.000000 0.000000
vn -1.000000 0.000000 0.000000
vn -1.000000 0.000000 0.000000
vn -1.000000 0.000000 0.000000
vn -1.000000 0.000000 0.000000
vn -1.000000 0.000000 0.000000
vn -1.000000 0.000000 0.000000
vn -1.000000 0.000000 0.000000
vn -1.000000 0.000000 0.000000
vn -1.000000 0.000000 0.000000
vn -1.000000 0.000000 0.000000
vn -1.000000 0.000000 0.000000
vn -1.000000 0.000000 0.000000
vn -1.000000 0.000000 0.000000
vn -1.000000 0.000000 0.000000
vn -1.000000 0.000000 0.000000
vn -1.000000 0.000000 0.000000
vn -1.000000 0.000000 0.000000
vn -1.000000 0.000000 0.000000
vn -1.000000 0.000000 0.000000
vn -1.000000 0.000000 0.000000
vn -1.000000 0.000000 0.000000
vn -1.000000 0.000000 0.000000
vn -1.000000 0.000000 0.000000
vn -1.000000 0.000000 0.000000
vn -1.000000 0.000000 0.000000
vn -1.000000 0.000000 0.000000
vn -1.000000 0.000000 0.000000
vn -1.000000 0.000000 0.000000
vn -1.000000 0.000000 0.000000
vn -1.000000 0.000000 0.000000
vn -1.000000 0.000000 0.000000
vn -1.000000 0.000000 0.000000
vn -1.000000 0.000000 0.000000
vn -1.000000 0.000000 0.000000
vn -1.000000 0.000000 0.000000
vn -1.000000 0.000000 0.000000
vn -1.000000 0.000000 0.000000
vn -1.000000 0.000000 0.000000
vn -1.000000 0.000000 0.000000
vn -1.000000 0.000000 0.000000
vn -1.000000 0.000000 0.000000
vn -1.000000 0.000000 0.000000
vn -1.000000 0.000000 0.000000
vn -1.000000 0.000000 0.000000
vn -1.000000 0.000000 0.000000
vn -1.000000 0.000000 0.000000
vn -1.000000 0.000000 0.000000
vn -1.000000 0.000000 0.000000
vn -1.000000 0.000000 0.000000
vn -1.000000 0.000000 0.000000
vn -1.000000 0.000000 0.000000
vn -1.000000 0.000000 0.000000
vn -1.000000 0.000000 0.000000
vn -1.000000 0.000000 0.000000
vn -1.000000 0.000000 0.000000
vn -1.000000 0.000000 0.000000
vn -1.000000 0.000000 0.000000
vn -1.000000 0.000000 0.000000
vn -1.000000 0.000000 0.000000
vn -1.000000 0.000000 0.000000
vn -1.000000 0.000000 0.000000
vn -1.000000 0.000000 0.000000
vn -1.000000 0.000000 0.000000
vn -1.000000 0.000000 0.000000
vn -1.000000 0.000000 0.000000
vn -1.000000 0.000000 0.000000
vn -1.000000 0.000000 0.000000
vn -1.000000 0.000000 0.000000
vn -1.000000 0.000000 0.000000
vn -1.000000 0.000000 0.000000
vn -1.000000 0.000000 0.000000
vn -1.000000 0.000000 0.000000
vn -1.000000 0.000000 0.000000
vn -1.000000 0.000000 0.000000
vn -1.000000 0.000000 0.000000
vn -1.000000 0.000000 0.000000
vn -1.000000 0.000000 0.000000
vn -1.000000 0.000000 0.000000
vn -1.000000 0.000000 0.000000
vn -1.000000 0.000000 0.000000
vn -1.000000 0.000000 0.000000
vn -1.000000 0.000000 0.000000
vn -1.000000 0.000000 0.000000
vn -1.000000 0.000000 0.000000
vn -1.000000 0.000000 0.000000
vn -1.000000 0.000000 0.000000
vn -1.000000 0.000000 0.000000
vn -1.000000 0.000000 0.000000
vn -1.000000 0.000000 0.000000
vn -1.000000 0.000000 0.000000
vn -1.000000 0.000000 0.000000
vn -1.000000 0.000000 0.000000
vn -1.000000 0.000000 0.000000
vn -1.000000 0.000000 0.000000
vn -1.000000 0.000000 0.000000
vn -1.000000 0.000000 0.000000
vn 1.000000 -0.000000 -0.000000
vn 1.000000 -0.000000 -0.000000
vn 1.000000 -0.000000 -0.000000
vn 1.000000 -0.000000 -0.000000
vn 1.000000 -0.000000 -0.000000
vn 1.000000 -0.000000 -0.000000
vn 1.000000 -0.000000 -0.000000
vn 1.000000 -0.000000 -0.000000
vn 1.000000 -0.000000 -0.000000
vn 1.000000 -0.000000 -0.000000
vn 1.000000 -0.000000 -0.000000
vn 1.000000 -0.000000 -0.000000
vn 1.000000 -0.000000 -0.000000
vn 1.000000 -0.000000 -0.000000
vn 1.000000 -0.000000 -0.000000
vn 1.000000 -0.000000 -0.000000
vn 1.000000 -0.000000 -0.000000
vn 1.000000 -0.000000 -0.000000
vn 1.000000 -0.000000 -0.000000
vn 1.000000 -0.000000 -0.000000
vn 1.000000 -0.000000 -0.000000
vn 1.000000 -0.000000 -0.000000
vn 1.000000 -0.000000 -0.000000
vn 1.000000 -0.000000 -0.000000
vn 1.000000 -0.000000 -0.000000
vn 1.000000 -0.000000 -0.000000
vn 1.000000 -0.000000 -0.000000
vn 1.000000 -0.000000 -0.000000
vn 1.000000 -0.000000 -0.000000
vn 1.000000 -0.000000 -0.000000
vn 1.000000 -0.000000 -0.000000
vn 1.000000 -0.000000 -0.000000
vn 1.000000 -0.000000 -0.000000
vn 1.000000 -0.000000 -0.000000
vn 1.000000 -0.000000 -0.000000
vn 1.000000 -0.000000 -0.000000
vn 1.000000 -0.000000 -0.000000
vn 1.000000 -0.000000 -0.000000
vn 1.000000 -0.000000 -0.000000
vn 1.000000 -0.000000 -0.000000
vn 1.000000 -0.000000 -0.000000
vn 1.000000 -0.000000 -0.000000
vn 1.000000 -0.000000 -0.000000
vn 1.000000 -0.000000 -0.000000
vn 1.000000 -0.000000 -0.000000
vn 1.000000 -0.000000 -0.000000
vn 1.000000 -0.000000 -0.000000
vn 1.000000 -0.000000 -0.000000
vn 1.000000 -0.000000 -0.000000
vn 1.000000 -0.000000 -0.000000
vn 1.000000 -0.000000 -0.000000
vn 1.000000 -0.000000 -0.000000
vn 1.000000 -0.000000 -0.000000
vn 1.000000 -0.000000 -0.000000
vn 1.000000 -0.000000 -0.000000
vn 1.000000 -0.000000 -0.000000
vn 1.000000 -0.000000 -0.000000
vn 1.000000 -0.000000 -0.000000
vn 1.000000 -0.000000 -0.000000
vn 1.000000 -0.000000 -0.000000
vn 1.000000 -0.000000 -0.000000
vn 1.000000 -0.000000 -0.000000
vn 1.000000 -0.000000 -0.000000
vn 1.000000 -0.000000 -0.000000
vn 1.000000 -0.000000 -0.000000
vn 1.000000 -0.000000 -0.000000
vn 1.000000 -0.000000 -0.000000
vn 1.000000 -0.000000 -0.000000
vn 1.000000 -0.000000 -0.000000
vn 1.000000 -0.000000 -0.000000
vn 1.000000 -0.000000 -0.000000
vn 1.000000 -0.000000 -0.000000
vn 1.000000 -0.000000 -0.000000
vn 1.000000 -0.000000 -0.000000
vn 1.000000 -0.000000 -0.000000
vn 1.000000 -0.000000 -0.000000
vn 1.000000 -0.000000 -0.000000
vn 1.000000 -0.000000 -0.000000
vn 1.000000 -0.000000 -0.000000
vn 1.000000 -0.000000 -0.000000
vn 1.000000 -0.000000 -0.000000
vn 1.000000 -0.000000 -0.000000
vn 1.000000 -0.000000 -0.000000
vn 1.000000 -0.000000 -0.000000
vn 1.000000 -0.000000 -0.000000
vn 1.000000 -0.000000 -0.000000
vn 1.000000 -0.000000 -0.000000
vn 1.000000 -0.000000 -0.000000
vn 1.000000 -0.000000 -0.000000
vn 1.000000 -0.000000 -0.000000
vn 1.000000 -0.000000 -0.000000
vn 1.000000 -0.000000 -0.000000
vn 1.000000 -0.000000 -0.000000
vn 1.000000 -0.000000 -0.000000
vn 1.000000 -0.000000 -0.000000
vn 1.000000 -0.000000 -0.000000
vn 1.000000 -0.000000 -0.000000
vn 1.000000 -0.000000 -0.000000
vn 1.000000 -0.000000 -0.000000
vn 1.000000 -0.000000 -0.000000
vn 1.000000 -0.000000 -0.000000
vn 1.000000 -0.000000 -0.000000
vn 1.000000 -0.000000 -0.000000
vn 1.000000 -0.000000 -0.000000
vn 1.000000 -0.000000 -0.000000
vn 1.000000 -0.000000 -0.000000
vn 1.000000 -0.000000 -0.000000
vn 1.000000 -0.000000 -0.000000
vn 1.000000 -0.000000 -0.000000
vn 1.000000 -0.000000 -0.000000
vn 1.000000 -0.000000 -0.000000
vn 1.000000 -0.000000 -0.000000
vn 1.000000 -0.000000 -0.000000
vn 1.000000 -0.000000 -0.000000
vn 1.000000 -0.000000 -0.000000
vn 1.000000 -0.000000 -0.000000
vn 1.000000 -0.000000 -0.000000
vn 1.000000 -0.000000 -0.000000
vn 1.000000 -0.000000 -0.000000
vn 1.000000 -0.000000 -0.000000
vn 1.000000 -0.000000 -0.000000
vn 1.000000 -0.000000 -0.000000
vn 1.000000 -0.000000 -0.000000
vn 1.000000 -0.000000 -0.000000
vn 1.000000 -0.000000 -0.000000
vn 1.000000 -0.000000 -0.000000
vn 1.000000 -0.000000 -0.000000
vn 1.000000 -0.000000 -0.000000
vn 1.000000 -0.000000 -0.000000
vn 1.000000 -0.000000 -0.000000
vn 1.000000 -0.000000 -0.000000
vn 1.000000 -0.000000 -0.000000
vn 1.000000 -0.000000 -0.000000
vn 1.000000 -0.000000 -0.000000
vn 1.000000 -0.000000 -0.000000
vn 1.000000 -0.000000 -0.000000
vn 1.000000 -0.000000 -0.000000
vn 1.000000 -0.000000 -0.000000
vn 1.000000 -0.000000 -0.000000
vn 1.000000 -0.000000 -0.000000
vn 1.000000 -0.000000 -0.000000
vn 1.000000 -0.000000 -0.000000
vn 1.000000 -0.000000 -0.000000
vn 1.000000 -0.000000 -0.000000
vn 1.000000 -0.000000 -0.000000
vn 1.000000 -0.000000 -0.000000
vn 1.000000 -0.000000 -0.000000
vn 1.000000 -0.000000 -0.000000
vn 1.000000 -0.000000 -0.000000
vn 1.000000 -0.000000 -0.000000
vn 1.000000 -0.000000 -0.000000
vn 1.000000 -0.000000 -0.000000
vn 1.000000 -0.000000 -0.000000
vn 1.000000 -0.000000 -0.000000
vn 1.000000 -0.000000 -0.000000
vn 1.000000 -0.000000 -0.000000
vn 1.000000 -0.000000 -0.000000
vn 1.000000 -0.000000 -0.000000
vn 1.000000 -0.000000 -0.000000
vn 1.000000 -0.000000 -0.000000
vn 1.000000 -0.000000 -0.000000
vn 1.000000 -0.000000 -0.000000
vn 1.000000 -0.000000 -0.000000
vn 1.000000 -0.000000 -0.000000
vn 1.000000 -0.000000 -0.000000
vn 1.000000 -0.000000 -0.000000
vn 1.000000 -0.000000 -0.000000
vn 1.000000 -0.000000 -0.000000
vn 1.000000 -0.000000 -0.000000
vn 1.000000 -0.000000 -0.000000
vn 1.000000 -0.000000 -0.000000
vn 1.000000 -0.000000 -0.000000
vn 1.000000 -0.000000 -0.000000
vn 1.000000 -0.000000 -0.000000
vn 1.000000 -0.000000 -0.000000
vn 1.000000 -0.000000 -0.000000
vn 1.000000 -0.000000 -0.000000
vn 1.000000 -0.000000 -0.000000
vn 1.000000 -0.000000 -0.000000
vn 1.000000 -0.000000 -0.000000
vn 1.000000 -0.000000 -0.000000
vn 1.000000 -0.000000 -0.000000
vn 1.000000 -0.000000 -0.000000
vn 1.000000 -0.000000 -0.000000
vn 1.000000 -0.000000 -0.000000
vn 1.000000 -0.000000 -0.000000
vn 1.000000 -0.000000 -0.000000
vn 1.000000 -0.000000 -0.000000
vn 1.000000 -0.000000 -0.000000
vn 1.000000 -0.000000 -0.000000
vn 1.000000 -0.000000 -0.000000
vn 1.000000 -0.000000 -0.000000
vn 1.000000 -0.000000 -0.000000
vn 1.000000 -0.000000 -0.000000
vn 1.000000 -0.000000 -0.000000
vn 1.000000 -0.000000 -0.000000
vn 1.000000 -0.000000 -0.000000
vn 1.000000 -0.000000 -0.000000
vn 1.000000 -0.000000 -0.000000
vn 1.000000 -0.000000 -0.000000
vn 1.000000 -0.000000 -0.000000
vn 1.000000 -0.000000 -0.000000
vn 1.000000 -0.000000 -0.000000
vn 1.000000 -0.000000 -0.000000
vn 1.000000 -0.000000 -0.000000
vn 1.000000 -0.000000 -0.000000
vn 1.000000 -0.000000 -0.000000
vn 1.000000 -0.000000 -0.000000
vn 1.000000 -0.000000 -0.000000
vn 1.000000 -0.000000 -0.000000
vn 1.000000 -0.000000 -0.000000
vn 1.000000 -0.000000 -0.000000
vn 1.000000 -0.000000 -0.000000
vn 1.000000 -0.000000 -0.000000
vn 1.000000 -0.000000 -0.000000
vn 1.000000 -0.000000 -0.000000
vn 1.000000 -0.000000 -0.000000
vn 1.000000 -0.000000 -0.000000
vn 1.000000 -0.000000 -0.000000
vn 1.000000 -0.000000 -0.000000
vn 1.000000 -0.000000 -0.000000
vn 1.000000 -0.000000 -0.000000
vn 1.000000 -0.000000 -0.000000
vn 1.000000 -0.000000 -0.000000
vn 1.000000 -0.000000 -0.000000
vn 1.000000 -0.000000 -0.000000
vn 1.000000 -0.000000 -0.000000
vn 1.000000 -0.000000 -0.000000
vn 1.000000 -0.000000 -0.000000
vn 1.000000 -0.000000 -0.000000
vn 1.000000 -0.000000 -0.000000
vn 1.000000 -0.000000 -0.000000
vn 1.000000 -0.000000 -0.000000
vn 1.000000 -0.000000 -0.000000
vn 1.000000 -0.000000 -0.000000
vn 1.000000 -0.000000 -0.000000
vn 1.000000 -0.000000 -0.000000
vn 1.000000 -0.000000 -0.000000
vn 1.000000 -0.000000 -0.000000
vn 1.000000 -0.000000 -0.000000
vn 1.000000 -0.000000 -0.000000
vn 1.000000 -0.000000 -0.000000
vn 1.000000 -0.000000 -0.000000
vn 1.000000 -0.000000 -0.000000
vn 1.000000 -0.000000 -0.000000
vn 1.000000 -0.000000 -0.000000
vn 1.000000 -0.000000 -0.000000
vn 1.000000 -0.000000 -0.000000
vn 1.000000 -0.000000 -0.000000
vn 1.000000 -0.000000 -0.000000
vn 1.000000 -0.000000 -0.000000
vn 1.000000 -0.000000 -0.000000
vn 1.000000 -0.000000 -0.000000
vn 1.000000 -0.000000 -0.000000
vn 1.000000 -0.000000 -0.000000
vn 1.000000 -0.000000 -0.000000
vn 1.000000 -0.000000 -0.000000
vn 1.000000 -0.000000 -0.000000
vn 1.000000 -0.000000 -0.000000
vn 1.000000 -0.000000 -0.000000
vn 1.000000 -0.000000 -0.000000
vn 1.000000 -0.000000 -0.000000
vn 1.000000 -0.000000 -0.000000
vn 1.000000 -0.000000 -0.000000
vn 1.000000 -0.000000 -0.000000
vn 1.000000 -0.000000 -0.000000
vn 1.000000 -0.000000 -0.000000
vn 1.000000 -0.000000 -0.000000
vn 1.000000 -0.000000 -0.000000
vn 1.000000 -0.000000 -0.000000
vn 1.000000 -0.000000 -0.000000
vn 1.000000 -0.000000 -0.000000
vn 1.000000 -0.000000 -0.000000
vn 1.000000 -0.000000 -0.000000
vn 1.000000 -0.000000 -0.000000
vn 1.000000 -0.000000 -0.000000
vn 1.000000 -0.000000 -0.000000
vn 1.000000 -0.000000 -0.000000
vn 1.000000 -0.000000 -0.000000
vn 1.000000 -0.000000 -0.000000
usemtl Aluminum_-_Polished
f 91/163/163 92/164/164 130/165/165
f 130/165/165 92/164/164 129/166/166
f 129/166/166 92/164/164 93/167/167
f 129/166/166 93/167/167 128/168/168
f 128/168/168 93/167/167 94/169/169
f 128/168/168 94/169/169 127/170/170
f 127/170/170 94/169/169 95/171/171
f 127/170/170 95/171/171 126/172/172
f 126/172/172 95/171/171 96/173/173
f 126/172/172 96/173/173 125/174/174
f 125/174/174 96/173/173 97/175/175
f 125/174/174 97/175/175 124/176/176
f 124/176/176 97/175/175 98/177/177
f 124/176/176 98/177/177 123/178/178
f 123/178/178 98/177/177 99/179/179
f 123/178/178 99/179/179 122/180/180
f 122/180/180 99/179/179 100/181/181
f 122/180/180 100/181/181 121/182/182
f 121/182/182 100/181/181 101/183/183
f 121/182/182 101/183/183 120/184/184
f 120/184/184 101/183/183 102/185/185
f 120/184/184 102/185/185 119/186/186
f 119/186/186 102/185/185 103/187/187
f 119/186/186 103/187/187 118/188/188
f 118/188/188 103/187/187 104/189/189
f 118/188/188 104/189/189 117/190/190
f 117/190/190 104/189/189 105/191/191
f 117/190/190 105/191/191 116/192/192
f 116/192/192 105/191/191 106/193/193
f 116/192/192 106/193/193 115/194/194
f 115/194/194 106/193/193 107/195/195
f 115/194/194 107/195/195 114/196/196
f 114/196/196 107/195/195 108/197/197
f 114/196/196 108/197/197 113/198/198
f 113/198/198 108/197/197 109/199/199
f 113/198/198 109/199/199 112/200/200
f 112/200/200 109/199/199 110/201/201
f 112/200/200 110/201/201 111/202/202
f 131/203/203 132/204/204 156/205/205
f 156/205/205 132/204/204 155/206/206
f 155/206/206 132/204/204 133/207/207
f 155/206/206 133/207/207 154/208/208
f 154/208/208 133/207/207 134/209/209
f 154/208/208 134/209/209 153/210/210
f 153/210/210 134/209/209 135/211/211
f 153/210/210 135/211/211 152/212/212
f 152/212/212 135/211/211 136/213/213
f 152/212/212 136/213/213 151/214/214
f 151/214/214 136/213/213 137/215/215
f 151/214/214 137/215/215 150/216/216
f 150/216/216 137/215/215 138/217/217
f 150/216/216 138/217/217 149/218/218
f 149/218/218 138/217/217 139/219/219
f 149/218/218 139/219/219 148/220/220
f 148/220/220 139/219/219 140/221/221
f 148/220/220 140/221/221 147/222/222
f 147/222/222 140/221/221 141/223/223
f 147/222/222 141/223/223 146/224/224
f 146/224/224 141/223/223 142/225/225
f 146/224/224 142/225/225 145/226/226
f 145/226/226 142/225/225 143/227/227
f 145/226/226 143/227/227 144/228/228
f 144/228/228 143/227/227 91/229/229
f 144/228/228 91/229/229 130/230/230
f 157/231/231 158/232/232 194/233/233
f 194/233/233 158/232/232 193/234/234
f 193/234/234 158/232/232 159/235/235
f 193/234/234 159/235/235 192/236/236
f 192/236/236 159/235/235 160/237/237
f 192/236/236 160/237/237 191/238/238
f 191/238/238 160/237/237 161/239/239
f 191/238/238 161/239/239 190/240/240
f 190/240/240 161/239/239 162/241/241
f 190/240/240 162/241/241 189/242/242
f 189/242/242 162/241/241 163/243/243
f 189/242/242 163/243/243 188/244/244
f 188/244/244 163/243/243 164/245/245
f 188/244/244 164/245/245 187/246/246
f 187/246/246 164/245/245 165/247/247
f 187/246/246 165/247/247 186/248/248
f 186/248/248 165/247/247 166/249/249
f 186/248/248 166/249/249 185/250/250
f 185/250/250 166/249/249 167/251/251
f 185/250/250 167/251/251 184/252/252
f 184/252/252 167/251/251 168/253/253
f 184/252/252 168/253/253 183/254/254
f 183/254/254 168/253/253 169/255/255
f 183/254/254 169/255/255 182/256/256
f 182/256/256 169/255/255 170/257/257
f 182/256/256 170/257/257 181/258/258
f 181/258/258 170/257/257 171/259/259
f 181/258/258 171/259/259 180/260/260
f 180/260/260 171/259/259 172/261/261
f 180/260/260 172/261/261 179/262/262
f 179/262/262 172/261/261 173/263/263
f 179/262/262 173/263/263 178/264/264
f 178/264/264 173/263/263 174/265/265
f 178/264/264 174/265/265 177/266/266
f 177/266/266 174/265/265 175/267/267
f 177/266/266 175/267/267 176/268/268
f 176/268/268 175/267/267 131/269/269
f 176/268/268 131/269/269 156/270/270
f 110/271/271 195/272/272 111/273/273
f 111/273/273 195/272/272 218/274/274
f 218/274/274 195/272/272 196/275/275
f 218/274/274 196/275/275 217/276/276
f 217/276/276 196/275/275 197/277/277
f 217/276/276 197/277/277 216/278/278
f 216/278/278 197/277/277 198/279/279
f 216/278/278 198/279/279 215/280/280
f 215/280/280 198/279/279 199/281/281
f 215/280/280 199/281/281 214/282/282
f 214/282/282 199/281/281 200/283/283
f 214/282/282 200/283/283 213/284/284
f 213/284/284 200/283/283 201/285/285
f 213/284/284 201/285/285 212/286/286
f 212/286/286 201/285/285 202/287/287
f 212/286/286 202/287/287 211/288/288
f 211/288/288 202/287/287 203/289/289
f 211/288/288 203/289/289 210/290/290
f 210/290/290 203/289/289 204/291/291
f 210/290/290 204/291/291 209/292/292
f 209/292/292 204/291/291 205/293/293
f 209/292/292 205/293/293 208/294/294
f 208/294/294 205/293/293 206/295/295
f 208/294/294 206/295/295 207/296/296
f 207/296/296 206/295/295 157/297/297
f 207/296/296 157/297/297 194/298/298
f 111/299/299 218/300/300 112/301/301
f 112/301/301 218/300/300 230/302/302
f 112/301/301 230/302/302 113/303/303
f 113/303/303 230/302/302 242/304/304
f 113/303/303 242/304/304 114/305/305
f 114/305/305 242/304/304 254/306/306
f 114/305/305 254/306/306 115/307/307
f 115/307/307 254/306/306 266/308/308
f 115/307/307 266/308/308 116/309/309
f 116/309/309 266/308/308 278/310/310
f 116/309/309 278/310/310 117/311/311
f 117/311/311 278/310/310 290/312/312
f 117/311/311 290/312/312 118/313/313
f 118/313/313 290/312/312 302/314/314
f 118/313/313 302/314/314 119/315/315
f 119/315/315 302/314/314 314/316/316
f 119/315/315 314/316/316 120/317/317
f 120/317/317 314/316/316 326/318/318
f 120/317/317 326/318/318 121/319/319
f 121/319/319 326/318/318 338/320/320
f 121/319/319 338/320/320 122/321/321
f 122/321/321 338/320/320 350/322/322
f 122/321/321 350/322/322 123/323/323
f 123/323/323 350/322/322 362/324/324
f 123/323/323 362/324/324 124/325/325
f 124/325/325 362/324/324 374/326/326
f 124/325/325 374/326/326 125/327/327
f 125/327/327 374/326/326 386/328/328
f 125/327/327 386/328/328 126/329/329
f 126/329/329 386/328/328 398/330/330
f 126/329/329 398/330/330 127/331/331
f 127/331/331 398/330/330 410/332/332
f 127/331/331 410/332/332 128/333/333
f 128/333/333 410/332/332 422/334/334
f 128/333/333 422/334/334 129/335/335
f 129/335/335 422/334/334 434/336/336
f 129/335/335 434/336/336 130/337/337
f 130/337/337 434/336/336 144/338/338
f 144/338/338 434/336/336 433/339/339
f 144/338/338 433/339/339 145/340/340
f 145/340/340 433/339/339 432/341/341
f 145/340/340 432/341/341 146/342/342
f 146/342/342 432/341/341 431/343/343
f 146/342/342 431/343/343 147/344/344
f 147/344/344 431/343/343 430/345/345
f 147/344/344 430/345/345 148/346/346
f 148/346/346 430/345/345 429/347/347
f 148/346/346 429/347/347 149/348/348
f 149/348/348 429/347/347 428/349/349
f 149/348/348 428/349/349 150/350/350
f 150/350/350 428/349/349 427/351/351
f 150/350/350 427/351/351 151/352/352
f 151/352/352 427/351/351 426/353/353
f 151/352/352 426/353/353 152/354/354
f 152/354/354 426/353/353 425/355/355
f 152/354/354 425/355/355 153/356/356
f 153/356/356 425/355/355 424/357/357
f 153/356/356 424/357/357 154/358/358
f 154/358/358 424/357/357 423/359/359
f 154/358/358 423/359/359 155/360/360
f 155/360/360 423/359/359 176/361/361
f 155/360/360 176/361/361 156/362/362
f 218/300/300 217/363/363 230/302/302
f 230/302/302 217/363/363 229/364/364
f 230/302/302 229/364/364 242/304/304
f 242/304/304 229/364/364 241/365/365
f 242/304/304 241/365/365 254/306/306
f 254/306/306 241/365/365 253/366/366
f 254/306/306 253/366/366 266/308/308
f 266/308/308 253/366/366 265/367/367
f 266/308/308 265/367/367 278/310/310
f 278/310/310 265/367/367 277/368/368
f 278/310/310 277/368/368 290/312/312
f 290/312/312 277/368/368 289/369/369
f 290/312/312 289/369/369 302/314/314
f 302/314/314 289/369/369 301/370/370
f 302/314/314 301/370/370 314/316/316
f 314/316/316 301/370/370 313/371/371
f 314/316/316 313/371/371 326/318/318
f 326/318/318 313/371/371 325/372/372
f 326/318/318 325/372/372 338/320/320
f 338/320/320 325/372/372 337/373/373
f 338/320/320 337/373/373 350/322/322
f 350/322/322 337/373/373 349/374/374
f 350/322/322 349/374/374 362/324/324
f 362/324/324 349/374/374 361/375/375
f 362/324/324 361/375/375 374/326/326
f 374/326/326 361/375/375 373/376/376
f 374/326/326 373/376/376 386/328/328
f 386/328/328 373/376/376 385/377/377
f 386/328/328 385/377/377 398/330/330
f 398/330/330 385/377/377 397/378/378
f 398/330/330 397/378/378 410/332/332
f 410/332/332 397/378/378 409/379/379
f 410/332/332 409/379/379 422/334/334
f 422/334/334 409/379/379 421/380/380
f 422/334/334 421/380/380 434/336/336
f 434/336/336 421/380/380 433/339/339
f 217/363/363 216/381/381 229/364/364
f 229/364/364 216/381/381 228/382/382
f 229/364/364 228/382/382 241/365/365
f 241/365/365 228/382/382 240/383/383
f 241/365/365 240/383/383 253/366/366
f 253/366/366 240/383/383 252/384/384
f 253/366/366 252/384/384 265/367/367
f 265/367/367 252/384/384 264/385/385
f 265/367/367 264/385/385 277/368/368
f 277/368/368 264/385/385 276/386/386
f 277/368/368 276/386/386 289/369/369
f 289/369/369 276/386/386 288/387/387
f 289/369/369 288/387/387 301/370/370
f 301/370/370 288/387/387 300/388/388
f 301/370/370 300/388/388 313/371/371
f 313/371/371 300/388/388 312/389/389
f 313/371/371 312/389/389 325/372/372
f 325/372/372 312/389/389 324/390/390
f 325/372/372 324/390/390 337/373/373
f 337/373/373 324/390/390 336/391/391
f 337/373/373 336/391/391 349/374/374
f 349/374/374 336/391/391 348/392/392
f 349/374/374 348/392/392 361/375/375
f 361/375/375 348/392/392 360/393/393
f 361/375/375 360/393/393 373/376/376
f 373/376/376 360/393/393 372/394/394
f 373/376/376 372/394/394 385/377/377
f 385/377/377 372/394/394 384/395/395
f 385/377/377 384/395/395 397/378/378
f 397/378/378 384/395/395 396/396/396
f 397/378/378 396/396/396 409/379/379
f 409/379/379 396/396/396 408/397/397
f 409/379/379 408/397/397 421/380/380
f 421/380/380 408/397/397 420/398/398
f 421/380/380 420/398/398 433/339/339
f 433/339/339 420/398/398 432/341/341
f 216/381/381 215/399/399 228/382/382
f 228/382/382 215/399/399 227/400/400
f 228/382/382 227/400/400 240/383/383
f 240/383/383 227/400/400 239/401/401
f 240/383/383 239/401/401 252/384/384
f 252/384/384 239/401/401 251/402/402
f 252/384/384 251/402/402 264/385/385
f 264/385/385 251/402/402 263/403/403
f 264/385/385 263/403/403 276/386/386
f 276/386/386 263/403/403 275/404/404
f 276/386/386 275/404/404 288/387/387
f 288/387/387 275/404/404 287/405/405
f 288/387/387 287/405/405 300/388/388
f 300/388/388 287/405/405 299/406/406
f 300/388/388 299/406/406 312/389/389
f 312/389/389 299/406/406 311/407/407
f 312/389/389 311/407/407 324/390/390
f 324/390/390 311/407/407 323/408/408
f 324/390/390 323/408/408 336/391/391
f 336/391/391 323/408/408 335/409/409
f 336/391/391 335/409/409 348/392/392
f 348/392/392 335/409/409 347/410/410
f 348/392/392 347/410/410 360/393/393
f 360/393/393 347/410/410 359/411/411
f 360/393/393 359/411/411 372/394/394
f 372/394/394 359/411/411 371/412/412
f 372/394/394 371/412/412 384/395/395
f 384/395/395 371/412/412 383/413/413
f 384/395/395 383/413/413 396/396/396
f 396/396/396 383/413/413 395/414/414
f 396/396/396 395/414/414 408/397/397
f 408/397/397 395/414/414 407/415/415
f 408/397/397 407/415/415 420/398/398
f 420/398/398 407/415/415 419/416/416
f 420/398/398 419/416/416 432/341/341
f 432/341/341 419/416/416 431/343/343
f 215/399/399 214/417/417 227/400/400
f 227/400/400 214/417/417 226/418/418
f 227/400/400 226/418/418 239/401/401
f 239/401/401 226/418/418 238/419/419
f 239/401/401 238/419/419 251/402/402
f 251/402/402 238/419/419 250/420/420
f 251/402/402 250/420/420 263/403/403
f 263/403/403 250/420/420 262/421/421
f 263/403/403 262/421/421 275/404/404
f 275/404/404 262/421/421 274/422/422
f 275/404/404 274/422/422 287/405/405
f 287/405/405 274/422/422 286/423/423
f 287/405/405 286/423/423 299/406/406
f 299/406/406 286/423/423 298/424/424
f 299/406/406 298/424/424 311/407/407
f 311/407/407 298/424/424 310/425/425
f 311/407/407 310/425/425 323/408/408
f 323/408/408 310/425/425 322/426/426
f 323/408/408 322/426/426 335/409/409
f 335/409/409 322/426/426 334/427/427
f 335/409/409 334/427/427 347/410/410
f 347/410/410 334/427/427 346/428/428
f 347/410/410 346/428/428 359/411/411
f 359/411/411 346/428/428 358/429/429
f 359/411/411 358/429/429 371/412/412
f 371/412/412 358/429/429 370/430/430
f 371/412/412 370/430/430 383/413/413
f 383/413/413 370/430/430 382/431/431
f 383/413/413 382/431/431 395/414/414
f 395/414/414 382/431/431 394/432/432
f 395/414/414 394/432/432 407/415/415
f 407/415/415 394/432/432 406/433/433
f 407/415/415 406/433/433 419/416/416
f 419/416/416 406/433/433 418/434/434
f 419/416/416 418/434/434 431/343/343
f 431/343/343 418/434/434 430/345/345
f 214/417/417 213/435/435 226/418/418
f 226/418/418 213/435/435 225/436/436
f 226/418/418 225/436/436 238/419/419
f 238/419/419 225/436/436 237/437/437
f 238/419/419 237/437/437 250/420/420
f 250/420/420 237/437/437 249/438/438
f 250/420/420 249/438/438 262/421/421
f 262/421/421 249/438/438 261/439/439
f 262/421/421 261/439/439 274/422/422
f 274/422/422 261/439/439 273/440/440
f 274/422/422 273/440/440 286/423/423
f 286/423/423 273/440/440 285/441/441
f 286/423/423 285/441/441 298/424/424
f 298/424/424 285/441/441 297/442/442
f 298/424/424 297/442/442 310/425/425
f 310/425/425 297/442/442 309/443/443
f 310/425/425 309/443/443 322/426/426
f 322/426/426 309/443/443 321/444/444
f 322/426/426 321/444/444 334/427/427
f 334/427/427 321/444/444 333/445/445
f 334/427/427 333/445/445 346/428/428
f 346/428/428 333/445/445 345/446/446
f 346/428/428 345/446/446 358/429/429
f 358/429/429 345/446/446 357/447/447
f 358/429/429 357/447/447 370/430/430
f 370/430/430 357/447/447 369/448/448
f 370/430/430 369/448/448 382/431/431
f 382/431/431 369/448/448 381/449/449
f 382/431/431 381/449/449 394/432/432
f 394/432/432 381/449/449 393/450/450
f 394/432/432 393/450/450 406/433/433
f 406/433/433 393/450/450 405/451/451
f 406/433/433 405/451/451 418/434/434
f 418/434/434 405/451/451 417/452/452
f 418/434/434 417/452/452 430/345/345
f 430/345/345 417/452/452 429/347/347
f 213/435/435 212/453/453 225/436/436
f 225/436/436 212/453/453 224/454/454
f 225/436/436 224/454/454 237/437/437
f 237/437/437 224/454/454 236/455/455
f 237/437/437 236/455/455 249/438/438
f 249/438/438 236/455/455 248/456/456
f 249/438/438 248/456/456 261/439/439
f 261/439/439 248/456/456 260/457/457
f 261/439/439 260/457/457 273/440/440
f 273/440/440 260/457/457 272/458/458
f 273/440/440 272/458/458 285/441/441
f 285/441/441 272/458/458 284/459/459
f 285/441/441 284/459/459 297/442/442
f 297/442/442 284/459/459 296/460/460
f 297/442/442 296/460/460 309/443/443
f 309/443/443 296/460/460 308/461/461
f 309/443/443 308/461/461 321/444/444
f 321/444/444 308/461/461 320/462/462
f 321/444/444 320/462/462 333/445/445
f 333/445/445 320/462/462 332/463/463
f 333/445/445 332/463/463 345/446/446
f 345/446/446 332/463/463 344/464/464
f 345/446/446 344/464/464 357/447/447
f 357/447/447 344/464/464 356/465/465
f 357/447/447 356/465/465 369/448/448
f 369/448/448 356/465/465 368/466/466
f 369/448/448 368/466/466 381/449/449
f 381/449/449 368/466/466 380/467/467
f 381/449/449 380/467/467 393/450/450
f 393/450/450 380/467/467 392/468/468
f 393/450/450 392/468/468 405/451/451
f 405/451/451 392/468/468 404/469/469
f 405/451/451 404/469/469 417/452/452
f 417/452/452 404/469/469 416/470/470
f 417/452/452 416/470/470 429/347/347
f 429/347/347 416/470/470 428/349/349
f 212/453/453 211/471/471 224/454/454
f 224/454/454 211/471/471 223/472/472
f 224/454/454 223/472/472 236/455/455
f 236/455/455 223/472/472 235/473/473
f 236/455/455 235/473/473 248/456/456
f 248/456/456 235/473/473 247/474/474
f 248/456/456 247/474/474 260/457/457
f 260/457/457 247/474/474 259/475/475
f 260/457/457 259/475/475 272/458/458
f 272/458/458 259/475/475 271/476/476
f 272/458/458 271/476/476 284/459/459
f 284/459/459 271/476/476 283/477/477
f 284/459/459 283/477/477 296/460/460
f 296/460/460 283/477/477 295/478/478
f 296/460/460 295/478/478 308/461/461
f 308/461/461 295/478/478 307/479/479
f 308/461/461 307/479/479 320/462/462
f 320/462/462 307/479/479 319/480/480
f 320/462/462 319/480/480 332/463/463
f 332/463/463 319/480/480 331/481/481
f 332/463/463 331/481/481 344/464/464
f 344/464/464 331/481/481 343/482/482
f 344/464/464 343/482/482 356/465/465
f 356/465/465 343/482/482 355/483/483
f 356/465/465 355/483/483 368/466/466
f 368/466/466 355/483/483 367/484/484
f 368/466/466 367/484/484 380/467/467
f 380/467/467 367/484/484 379/485/485
f 380/467/467 379/485/485 392/468/468
f 392/468/468 379/485/485 391/486/486
f 392/468/468 391/486/486 404/469/469
f 404/469/469 391/486/486 403/487/487
f 404/469/469 403/487/487 416/470/470
f 416/470/470 403/487/487 415/488/488
f 416/470/470 415/488/488 428/349/349
f 428/349/349 415/488/488 427/351/351
f 211/471/471 210/489/489 223/472/472
f 223/472/472 210/489/489 222/490/490
f 223/472/472 222/490/490 235/473/473
f 235/473/473 222/490/490 234/491/491
f 235/473/473 234/491/491 247/474/474
f 247/474/474 234/491/491 246/492/492
f 247/474/474 246/492/492 259/475/475
f 259/475/475 246/492/492 258/493/493
f 259/475/475 258/493/493 271/476/476
f 271/476/476 258/493/493 270/494/494
f 271/476/476 270/494/494 283/477/477
f 283/477/477 270/494/494 282/495/495
f 283/477/477 282/495/495 295/478/478
f 295/478/478 282/495/495 294/496/496
f 295/478/478 294/496/496 307/479/479
f 307/479/479 294/496/496 306/497/497
f 307/479/479 306/497/497 319/480/480
f 319/480/480 306/497/497 318/498/498
f 319/480/480 318/498/498 331/481/481
f 331/481/481 318/498/498 330/499/499
f 331/481/481 330/499/499 343/482/482
f 343/482/482 330/499/499 342/500/500
f 343/482/482 342/500/500 355/483/483
f 355/483/483 342/500/500 354/501/501
f 355/483/483 354/501/501 367/484/484
f 367/484/484 354/501/501 366/502/502
f 367/484/484 366/502/502 379/485/485
f 379/485/485 366/502/502 378/503/503
f 379/485/485 378/503/503 391/486/486
f 391/486/486 378/503/503 390/504/504
f 391/486/486 390/504/504 403/487/487
f 403/487/487 390/504/504 402/505/505
f 403/487/487 402/505/505 415/488/488
f 415/488/488 402/505/505 414/506/506
f 415/488/488 414/506/506 427/351/351
f 427/351/351 414/506/506 426/353/353
f 210/489/489 209/507/507 222/490/490
f 222/490/490 209/507/507 221/508/508
f 222/490/490 221/508/508 234/491/491
f 234/491/491 221/508/508 233/509/509
f 234/491/491 233/509/509 246/492/492
f 246/492/492 233/509/509 245/510/510
f 246/492/492 245/510/510 258/493/493
f 258/493/493 245/510/510 257/511/511
f 258/493/493 257/511/511 270/494/494
f 270/494/494 257/511/511 269/512/512
f 270/494/494 269/512/512 282/495/495
f 282/495/495 269/512/512 281/513/513
f 282/495/495 281/513/513 294/496/496
f 294/496/496 281/513/513 293/514/514
f 294/496/496 293/514/514 306/497/497
f 306/497/497 293/514/514 305/515/515
f 306/497/497 305/515/515 318/498/498
f 318/498/498 305/515/515 317/516/516
f 318/498/498 317/516/516 330/499/499
f 330/499/499 317/516/516 329/517/517
f 330/499/499 329/517/517 342/500/500
f 342/500/500 329/517/517 341/518/518
f 342/500/500 341/518/518 354/501/501
f 354/501/501 341/518/518 353/519/519
f 354/501/501 353/519/519 366/502/502
f 366/502/502 353/519/519 365/520/520
f 366/502/502 365/520/520 378/503/503
f 378/503/503 365/520/520 377/521/521
f 378/503/503 377/521/521 390/504/504
f 390/504/504 377/521/521 389/522/522
f 390/504/504 389/522/522 402/505/505
f 402/505/505 389/522/522 401/523/523
f 402/505/505 401/523/523 414/506/506
f 414/506/506 401/523/523 413/524/524
f 414/506/506 413/524/524 426/353/353
f 426/353/353 413/524/524 425/355/355
f 209/507/507 208/525/525 221/508/508
f 221/508/508 208/525/525 220/526/526
f 221/508/508 220/526/526 233/509/509
f 233/509/509 220/526/526 232/527/527
f 233/509/509 232/527/527 245/510/510
f 245/510/510 232/527/527 244/528/528
f 245/510/510 244/528/528 257/511/511
f 257/511/511 244/528/528 256/529/529
f 257/511/511 256/529/529 269/512/512
f 269/512/512 256/529/529 268/530/530
f 269/512/512 268/530/530 281/513/513
f 281/513/513 268/530/530 280/531/531
f 281/513/513 280/531/531 293/514/514
f 293/514/514 280/531/531 292/532/532
f 293/514/514 292/532/532 305/515/515
f 305/515/515 292/532/532 304/533/533
f 305/515/515 304/533/533 317/516/516
f 317/516/516 304/533/533 316/534/534
f 317/516/516 316/534/534 329/517/517
f 329/517/517 316/534/534 328/535/535
f 329/517/517 328/535/535 341/518/518
f 341/518/518 328/535/535 340/536/536
f 341/518/518 340/536/536 353/519/519
f 353/519/519 340/536/536 352/537/537
f 353/519/519 352/537/537 365/520/520
f 365/520/520 352/537/537 364/538/538
f 365/520/520 364/538/538 377/521/521
f 377/521/521 364/538/538 376/539/539
f 377/521/521 376/539/539 389/522/522
f 389/522/522 376/539/539 388/540/540
f 389/522/522 388/540/540 401/523/523
f 401/523/523 388/540/540 400/541/541
f 401/523/523 400/541/541 413/524/524
f 413/524/524 400/541/541 412/542/542
f 413/524/524 412/542/542 425/355/355
f 425/355/355 412/542/542 424/357/357
f 208/525/525 207/543/543 220/526/526
f 220/526/526 207/543/543 219/544/544
f 220/526/526 219/544/544 232/527/527
f 232/527/527 219/544/544 231/545/545
f 232/527/527 231/545/545 244/528/528
f 244/528/528 231/545/545 243/546/546
f 244/528/528 243/546/546 256/529/529
f 256/529/529 243/546/546 255/547/547
f 256/529/529 255/547/547 268/530/530
f 268/530/530 255/547/547 267/548/548
f 268/530/530 267/548/548 280/531/531
f 280/531/531 267/548/548 279/549/549
f 280/531/531 279/549/549 292/532/532
f 292/532/532 279/549/549 291/550/550
f 292/532/532 291/550/550 304/533/533
f 304/533/533 291/550/550 303/551/551
f 304/533/533 303/551/551 316/534/534
f 316/534/534 303/551/551 315/552/552
f 316/534/534 315/552/552 328/535/535
f 328/535/535 315/552/552 327/553/553
f 328/535/535 327/553/553 340/536/536
f 340/536/536 327/553/553 339/554/554
f 340/536/536 339/554/554 352/537/537
f 352/537/537 339/554/554 351/555/555
f 352/537/537 351/555/555 364/538/538
f 364/538/538 351/555/555 363/556/556
f 364/538/538 363/556/556 376/539/539
f 376/539/539 363/556/556 375/557/557
f 376/539/539 375/557/557 388/540/540
f 388/540/540 375/557/557 387/558/558
f 388/540/540 387/558/558 400/541/541
f 400/541/541 387/558/558 399/559/559
f 400/541/541 399/559/559 412/542/542
f 412/542/542 399/559/559 411/560/560
f 412/542/542 411/560/560 424/357/357
f 424/357/357 411/560/560 423/359/359
f 207/543/543 194/561/561 219/544/544
f 219/544/544 194/561/561 193/562/562
f 219/544/544 193/562/562 231/545/545
f 231/545/545 193/562/562 192/563/563
f 231/545/545 192/563/563 243/546/546
f 243/546/546 192/563/563 191/564/564
f 243/546/546 191/564/564 255/547/547
f 255/547/547 191/564/564 190/565/565
f 255/547/547 190/565/565 267/548/548
f 267/548/548 190/565/565 189/566/566
f 267/548/548 189/566/566 279/549/549
f 279/549/549 189/566/566 188/567/567
f 279/549/549 188/567/567 291/550/550
f 291/550/550 188/567/567 187/568/568
f 291/550/550 187/568/568 303/551/551
f 303/551/551 187/568/568 186/569/569
f 303/551/551 186/569/569 315/552/552
f 315/552/552 186/569/569 185/570/570
f 315/552/552 185/570/570 327/553/553
f 327/553/553 185/570/570 184/571/571
f 327/553/553 184/571/571 339/554/554
f 339/554/554 184/571/571 183/572/572
f 339/554/554 183/572/572 351/555/555
f 351/555/555 183/572/572 182/573/573
f 351/555/555 182/573/573 363/556/556
f 363/556/556 182/573/573 181/574/574
f 363/556/556 181/574/574 375/557/557
f 375/557/557 181/574/574 180/575/575
f 375/557/557 180/575/575 387/558/558
f 387/558/558 180/575/575 179/576/576
f 387/558/558 179/576/576 399/559/559
f 399/559/559 179/576/576 178/577/577
f 399/559/559 178/577/577 411/560/560
f 411/560/560 178/577/577 177/578/578
f 411/560/560 177/578/578 423/359/359
f 423/359/359 177/578/578 176/361/361
f 157/579/579 206/580/580 158/581/581
f 158/581/581 206/580/580 446/582/582
f 158/581/581 446/582/582 159/583/583
f 159/583/583 446/582/582 458/584/584
f 159/583/583 458/584/584 160/585/585
f 160/585/585 458/584/584 470/586/586
f 160/585/585 470/586/586 161/587/587
f 161/587/587 470/586/586 482/588/588
f 161/587/587 482/588/588 162/589/589
f 162/589/589 482/588/588 494/590/590
f 162/589/589 494/590/590 163/591/591
f 163/591/591 494/590/590 506/592/592
f 163/591/591 506/592/592 164/593/593
f 164/593/593 506/592/592 518/594/594
f 164/593/593 518/594/594 165/595/595
f 165/595/595 518/594/594 530/596/596
f 165/595/595 530/596/596 166/597/597
f 166/597/597 530/596/596 542/598/598
f 166/597/597 542/598/598 167/599/599
f 167/599/599 542/598/598 554/600/600
f 167/599/599 554/600/600 168/601/601
f 168/601/601 554/600/600 566/602/602
f 168/601/601 566/602/602 169/603/603
f 169/603/603 566/602/602 578/604/604
f 169/603/603 578/604/604 170/605/605
f 170/605/605 578/604/604 590/606/606
f 170/605/605 590/606/606 171/607/607
f 171/607/607 590/606/606 602/608/608
f 171/607/607 602/608/608 172/609/609
f 172/609/609 602/608/608 614/610/610
f 172/609/609 614/610/610 173/611/611
f 173/611/611 614/610/610 626/612/612
f 173/611/611 626/612/612 174/613/613
f 174/613/613 626/612/612 638/614/614
f 174/613/613 638/614/614 175/615/615
f 175/615/615 638/614/614 650/616/616
f 175/615/615 650/616/616 131/617/617
f 131/617/617 650/616/616 132/618/618
f 132/618/618 650/616/616 649/619/619
f 132/618/618 649/619/619 133/620/620
f 133/620/620 649/619/619 648/621/621
f 133/620/620 648/621/621 134/622/622
f 134/622/622 648/621/621 647/623/623
f 134/622/622 647/623/623 135/624/624
f 135/624/624 647/623/623 646/625/625
f 135/624/624 646/625/625 136/626/626
f 136/626/626 646/625/625 645/627/627
f 136/626/626 645/627/627 137/628/628
f 137/628/628 645/627/627 644/629/629
f 137/628/628 644/629/629 138/630/630
f 138/630/630 644/629/629 643/631/631
f 138/630/630 643/631/631 139/632/632
f 139/632/632 643/631/631 642/633/633
f 139/632/632 642/633/633 140/634/634
f 140/634/634 642/633/633 641/635/635
f 140/634/634 641/635/635 141/636/636
f 141/636/636 641/635/635 640/637/637
f 141/636/636 640/637/637 142/638/638
f 142/638/638 640/637/637 639/639/639
f 142/638/638 639/639/639 143/640/640
f 143/640/640 639/639/639 92/641/641
f 143/640/640 92/641/641 91/642/642
f 206/580/580 205/643/643 446/582/582
f 446/582/582 205/643/643 445/644/644
f 446/582/582 445/644/644 458/584/584
f 458/584/584 445/644/644 457/645/645
f 458/584/584 457/645/645 470/586/586
f 470/586/586 457/645/645 469/646/646
f 470/586/586 469/646/646 482/588/588
f 482/588/588 469/646/646 481/647/647
f 482/588/588 481/647/647 494/590/590
f 494/590/590 481/647/647 493/648/648
f 494/590/590 493/648/648 506/592/592
f 506/592/592 493/648/648 505/649/649
f 506/592/592 505/649/649 518/594/594
f 518/594/594 505/649/649 517/650/650
f 518/594/594 517/650/650 530/596/596
f 530/596/596 517/650/650 529/651/651
f 530/596/596 529/651/651 542/598/598
f 542/598/598 529/651/651 541/652/652
f 542/598/598 541/652/652 554/600/600
f 554/600/600 541/652/652 553/653/653
f 554/600/600 553/653/653 566/602/602
f 566/602/602 553/653/653 565/654/654
f 566/602/602 565/654/654 578/604/604
f 578/604/604 565/654/654 577/655/655
f 578/604/604 577/655/655 590/606/606
f 590/606/606 577/655/655 589/656/656
f 590/606/606 589/656/656 602/608/608
f 602/608/608 589/656/656 601/657/657
f 602/608/608 601/657/657 614/610/610
f 614/610/610 601/657/657 613/658/658
f 614/610/610 613/658/658 626/612/612
f 626/612/612 613/658/658 625/659/659
f 626/612/612 625/659/659 638/614/614
f 638/614/614 625/659/659 637/660/660
f 638/614/614 637/660/660 650/616/616
f 650/616/616 637/660/660 649/619/619
f 205/643/643 204/661/661 445/644/644
f 445/644/644 204/661/661 444/662/662
f 445/644/644 444/662/662 457/645/645
f 457/645/645 444/662/662 456/663/663
f 457/645/645 456/663/663 469/646/646
f 469/646/646 456/663/663 468/664/664
f 469/646/646 468/664/664 481/647/647
f 481/647/647 468/664/664 480/665/665
f 481/647/647 480/665/665 493/648/648
f 493/648/648 480/665/665 492/666/666
f 493/648/648 492/666/666 505/649/649
f 505/649/649 492/666/666 504/667/667
f 505/649/649 504/667/667 517/650/650
f 517/650/650 504/667/667 516/668/668
f 517/650/650 516/668/668 529/651/651
f 529/651/651 516/668/668 528/669/669
f 529/651/651 528/669/669 541/652/652
f 541/652/652 528/669/669 540/670/670
f 541/652/652 540/670/670 553/653/653
f 553/653/653 540/670/670 552/671/671
f 553/653/653 552/671/671 565/654/654
f 565/654/654 552/671/671 564/672/672
f 565/654/654 564/672/672 577/655/655
f 577/655/655 564/672/672 576/673/673
f 577/655/655 576/673/673 589/656/656
f 589/656/656 576/673/673 588/674/674
f 589/656/656 588/674/674 601/657/657
f 601/657/657 588/674/674 600/675/675
f 601/657/657 600/675/675 613/658/658
f 613/658/658 600/675/675 612/676/676
f 613/658/658 612/676/676 625/659/659
f 625/659/659 612/676/676 624/677/677
f 625/659/659 624/677/677 637/660/660
f 637/660/660 624/677/677 636/678/678
f 637/660/660 636/678/678 649/619/619
f 649/619/619 636/678/678 648/621/621
f 204/661/661 203/679/679 444/662/662
f 444/662/662 203/679/679 443/680/680
f 444/662/662 443/680/680 456/663/663
f 456/663/663 443/680/680 455/681/681
f 456/663/663 455/681/681 468/664/664
f 468/664/664 455/681/681 467/682/682
f 468/664/664 467/682/682 480/665/665
f 480/665/665 467/682/682 479/683/683
f 480/665/665 479/683/683 492/666/666
f 492/666/666 479/683/683 491/684/684
f 492/666/666 491/684/684 504/667/667
f 504/667/667 491/684/684 503/685/685
f 504/667/667 503/685/685 516/668/668
f 516/668/668 503/685/685 515/686/686
f 516/668/668 515/686/686 528/669/669
f 528/669/669 515/686/686 527/687/687
f 528/669/669 527/687/687 540/670/670
f 540/670/670 527/687/687 539/688/688
f 540/670/670 539/688/688 552/671/671
f 552/671/671 539/688/688 551/689/689
f 552/671/671 551/689/689 564/672/672
f 564/672/672 551/689/689 563/690/690
f 564/672/672 563/690/690 576/673/673
f 576/673/673 563/690/690 575/691/691
f 576/673/673 575/691/691 588/674/674
f 588/674/674 575/691/691 587/692/692
f 588/674/674 587/692/692 600/675/675
f 600/675/675 587/692/692 599/693/693
f 600/675/675 599/693/693 612/676/676
f 612/676/676 599/693/693 611/694/694
f 612/676/676 611/694/694 624/677/677
f 624/677/677 611/694/694 623/695/695
f 624/677/677 623/695/695 636/678/678
f 636/678/678 623/695/695 635/696/696
f 636/678/678 635/696/696 648/621/621
f 648/621/621 635/696/696 647/623/623
f 203/679/679 202/697/697 443/680/680
f 443/680/680 202/697/697 442/698/698
f 443/680/680 442/698/698 455/681/681
f 455/681/681 442/698/698 454/699/699
f 455/681/681 454/699/699 467/682/682
f 467/682/682 454/699/699 466/700/700
f 467/682/682 466/700/700 479/683/683
f 479/683/683 466/700/700 478/701/701
f 479/683/683 478/701/701 491/684/684
f 491/684/684 478/701/701 490/702/702
f 491/684/684 490/702/702 503/685/685
f 503/685/685 490/702/702 502/703/703
f 503/685/685 502/703/703 515/686/686
f 515/686/686 502/703/703 514/704/704
f 515/686/686 514/704/704 527/687/687
f 527/687/687 514/704/704 526/705/705
f 527/687/687 526/705/705 539/688/688
f 539/688/688 526/705/705 538/706/706
f 539/688/688 538/706/706 551/689/689
f 551/689/689 538/706/706 550/707/707
f 551/689/689 550/707/707 563/690/690
f 563/690/690 550/707/707 562/708/708
f 563/690/690 562/708/708 575/691/691
f 575/691/691 562/708/708 574/709/709
f 575/691/691 574/709/709 587/692/692
f 587/692/692 574/709/709 586/710/710
f 587/692/692 586/710/710 599/693/693
f 599/693/693 586/710/710 598/711/711
f 599/693/693 598/711/711 611/694/694
f 611/694/694 598/711/711 610/712/712
f 611/694/694 610/712/712 623/695/695
f 623/695/695 610/712/712 622/713/713
f 623/695/695 622/713/713 635/696/696
f 635/696/696 622/713/713 634/714/714
f 635/696/696 634/714/714 647/623/623
f 647/623/623 634/714/714 646/625/625
f 202/697/697 201/715/715 442/698/698
f 442/698/698 201/715/715 441/716/716
f 442/698/698 441/716/716 454/699/699
f 454/699/699 441/716/716 453/717/717
f 454/699/699 453/717/717 466/700/700
f 466/700/700 453/717/717 465/718/718
f 466/700/700 465/718/718 478/701/701
f 478/701/701 465/718/718 477/719/719
f 478/701/701 477/719/719 490/702/702
f 490/702/702 477/719/719 489/720/720
f 490/702/702 489/720/720 502/703/703
f 502/703/703 489/720/720 501/721/721
f 502/703/703 501/721/721 514/704/704
f 514/704/704 501/721/721 513/722/722
f 514/704/704 513/722/722 526/705/705
f 526/705/705 513/722/722 525/723/723
f 526/705/705 525/723/723 538/706/706
f 538/706/706 525/723/723 537/724/724
f 538/706/706 537/724/724 550/707/707
f 550/707/707 537/724/724 549/725/725
f 550/707/707 549/725/725 562/708/708
f 562/708/708 549/725/725 561/726/726
f 562/708/708 561/726/726 574/709/709
f 574/709/709 561/726/726 573/727/727
f 574/709/709 573/727/727 586/710/710
f 586/710/710 573/727/727 585/728/728
f 586/710/710 585/728/728 598/711/711
f 598/711/711 585/728/728 597/729/729
f 598/711/711 597/729/729 610/712/712
f 610/712/712 597/729/729 609/730/730
f 610/712/712 609/730/730 622/713/713
f 622/713/713 609/730/730 621/731/731
f 622/713/713 621/731/731 634/714/714
f 634/714/714 621/731/731 633/732/732
f 634/714/714 633/732/732 646/625/625
f 646/625/625 633/732/732 645/627/627
f 201/715/715 200/733/733 441/716/716
f 441/716/716 200/733/733 440/734/734
f 441/716/716 440/734/734 453/717/717
f 453/717/717 440/734/734 452/735/735
f 453/717/717 452/735/735 465/718/718
f 465/718/718 452/735/735 464/736/736
f 465/718/718 464/736/736 477/719/719
f 477/719/719 464/736/736 476/737/737
f 477/719/719 476/737/737 489/720/720
f 489/720/720 476/737/737 488/738/738
f 489/720/720 488/738/738 501/721/721
f 501/721/721 488/738/738 500/739/739
f 501/721/721 500/739/739 513/722/722
f 513/722/722 500/739/739 512/740/740
f 513/722/722 512/740/740 525/723/723
f 525/723/723 512/740/740 524/741/741
f 525/723/723 524/741/741 537/724/724
f 537/724/724 524/741/741 536/742/742
f 537/724/724 536/742/742 549/725/725
f 549/725/725 536/742/742 548/743/743
f 549/725/725 548/743/743 561/726/726
f 561/726/726 548/743/743 560/744/744
f 561/726/726 560/744/744 573/727/727
f 573/727/727 560/744/744 572/745/745
f 573/727/727 572/745/745 585/728/728
f 585/728/728 572/745/745 584/746/746
f 585/728/728 584/746/746 597/729/729
f 597/729/729 584/746/746 596/747/747
f 597/729/729 596/747/747 609/730/730
f 609/730/730 596/747/747 608/748/748
f 609/730/730 608/748/748 621/731/731
f 621/731/731 608/748/748 620/749/749
f 621/731/731 620/749/749 633/732/732
f 633/732/732 620/749/749 632/750/750
f 633/732/732 632/750/750 645/627/627
f 645/627/627 632/750/750 644/629/629
f 200/733/733 199/751/751 440/734/734
f 440/734/734 199/751/751 439/752/752
f 440/734/734 439/752/752 452/735/735
f 452/735/735 439/752/752 451/753/753
f 452/735/735 451/753/753 464/736/736
f 464/736/736 451/753/753 463/754/754
f 464/736/736 463/754/754 476/737/737
f 476/737/737 463/754/754 475/755/755
f 476/737/737 475/755/755 488/738/738
f 488/738/738 475/755/755 487/756/756
f 488/738/738 487/756/756 500/739/739
f 500/739/739 487/756/756 499/757/757
f 500/739/739 499/757/757 512/740/740
f 512/740/740 499/757/757 511/758/758
f 512/740/740 511/758/758 524/741/741
f 524/741/741 511/758/758 523/759/759
f 524/741/741 523/759/759 536/742/742
f 536/742/742 523/759/759 535/760/760
f 536/742/742 535/760/760 548/743/743
f 548/743/743 535/760/760 547/761/761
f 548/743/743 547/761/761 560/744/744
f 560/744/744 547/761/761 559/762/762
f 560/744/744 559/762/762 572/745/745
f 572/745/745 559/762/762 571/763/763
f 572/745/745 571/763/763 584/746/746
f 584/746/746 571/763/763 583/764/764
f 584/746/746 583/764/764 596/747/747
f 596/747/747 583/764/764 595/765/765
f 596/747/747 595/765/765 608/748/748
f 608/748/748 595/765/765 607/766/766
f 608/748/748 607/766/766 620/749/749
f 620/749/749 607/766/766 619/767/767
f 620/749/749 619/767/767 632/750/750
f 632/750/750 619/767/767 631/768/768
f 632/750/750 631/768/768 644/629/629
f 644/629/629 631/768/768 643/631/631
f 199/751/751 198/769/769 439/752/752
f 439/752/752 198/769/769 438/770/770
f 439/752/752 438/770/770 451/753/753
f 451/753/753 438/770/770 450/771/771
f 451/753/753 450/771/771 463/754/754
f 463/754/754 450/771/771 462/772/772
f 463/754/754 462/772/772 475/755/755
f 475/755/755 462/772/772 474/773/773
f 475/755/755 474/773/773 487/756/756
f 487/756/756 474/773/773 486/774/774
f 487/756/756 486/774/774 499/757/757
f 499/757/757 486/774/774 498/775/775
f 499/757/757 498/775/775 511/758/758
f 511/758/758 498/775/775 510/776/776
f 511/758/758 510/776/776 523/759/759
f 523/759/759 510/776/776 522/777/777
f 523/759/759 522/777/777 535/760/760
f 535/760/760 522/777/777 534/778/778
f 535/760/760 534/778/778 547/761/761
f 547/761/761 534/778/778 546/779/779
f 547/761/761 546/779/779 559/762/762
f 559/762/762 546/779/779 558/780/780
f 559/762/762 558/780/780 571/763/763
f 571/763/763 558/780/780 570/781/781
f 571/763/763 570/781/781 583/764/764
f 583/764/764 570/781/781 582/782/782
f 583/764/764 582/782/782 595/765/765
f 595/765/765 582/782/782 594/783/783
f 595/765/765 594/783/783 607/766/766
f 607/766/766 594/783/783 606/784/784
f 607/766/766 606/784/784 619/767/767
f 619/767/767 606/784/784 618/785/785
f 619/767/767 618/785/785 631/768/768
f 631/768/768 618/785/785 630/786/786
f 631/768/768 630/786/786 643/631/631
f 643/631/631 630/786/786 642/633/633
f 198/769/769 197/787/787 438/770/770
f 438/770/770 197/787/787 437/788/788
f 438/770/770 437/788/788 450/771/771
f 450/771/771 437/788/788 449/789/789
f 450/771/771 449/789/789 462/772/772
f 462/772/772 449/789/789 461/790/790
f 462/772/772 461/790/790 474/773/773
f 474/773/773 461/790/790 473/791/791
f 474/773/773 473/791/791 486/774/774
f 486/774/774 473/791/791 485/792/792
f 486/774/774 485/792/792 498/775/775
f 498/775/775 485/792/792 497/793/793
f 498/775/775 497/793/793 510/776/776
f 510/776/776 497/793/793 509/794/794
f 510/776/776 509/794/794 522/777/777
f 522/777/777 509/794/794 521/795/795
f 522/777/777 521/795/795 534/778/778
f 534/778/778 521/795/795 533/796/796
f 534/778/778 533/796/796 546/779/779
f 546/779/779 533/796/796 545/797/797
f 546/779/779 545/797/797 558/780/780
f 558/780/780 545/797/797 557/798/798
f 558/780/780 557/798/798 570/781/781
f 570/781/781 557/798/798 569/799/799
f 570/781/781 569/799/799 582/782/782
f 582/782/782 569/799/799 581/800/800
f 582/782/782 581/800/800 594/783/783
f 594/783/783 581/800/800 593/801/801
f 594/783/783 593/801/801 606/784/784
f 606/784/784 593/801/801 605/802/802
f 606/784/784 605/802/802 618/785/785
f 618/785/785 605/802/802 617/803/803
f 618/785/785 617/803/803 630/786/786
f 630/786/786 617/803/803 629/804/804
f 630/786/786 629/804/804 642/633/633
f 642/633/633 629/804/804 641/635/635
f 197/787/787 196/805/805 437/788/788
f 437/788/788 196/805/805 436/806/806
f 437/788/788 436/806/806 449/789/789
f 449/789/789 436/806/806 448/807/807
f 449/789/789 448/807/807 461/790/790
f 461/790/790 448/807/807 460/808/808
f 461/790/790 460/808/808 473/791/791
f 473/791/791 460/808/808 472/809/809
f 473/791/791 472/809/809 485/792/792
f 485/792/792 472/809/809 484/810/810
f 485/792/792 484/810/810 497/793/793
f 497/793/793 484/810/810 496/811/811
f 497/793/793 496/811/811 509/794/794
f 509/794/794 496/811/811 508/812/812
f 509/794/794 508/812/812 521/795/795
f 521/795/795 508/812/812 520/813/813
f 521/795/795 520/813/813 533/796/796
f 533/796/796 520/813/813 532/814/814
f 533/796/796 532/814/814 545/797/797
f 545/797/797 532/814/814 544/815/815
f 545/797/797 544/815/815 557/798/798
f 557/798/798 544/815/815 556/816/816
f 557/798/798 556/816/816 569/799/799
f 569/799/799 556/816/816 568/817/817
f 569/799/799 568/817/817 581/800/800
f 581/800/800 568/817/817 580/818/818
f 581/800/800 580/818/818 593/801/801
f 593/801/801 580/818/818 592/819/819
f 593/801/801 592/819/819 605/802/802
f 605/802/802 592/819/819 604/820/820
f 605/802/802 604/820/820 617/803/803
f 617/803/803 604/820/820 616/821/821
f 617/803/803 616/821/821 629/804/804
f 629/804/804 616/821/821 628/822/822
f 629/804/804 628/822/822 641/635/635
f 641/635/635 628/822/822 640/637/637
f 196/805/805 195/823/823 436/806/806
f 436/806/806 195/823/823 435/824/824
f 436/806/806 435/824/824 448/807/807
f 448/807/807 435/824/824 447/825/825
f 448/807/807 447/825/825 460/808/808
f 460/808/808 447/825/825 459/826/826
f 460/808/808 459/826/826 472/809/809
f 472/809/809 459/826/826 471/827/827
f 472/809/809 471/827/827 484/810/810
f 484/810/810 471/827/827 483/828/828
f 484/810/810 483/828/828 496/811/811
f 496/811/811 483/828/828 495/829/829
f 496/811/811 495/829/829 508/812/812
f 508/812/812 495/829/829 507/830/830
f 508/812/812 507/830/830 520/813/813
f 520/813/813 507/830/830 519/831/831
f 520/813/813 519/831/831 532/814/814
f 532/814/814 519/831/831 531/832/832
f 532/814/814 531/832/832 544/815/815
f 544/815/815 531/832/832 543/833/833
f 544/815/815 543/833/833 556/816/816
f 556/816/816 543/833/833 555/834/834
f 556/816/816 555/834/834 568/817/817
f 568/817/817 555/834/834 567/835/835
f 568/817/817 567/835/835 580/818/818
f 580/818/818 567/835/835 579/836/836
f 580/818/818 579/836/836 592/819/819
f 592/819/819 579/836/836 591/837/837
f 592/819/819 591/837/837 604/820/820
f 604/820/820 591/837/837 603/838/838
f 604/820/820 603/838/838 616/821/821
f 616/821/821 603/838/838 615/839/839
f 616/821/821 615/839/839 628/822/822
f 628/822/822 615/839/839 627/840/840
f 628/822/822 627/840/840 640/637/637
f 640/637/637 627/840/840 639/639/639
f 195/823/823 110/841/841 435/824/824
f 435/824/824 110/841/841 109/842/842
f 435/824/824 109/842/842 447/825/825
f 447/825/825 109/842/842 108/843/843
f 447/825/825 108/843/843 459/826/826
f 459/826/826 108/843/843 107/844/844
f 459/826/826 107/844/844 471/827/827
f 471/827/827 107/844/844 106/845/845
f 471/827/827 106/845/845 483/828/828
f 483/828/828 106/845/845 105/846/846
f 483/828/828 105/846/846 495/829/829
f 495/829/829 105/846/846 104/847/847
f 495/829/829 104/847/847 507/830/830
f 507/830/830 104/847/847 103/848/848
f 507/830/830 103/848/848 519/831/831
f 519/831/831 103/848/848 102/849/849
f 519/831/831 102/849/849 531/832/832
f 531/832/832 102/849/849 101/850/850
f 531/832/832 101/850/850 543/833/833
f 543/833/833 101/850/850 100/851/851
f 543/833/833 100/851/851 555/834/834
f 555/834/834 100/851/851 99/852/852
f 555/834/834 99/852/852 567/835/835
f 567/835/835 99/852/852 98/853/853
f 567/835/835 98/853/853 579/836/836
f 579/836/836 98/853/853 97/854/854
f 579/836/836 97/854/854 591/837/837
f 591/837/837 97/854/854 96/855/855
f 591/837/837 96/855/855 603/838/838
f 603/838/838 96/855/855 95/856/856
f 603/838/838 95/856/856 615/839/839
f 615/839/839 95/856/856 94/857/857
f 615/839/839 94/857/857 627/840/840
f 627/840/840 94/857/857 93/858/858
f 627/840/840 93/858/858 639/639/639
f 639/639/639 93/858/858 92/641/641
g Body3

v -5.080000 113.270856 -57.154674
v -5.080000 104.620677 -63.042431
v -5.080000 95.970498 -68.930187
v -5.080000 87.320319 -74.817944
v -5.080000 78.670140 -80.705701
v -5.080000 70.019961 -86.593458
v -5.080000 61.369782 -92.481214
v -5.080000 52.719603 -98.368971
v -5.080000 44.069424 -104.256728
v -5.080000 35.419245 -110.144485
v -5.080000 26.769067 -116.032241
v -5.080000 18.118888 -121.919998
v -7.620000 18.118888 -121.919998
v -7.620000 26.769067 -116.032241
v -7.620000 35.419245 -110.144485
v -7.620000 44.069424 -104.256728
v -7.620000 52.719603 -98.368971
v -7.620000 61.369782 -92.481214
v -7.620000 70.019961 -86.593458
v -7.620000 78.670140 -80.705701
v -7.620000 87.320319 -74.817944
v -7.620000 95.970498 -68.930187
v -7.620000 104.620677 -63.042431
v -7.620000 113.270856 -57.154674
v -5.080000 209.742977 -121.919998
v -5.080000 200.972784 -116.032241
v -5.080000 192.202591 -110.144485
v -5.080000 183.432398 -104.256728
v -5.080000 174.662205 -98.368971
v -5.080000 165.892013 -92.481214
v -5.080000 157.121820 -86.593458
v -5.080000 148.351627 -80.705701
v -5.080000 139.581434 -74.817944
v -5.080000 130.811242 -68.930187
v -5.080000 122.041049 -63.042431
v -7.620000 122.041049 -63.042431
v -7.620000 130.811242 -68.930187
v -7.620000 139.581434 -74.817944
v -7.620000 148.351627 -80.705701
v -7.620000 157.121820 -86.593458
v -7.620000 165.892013 -92.481214
v -7.620000 174.662205 -98.368971
v -7.620000 183.432398 -104.256728
v -7.620000 192.202591 -110.144485
v -7.620000 200.972784 -116.032241
v -7.620000 209.742977 -121.919998
v -5.080000 215.899998 -121.919998
v -7.620000 215.899998 -121.919998
v -5.080000 215.899998 -114.299998
v -7.620000 215.899998 -114.299998
v -5.080000 122.688819 -50.744324
v -5.080000 132.009937 -57.099891
v -5.080000 141.331055 -63.455459
v -5.080000 150.652173 -69.811026
v -5.080000 159.973291 -76.166594
v -5.080000 169.294409 -82.522161
v -5.080000 178.615527 -88.877728
v -5.080000 187.936645 -95.233296
v -5.080000 197.257763 -101.588863
v -5.080000 206.578881 -107.944431
v -7.620000 206.578881 -107.944431
v -7.620000 197.257763 -101.588863
v -7.620000 187.936645 -95.233296
v -7.620000 178.615527 -88.877728
v -7.620000 169.294409 -82.522161
v -7.620000 159.973291 -76.166594
v -7.620000 150.652173 -69.811026
v -7.620000 141.331055 -63.455459
v -7.620000 132.009937 -57.099891
v -7.620000 122.688819 -50.744324
v -5.080000 215.899998 12.700000
v -5.080000 206.578881 6.355567
v -5.080000 197.257763 0.011135
v -5.080000 187.936645 -6.333297
v -5.080000 178.615527 -12.677730
v -5.080000 169.294409 -19.022162
v -5.080000 159.973291 -25.366594
v -5.080000 150.652173 -31.711027
v -5.080000 141.331055 -38.055459
v -5.080000 132.009937 -44.399891
v -7.620000 132.009937 -44.399891
v -7.620000 141.331055 -38.055459
v -7.620000 150.652173 -31.711027
v -7.620000 159.973291 -25.366594
v -7.620000 169.294409 -19.022162
v -7.620000 178.615527 -12.677730
v -7.620000 187.936645 -6.333297
v -7.620000 197.257763 0.011135
v -7.620000 206.578881 6.355567
v -7.620000 215.899998 12.700000
v -5.080000 215.899998 20.320000
v -7.620000 215.899998 20.320000
v -5.080000 209.742977 20.320000
v -7.620000 209.742977 20.320000
v -5.080000 114.020337 -44.833753
v -5.080000 122.722395 -38.910685
v -5.080000 131.424453 -32.987616
v -5.080000 140.126511 -27.064548
v -5.080000 148.828569 -21.141479
v -5.080000 157.530628 -15.218411
v -5.080000 166.232686 -9.295342
v -5.080000 174.934744 -3.372274
v -5.080000 183.636802 2.550794
v -5.080000 192.338860 8.473863
v -5.080000 201.040918 14.396931
v -7.620000 201.040918 14.396931
v -7.620000 192.338860 8.473863
v -7.620000 183.636802 2.550794
v -7.620000 174.934744 -3.372274
v -7.620000 166.232686 -9.295342
v -7.620000 157.530628 -15.218411
v -7.620000 148.828569 -21.141479
v -7.620000 140.126511 -27.064548
v -7.620000 131.424453 -32.987616
v -7.620000 122.722395 -38.910685
v -7.620000 114.020337 -44.833753
v -5.080000 18.465405 20.320000
v -5.080000 27.152217 14.396931
v -5.080000 35.839029 8.473863
v -5.080000 44.525841 2.550794
v -5.080000 53.212653 -3.372274
v -5.080000 61.899465 -9.295342
v -5.080000 70.586277 -15.218411
v -5.080000 79.273089 -21.141479
v -5.080000 87.959901 -27.064548
v -5.080000 96.646713 -32.987616
v -5.080000 105.333525 -38.910685
v -7.620000 105.333525 -38.910685
v -7.620000 96.646713 -32.987616
v -7.620000 87.959901 -27.064548
v -7.620000 79.273089 -21.141479
v -7.620000 70.586277 -15.218411
v -7.620000 61.899465 -9.295342
v -7.620000 53.212653 -3.372274
v -7.620000 44.525841 2.550794
v -7.620000 35.839029 8.473863
v -7.620000 27.152217 14.396931
v -7.620000 18.465405 20.320000
v -5.080000 10.160002 20.320000
v -7.620000 10.160002 20.320000
v -5.080000 10.160002 12.067480
v -7.620000 10.160002 12.067480
v -5.080000 104.534994 -51.289965
v -5.080000 95.955450 -45.530197
v -5.080000 87.375905 -39.770430
v -5.080000 78.796360 -34.010662
v -5.080000 70.216815 -28.250894
v -5.080000 61.637270 -22.491126
v -5.080000 53.057726 -16.731359
v -5.080000 44.478181 -10.971591
v -5.080000 35.898636 -5.211823
v -5.080000 27.319091 0.547944
v -5.080000 18.739546 6.307712
v -7.620000 18.739546 6.307712
v -7.620000 27.319091 0.547944
v -7.620000 35.898636 -5.211823
v -7.620000 44.478181 -10.971591
v -7.620000 53.057726 -16.731359
v -7.620000 61.637270 -22.491126
v -7.620000 70.216815 -28.250894
v -7.620000 78.796360 -34.010662
v -7.620000 87.375905 -39.770430
v -7.620000 95.955450 -45.530197
v -7.620000 104.534994 -51.289965
v -5.080000 10.160002 -115.526440
v -5.080000 18.739546 -109.686760
v -5.080000 27.319091 -103.847081
v -5.080000 35.898636 -98.007401
v -5.080000 44.478181 -92.167722
v -5.080000 53.057726 -86.328042
v -5.080000 61.637270 -80.488363
v -5.080000 70.216815 -74.648683
v -5.080000 78.796360 -68.809003
v -5.080000 87.375905 -62.969324
v -5.080000 95.955450 -57.129644
v -7.620000 95.955450 -57.129644
v -7.620000 87.375905 -62.969324
v -7.620000 78.796360 -68.809003
v -7.620000 70.216815 -74.648683
v -7.620000 61.637270 -80.488363
v -7.620000 53.057726 -86.328042
v -7.620000 44.478181 -92.167722
v -7.620000 35.898636 -98.007401
v -7.620000 27.319091 -103.847081
v -7.620000 18.739546 -109.686760
v -7.620000 10.160002 -115.526440
v -5.080000 10.160002 -121.919998
v -7.620000 10.160002 -121.919998
v -7.620000 183.426242 -100.036922
v -7.620000 31.816843 -110.978460
v -7.620000 20.988422 -110.978460
v -7.620000 42.645264 -100.036922
v -7.620000 64.302106 -89.095383
v -7.620000 53.473685 -89.095383
v -7.620000 107.615790 -45.329230
v -7.620000 107.615790 -56.270768
v -7.620000 96.787369 -45.329230
v -7.620000 96.787369 -34.387692
v -7.620000 96.787369 -67.212307
v -7.620000 85.958948 -34.387692
v -7.620000 64.302106 -23.446153
v -7.620000 64.302106 -12.504615
v -7.620000 75.130527 -23.446153
v -7.620000 53.473685 -12.504615
v -7.620000 31.816843 -1.563077
v -7.620000 31.816843 9.378461
v -7.620000 42.645264 -1.563077
v -7.620000 20.988422 9.378461
v -7.620000 118.444210 -45.329230
v -7.620000 118.444210 -56.270768
v -7.620000 129.272631 -56.270768
v -7.620000 129.272631 -67.212307
v -7.620000 129.272631 -45.329230
v -7.620000 140.110749 -34.387692
v -7.620000 150.929473 -23.446153
v -7.620000 161.757894 -12.504615
v -7.620000 161.757894 -23.446153
v -7.620000 183.414736 -1.563077
v -7.620000 194.243157 -1.563077
v -7.620000 205.071578 9.378461
v -7.620000 194.243157 9.378461
v -7.620000 140.101052 -67.212307
v -7.620000 161.757894 -78.153845
v -7.620000 161.757894 -89.095383
v -7.620000 194.243157 -100.036922
v -7.620000 205.071578 -110.978460
v -7.620000 194.243157 -110.978460
v -7.620000 75.130527 -78.153845
v -7.620000 85.958948 -67.212307
v -7.620000 172.586315 -12.504615
v -7.620000 150.929473 -78.153845
v -7.620000 172.586315 -89.095383
v -5.080000 129.272631 -45.329230
v -5.080000 31.816843 -110.978460
v -5.080000 20.988422 -110.978460
v -5.080000 64.302106 -89.095383
v -5.080000 53.473685 -89.095383
v -5.080000 96.787369 -34.387692
v -5.080000 96.787369 -45.329230
v -5.080000 107.615790 -56.270768
v -5.080000 107.615790 -45.329230
v -5.080000 118.444210 -56.270768
v -5.080000 118.444210 -45.329230
v -5.080000 129.272631 -67.212307
v -5.080000 129.272631 -56.270768
v -5.080000 140.101052 -67.212307
v -5.080000 150.929473 -78.153845
v -5.080000 161.757894 -89.095383
v -5.080000 161.757894 -78.153845
v -5.080000 183.426242 -100.036922
v -5.080000 194.243157 -100.036922
v -5.080000 205.071578 -110.978460
v -5.080000 194.243157 -110.978460
v -5.080000 140.110749 -34.387692
v -5.080000 161.757894 -23.446153
v -5.080000 161.757894 -12.504615
v -5.080000 194.243157 -1.563077
v -5.080000 183.414736 -1.563077
v -5.080000 205.071578 9.378461
v -5.080000 194.243157 9.378461
v -5.080000 85.958948 -34.387692
v -5.080000 64.302106 -12.504615
v -5.080000 64.302106 -23.446153
v -5.080000 75.130527 -23.446153
v -5.080000 53.473685 -12.504615
v -5.080000 31.816843 9.378461
v -5.080000 31.816843 -1.563077
v -5.080000 42.645264 -1.563077
v -5.080000 20.988422 9.378461
v -5.080000 42.645264 -100.036922
v -5.080000 75.130527 -78.153845
v -5.080000 85.958948 -67.212307
v -5.080000 96.787369 -67.212307
v -5.080000 172.586315 -89.095383
v -5.080000 150.929473 -23.446153
v -5.080000 172.586315 -12.504615
vt -0.000000 0.000000 0.000000
vt 10.463808 -0.000000 0.000000
vt 0.000000 2.540000 0.000000
vt 10.463808 2.540000 0.000000
vt 20.927616 -0.000000 0.000000
vt 20.927616 2.540000 0.000000
vt 31.391424 -0.000000 0.000000
vt 31.391424 2.540000 0.000000
vt 41.855232 -0.000000 0.000000
vt 41.855232 2.540000 0.000000
vt 52.319039 -0.000000 0.000000
vt 52.319039 2.540000 0.000000
vt 62.782847 -0.000000 0.000000
vt 62.782847 2.540000 0.000000
vt 73.246655 -0.000000 0.000000
vt 73.246655 2.540000 0.000000
vt 83.710463 -0.000000 0.000000
vt 83.710463 2.540000 0.000000
vt 94.174271 -0.000000 0.000000
vt 94.174271 2.540000 0.000000
vt 104.638079 -0.000000 0.000000
vt 104.638079 2.540000 0.000000
vt 115.101887 -0.000000 0.000000
vt 115.101887 2.540000 0.000000
vt 0.000000 0.000000 0.000000
vt 10.563236 0.000000 0.000000
vt 0.000000 2.540000 0.000000
vt 10.563236 2.540000 0.000000
vt 21.126473 0.000000 0.000000
vt 21.126473 2.540000 0.000000
vt 31.689709 0.000000 0.000000
vt 31.689709 2.540000 0.000000
vt 42.252945 0.000000 0.000000
vt 42.252945 2.540000 0.000000
vt 52.816181 0.000000 0.000000
vt 52.816181 2.540000 0.000000
vt 63.379418 0.000000 0.000000
vt 63.379418 2.540000 0.000000
vt 73.942654 0.000000 0.000000
vt 73.942654 2.540000 0.000000
vt 84.505890 0.000000 0.000000
vt 84.505890 2.540000 0.000000
vt 95.069127 0.000000 0.000000
vt 95.069127 2.540000 0.000000
vt 105.632363 0.000000 0.000000
vt 105.632363 2.540000 0.000000
vt 116.195599 0.000000 0.000000
vt 116.195599 2.540000 0.000000
vt -0.000000 0.000000 0.000000
vt 6.157022 0.000000 0.000000
vt 0.000000 2.540000 0.000000
vt 6.157022 2.540000 0.000000
vt 0.000000 0.000000 0.000000
vt 7.620000 0.000000 0.000000
vt 0.000000 2.540000 0.000000
vt 7.620000 2.540000 0.000000
vt -0.000000 0.000000 0.000000
vt 11.281688 0.000000 0.000000
vt -0.000000 2.540000 0.000000
vt 11.281688 2.540000 0.000000
vt 22.563375 0.000000 0.000000
vt 22.563375 2.540000 0.000000
vt 33.845063 0.000000 0.000000
vt 33.845063 2.540000 0.000000
vt 45.126751 0.000000 0.000000
vt 45.126751 2.540000 0.000000
vt 56.408438 0.000000 0.000000
vt 56.408438 2.540000 0.000000
vt 67.690126 0.000000 0.000000
vt 67.690126 2.540000 0.000000
vt 78.971814 0.000000 0.000000
vt 78.971814 2.540000 0.000000
vt 90.253502 0.000000 0.000000
vt 90.253502 2.540000 0.000000
vt 101.535189 0.000000 0.000000
vt 101.535189 2.540000 0.000000
vt 112.816877 0.000000 0.000000
vt 112.816877 2.540000 0.000000
vt -0.000000 0.000000 0.000000
vt 11.275418 -0.000000 0.000000
vt 0.000000 2.540000 0.000000
vt 11.275418 2.540000 0.000000
vt 22.550837 -0.000000 0.000000
vt 22.550837 2.540000 0.000000
vt 33.826255 -0.000000 0.000000
vt 33.826255 2.540000 0.000000
vt 45.101674 -0.000000 0.000000
vt 45.101674 2.540000 0.000000
vt 56.377092 -0.000000 0.000000
vt 56.377092 2.540000 0.000000
vt 67.652511 -0.000000 0.000000
vt 67.652511 2.540000 0.000000
vt 78.927929 -0.000000 0.000000
vt 78.927929 2.540000 0.000000
vt 90.203348 -0.000000 0.000000
vt 90.203348 2.540000 0.000000
vt 101.478766 -0.000000 0.000000
vt 101.478766 2.540000 0.000000
vt 112.754185 -0.000000 0.000000
vt 112.754185 2.540000 0.000000
vt 0.000000 0.000000 0.000000
vt 7.620000 0.000000 0.000000
vt 0.000000 2.540000 0.000000
vt 7.620000 2.540000 0.000000
vt 0.000000 0.000000 0.000000
vt 6.157022 0.000000 0.000000
vt 0.000000 2.540000 0.000000
vt 6.157022 2.540000 0.000000
vt 0.000000 0.000000 0.000000
vt 10.526564 0.000000 0.000000
vt 0.000000 2.540000 0.000000
vt 10.526564 2.540000 0.000000
vt 21.053129 0.000000 0.000000
vt 21.053129 2.540000 0.000000
vt 31.579693 0.000000 0.000000
vt 31.579693 2.540000 0.000000
vt 42.106257 0.000000 0.000000
vt 42.106257 2.540000 0.000000
vt 52.632822 0.000000 0.000000
vt 52.632822 2.540000 0.000000
vt 63.159386 0.000000 0.000000
vt 63.159386 2.540000 0.000000
vt 73.685950 0.000000 0.000000
vt 73.685950 2.540000 0.000000
vt 84.212515 0.000000 0.000000
vt 84.212515 2.540000 0.000000
vt 94.739079 0.000000 0.000000
vt 94.739079 2.540000 0.000000
vt 105.265643 0.000000 0.000000
vt 105.265643 2.540000 0.000000
vt 115.792208 0.000000 0.000000
vt 115.792208 2.540000 0.000000
vt 0.000000 0.000000 0.000000
vt 10.513964 0.000000 0.000000
vt 0.000000 2.540000 0.000000
vt 10.513964 2.540000 0.000000
vt 21.027928 0.000000 0.000000
vt 21.027928 2.540000 0.000000
vt 31.541892 0.000000 0.000000
vt 31.541892 2.540000 0.000000
vt 42.055857 0.000000 0.000000
vt 42.055857 2.540000 0.000000
vt 52.569821 0.000000 0.000000
vt 52.569821 2.540000 0.000000
vt 63.083785 0.000000 0.000000
vt 63.083785 2.540000 0.000000
vt 73.597749 0.000000 0.000000
vt 73.597749 2.540000 0.000000
vt 84.111713 0.000000 0.000000
vt 84.111713 2.540000 0.000000
vt 94.625677 0.000000 0.000000
vt 94.625677 2.540000 0.000000
vt 105.139641 0.000000 0.000000
vt 105.139641 2.540000 0.000000
vt 115.653606 0.000000 0.000000
vt 115.653606 2.540000 0.000000
vt 0.000000 0.000000 0.000000
vt 8.305403 0.000000 0.000000
vt 0.000000 2.540000 0.000000
vt 8.305403 2.540000 0.000000
vt 0.000000 0.000000 0.000000
vt 8.252520 0.000000 0.000000
vt 0.000000 2.540000 0.000000
vt 8.252520 2.540000 0.000000
vt -0.000000 0.000000 0.000000
vt 10.333611 0.000000 0.000000
vt -0.000000 2.540000 0.000000
vt 10.333611 2.540000 0.000000
vt 20.667222 0.000000 0.000000
vt 20.667222 2.540000 0.000000
vt 31.000833 0.000000 0.000000
vt 31.000833 2.540000 0.000000
vt 41.334443 0.000000 0.000000
vt 41.334443 2.540000 0.000000
vt 51.668054 0.000000 0.000000
vt 51.668054 2.540000 0.000000
vt 62.001665 0.000000 0.000000
vt 62.001665 2.540000 0.000000
vt 72.335276 0.000000 0.000000
vt 72.335276 2.540000 0.000000
vt 82.668887 0.000000 0.000000
vt 82.668887 2.540000 0.000000
vt 93.002498 0.000000 0.000000
vt 93.002498 2.540000 0.000000
vt 103.336108 0.000000 0.000000
vt 103.336108 2.540000 0.000000
vt 113.669719 0.000000 0.000000
vt 113.669719 2.540000 0.000000
vt -0.000000 -0.000000 0.000000
vt 10.378364 0.000000 0.000000
vt -0.000000 2.540000 0.000000
vt 10.378364 2.540000 0.000000
vt 20.756729 0.000000 0.000000
vt 20.756729 2.540000 0.000000
vt 31.135093 0.000000 0.000000
vt 31.135093 2.540000 0.000000
vt 41.513457 0.000000 0.000000
vt 41.513457 2.540000 0.000000
vt 51.891822 0.000000 0.000000
vt 51.891822 2.540000 0.000000
vt 62.270186 0.000000 0.000000
vt 62.270186 2.540000 0.000000
vt 72.648550 0.000000 0.000000
vt 72.648550 2.540000 0.000000
vt 83.026915 0.000000 0.000000
vt 83.026915 2.540000 0.000000
vt 93.405279 0.000000 0.000000
vt 93.405279 2.540000 0.000000
vt 103.783643 0.000000 0.000000
vt 103.783643 2.540000 0.000000
vt 114.162008 0.000000 0.000000
vt 114.162008 2.540000 0.000000
vt 0.000000 0.000000 0.000000
vt 6.393558 0.000000 0.000000
vt 0.000000 2.540000 0.000000
vt 6.393558 2.540000 0.000000
vt 0.000000 0.000000 0.000000
vt 7.958886 0.000000 0.000000
vt 0.000000 2.540000 0.000000
vt 7.958886 2.540000 0.000000
vt -71.119999 -102.869998 0.000000
vt -64.726440 -102.869998 0.000000
vt -71.119999 -94.911112 0.000000
vt -58.886761 -94.290454 0.000000
vt -60.178461 -92.041578 0.000000
vt -53.047081 -85.710909 0.000000
vt -60.178461 -81.213157 0.000000
vt -59.344485 -77.610755 0.000000
vt -65.232242 -86.260933 0.000000
vt -47.207402 -77.131364 0.000000
vt -49.236922 -70.384736 0.000000
vt -53.456729 -68.960576 0.000000
vt -47.568972 -60.310397 0.000000
vt -41.367722 -68.551819 0.000000
vt -38.295384 -59.556315 0.000000
vt -35.528043 -59.972274 0.000000
vt -38.295384 -48.727894 0.000000
vt -29.688363 -51.392730 0.000000
vt -35.793458 -43.010039 0.000000
vt -23.848684 -42.813185 0.000000
vt -27.353846 -37.899473 0.000000
vt -18.009004 -34.233640 0.000000
vt -29.905702 -34.359860 0.000000
vt -24.017945 -25.709681 0.000000
vt -16.412307 -27.071052 0.000000
vt -18.130188 -17.059502 0.000000
vt -12.169325 -25.654095 0.000000
vt -16.412307 -16.242631 0.000000
vt -6.329645 -17.074550 0.000000
vt -12.242431 -8.409323 0.000000
vt -5.470769 -5.414210 0.000000
vt -6.354675 0.240856 0.000000
vt 5.966246 0.990337 0.000000
vt -5.470769 5.414210 0.000000
vt 5.470769 5.414210 0.000000
vt 0.055676 9.658819 0.000000
vt 5.470769 16.242631 0.000000
vt 6.400108 18.979937 0.000000
vt 11.889315 9.692395 0.000000
vt 17.812383 18.394453 0.000000
vt -0.489966 -8.495006 0.000000
vt 5.470769 -5.414210 0.000000
vt 11.889315 -7.696475 0.000000
vt 5.470769 -16.242631 0.000000
vt 16.412307 -16.242631 0.000000
vt 5.269802 -17.074550 0.000000
vt 11.029570 -25.654095 0.000000
vt 16.412307 -27.071052 0.000000
vt 16.789337 -34.233640 0.000000
vt 23.735451 -25.070099 0.000000
vt 29.658520 -33.756911 0.000000
vt 27.353846 -37.899473 0.000000
vt 35.581588 -42.443723 0.000000
vt 27.353846 -48.727894 0.000000
vt 38.295384 -48.727894 0.000000
vt 28.308873 -51.392730 0.000000
vt 34.068640 -59.972274 0.000000
vt 22.549105 -42.813185 0.000000
vt 38.295384 -59.556315 0.000000
vt 39.828408 -68.551819 0.000000
vt 47.427725 -59.817347 0.000000
vt 49.236922 -70.384736 0.000000
vt 53.350794 -68.504159 0.000000
vt 59.273862 -77.190971 0.000000
vt 49.236922 -81.213157 0.000000
vt 60.178461 -81.213157 0.000000
vt 51.347944 -85.710909 0.000000
vt 60.178461 -92.041578 0.000000
vt 57.107711 -94.290454 0.000000
vt 62.867479 -102.869998 0.000000
vt 45.588176 -77.131364 0.000000
vt 71.119999 -102.869998 0.000000
vt 71.119999 -94.564595 0.000000
vt 65.196930 -85.877783 0.000000
vt 41.504657 -51.130535 0.000000
vt 17.812383 -16.383287 0.000000
vt 23.735451 27.096511 0.000000
vt 16.412307 27.080749 0.000000
vt 12.744540 28.301055 0.000000
vt 29.658520 35.798569 0.000000
vt 27.353846 37.899473 0.000000
vt 19.088973 37.622173 0.000000
vt 35.581588 44.500627 0.000000
vt 25.433405 46.943291 0.000000
vt 41.504657 53.202686 0.000000
vt 38.295384 48.727894 0.000000
vt 27.353846 48.727894 0.000000
vt 31.777837 56.264409 0.000000
vt 38.295384 59.556315 0.000000
vt 47.427725 61.904744 0.000000
vt 38.122270 65.585527 0.000000
vt 49.236922 70.384736 0.000000
vt 44.466702 74.906645 0.000000
vt 49.236922 81.213157 0.000000
vt 50.811134 84.227763 0.000000
vt 59.273862 79.308860 0.000000
vt 60.178461 81.213157 0.000000
vt 65.196930 88.010918 0.000000
vt 60.178461 92.041578 0.000000
vt 71.119999 96.712977 0.000000
vt 63.499999 102.869998 0.000000
vt 71.119999 102.869998 0.000000
vt 53.350794 70.606802 0.000000
vt 57.155567 93.548881 0.000000
vt -5.470769 16.242631 0.000000
vt -6.299892 18.979937 0.000000
vt -16.412307 16.242631 0.000000
vt -12.655459 28.301055 0.000000
vt -16.412307 27.071052 0.000000
vt -19.011027 37.622173 0.000000
vt -24.017945 26.551434 0.000000
vt -27.353846 37.899473 0.000000
vt -29.905702 35.321627 0.000000
vt -35.793458 44.091820 0.000000
vt -25.366594 46.943291 0.000000
vt -27.353846 48.727894 0.000000
vt -31.722162 56.264409 0.000000
vt -38.295384 48.727894 0.000000
vt -41.681215 52.862013 0.000000
vt -38.295384 59.556315 0.000000
vt -38.077729 65.585527 0.000000
vt -47.568972 61.632205 0.000000
vt -49.236922 70.396242 0.000000
vt -53.456729 70.402398 0.000000
vt -49.236922 81.213157 0.000000
vt -59.344485 79.172591 0.000000
vt -50.788864 84.227763 0.000000
vt -60.178461 81.213157 0.000000
vt -60.178461 92.041578 0.000000
vt -65.232242 87.942784 0.000000
vt -71.119999 96.712977 0.000000
vt -63.499999 102.869998 0.000000
vt -71.119999 102.869998 0.000000
vt -44.433297 74.906645 0.000000
vt -57.144432 93.548881 0.000000
vt -18.130188 17.781242 0.000000
vt -12.242431 9.011049 0.000000
vt -41.681215 -51.660218 0.000000
vt 71.119999 -102.869998 0.000000
vt 71.119999 -94.911112 0.000000
vt 64.726440 -102.869998 0.000000
vt 58.886761 -94.290454 0.000000
vt 60.178461 -92.041578 0.000000
vt 53.047081 -85.710909 0.000000
vt 60.178461 -81.213157 0.000000
vt 59.344485 -77.610755 0.000000
vt 65.232242 -86.260933 0.000000
vt 53.456729 -68.960576 0.000000
vt 49.236922 -70.384736 0.000000
vt 47.207402 -77.131364 0.000000
vt 47.568972 -60.310397 0.000000
vt 41.367722 -68.551819 0.000000
vt 38.295384 -59.556315 0.000000
vt 41.681215 -51.660218 0.000000
vt 38.295384 -48.727894 0.000000
vt 35.793458 -43.010039 0.000000
vt 29.688363 -51.392730 0.000000
vt 23.848684 -42.813185 0.000000
vt 27.353846 -37.899473 0.000000
vt 18.009004 -34.233640 0.000000
vt 29.905702 -34.359860 0.000000
vt 24.017945 -25.709681 0.000000
vt 16.412307 -27.071052 0.000000
vt 18.130188 -17.059502 0.000000
vt 12.169325 -25.654095 0.000000
vt 16.412307 -16.242631 0.000000
vt 6.329645 -17.074550 0.000000
vt 12.242431 -8.409323 0.000000
vt 5.470769 -5.414210 0.000000
vt 6.354675 0.240856 0.000000
vt -5.966246 0.990337 0.000000
vt 5.470769 5.414210 0.000000
vt -5.470769 5.414210 0.000000
vt -0.055676 9.658819 0.000000
vt -5.470769 16.242631 0.000000
vt -6.400108 18.979937 0.000000
vt -11.889315 9.692395 0.000000
vt -17.812383 18.394453 0.000000
vt -12.744540 28.301055 0.000000
vt -16.412307 27.080749 0.000000
vt -19.088973 37.622173 0.000000
vt -23.735451 27.096511 0.000000
vt -27.353846 37.899473 0.000000
vt -29.658520 35.798569 0.000000
vt -35.581588 44.500627 0.000000
vt -25.433405 46.943291 0.000000
vt -27.353846 48.727894 0.000000
vt -31.777837 56.264409 0.000000
vt -38.295384 48.727894 0.000000
vt -41.504657 53.202686 0.000000
vt 12.242431 9.011049 0.000000
vt 5.470769 16.242631 0.000000
vt 6.299892 18.979937 0.000000
vt 16.412307 16.242631 0.000000
vt 12.655459 28.301055 0.000000
vt 16.412307 27.071052 0.000000
vt 19.011027 37.622173 0.000000
vt 24.017945 26.551434 0.000000
vt 27.353846 37.899473 0.000000
vt 29.905702 35.321627 0.000000
vt 35.793458 44.091820 0.000000
vt 18.130188 17.781242 0.000000
vt 41.681215 52.862013 0.000000
vt 38.295384 48.727894 0.000000
vt 27.353846 48.727894 0.000000
vt 25.366594 46.943291 0.000000
vt 31.722162 56.264409 0.000000
vt 38.295384 59.556315 0.000000
vt 47.568972 61.632205 0.000000
vt 38.077729 65.585527 0.000000
vt 49.236922 70.396242 0.000000
vt 44.433297 74.906645 0.000000
vt 49.236922 81.213157 0.000000
vt 50.788864 84.227763 0.000000
vt 59.344485 79.172591 0.000000
vt 60.178461 81.213157 0.000000
vt 65.232242 87.942784 0.000000
vt 60.178461 92.041578 0.000000
vt 71.119999 96.712977 0.000000
vt 63.499999 102.869998 0.000000
vt 71.119999 102.869998 0.000000
vt 53.456729 70.402398 0.000000
vt 57.144432 93.548881 0.000000
vt -38.295384 59.556315 0.000000
vt -38.122270 65.585527 0.000000
vt -47.427725 61.904744 0.000000
vt -49.236922 70.384736 0.000000
vt -53.350794 70.606802 0.000000
vt -49.236922 81.213157 0.000000
vt -59.273862 79.308860 0.000000
vt -50.811134 84.227763 0.000000
vt -60.178461 81.213157 0.000000
vt -60.178461 92.041578 0.000000
vt -65.196930 88.010918 0.000000
vt -71.119999 96.712977 0.000000
vt -63.499999 102.869998 0.000000
vt -71.119999 102.869998 0.000000
vt -44.466702 74.906645 0.000000
vt -57.155567 93.548881 0.000000
vt -5.470769 -5.414210 0.000000
vt -11.889315 -7.696475 0.000000
vt -5.470769 -16.242631 0.000000
vt -16.412307 -16.242631 0.000000
vt -5.269802 -17.074550 0.000000
vt -11.029570 -25.654095 0.000000
vt -16.412307 -27.071052 0.000000
vt -16.789337 -34.233640 0.000000
vt -23.735451 -25.070099 0.000000
vt -29.658520 -33.756911 0.000000
vt -17.812383 -16.383287 0.000000
vt -27.353846 -37.899473 0.000000
vt -35.581588 -42.443723 0.000000
vt -27.353846 -48.727894 0.000000
vt -38.295384 -48.727894 0.000000
vt -28.308873 -51.392730 0.000000
vt -34.068640 -59.972274 0.000000
vt -38.295384 -59.556315 0.000000
vt -39.828408 -68.551819 0.000000
vt -47.427725 -59.817347 0.000000
vt -49.236922 -70.384736 0.000000
vt -53.350794 -68.504159 0.000000
vt -59.273862 -77.190971 0.000000
vt -41.504657 -51.130535 0.000000
vt -65.196930 -85.877783 0.000000
vt -60.178461 -81.213157 0.000000
vt -49.236922 -81.213157 0.000000
vt -45.588176 -77.131364 0.000000
vt -60.178461 -92.041578 0.000000
vt -71.119999 -94.564595 0.000000
vt -62.867479 -102.869998 0.000000
vt -71.119999 -102.869998 0.000000
vt -57.107711 -94.290454 0.000000
vt -51.347944 -85.710909 0.000000
vt -22.549105 -42.813185 0.000000
vt 0.489966 -8.495006 0.000000
vt 35.528043 -59.972274 0.000000
vn 0.000000 0.562678 -0.826676
vn 0.000000 0.562678 -0.826676
vn 0.000000 0.562678 -0.826676
vn 0.000000 0.562678 -0.826676
vn 0.000000 0.562678 -0.826676
vn 0.000000 0.562678 -0.826676
vn 0.000000 0.562678 -0.826676
vn 0.000000 0.562678 -0.826676
vn 0.000000 0.562678 -0.826676
vn 0.000000 0.562678 -0.826676
vn 0.000000 0.562678 -0.826676
vn 0.000000 0.562678 -0.826676
vn 0.000000 0.562678 -0.826676
vn 0.000000 0.562678 -0.826676
vn 0.000000 0.562678 -0.826676
vn 0.000000 0.562678 -0.826676
vn 0.000000 0.562678 -0.826676
vn 0.000000 0.562678 -0.826676
vn 0.000000 0.562678 -0.826676
vn 0.000000 0.562678 -0.826676
vn 0.000000 0.562678 -0.826676
vn 0.000000 0.562678 -0.826676
vn 0.000000 0.562678 -0.826676
vn 0.000000 0.562678 -0.826676
vn -0.000000 -0.557382 -0.830256
vn -0.000000 -0.557382 -0.830256
vn -0.000000 -0.557382 -0.830256
vn -0.000000 -0.557382 -0.830256
vn -0.000000 -0.557382 -0.830256
vn -0.000000 -0.557382 -0.830256
vn -0.000000 -0.557382 -0.830256
vn -0.000000 -0.557382 -0.830256
vn -0.000000 -0.557382 -0.830256
vn -0.000000 -0.557382 -0.830256
vn -0.000000 -0.557382 -0.830256
vn -0.000000 -0.557382 -0.830256
vn -0.000000 -0.557382 -0.830256
vn -0.000000 -0.557382 -0.830256
vn -0.000000 -0.557382 -0.830256
vn -0.000000 -0.557382 -0.830256
vn -0.000000 -0.557382 -0.830256
vn -0.000000 -0.557382 -0.830256
vn -0.000000 -0.557382 -0.830256
vn -0.000000 -0.557382 -0.830256
vn -0.000000 -0.557382 -0.830256
vn -0.000000 -0.557382 -0.830256
vn -0.000000 -0.557382 -0.830256
vn -0.000000 -0.557382 -0.830256
vn 0.000000 0.000000 -1.000000
vn 0.000000 0.000000 -1.000000
vn 0.000000 0.000000 -1.000000
vn 0.000000 0.000000 -1.000000
vn 0.000000 1.000000 0.000000
vn 0.000000 1.000000 0.000000
vn 0.000000 1.000000 0.000000
vn 0.000000 1.000000 0.000000
vn 0.000000 0.563353 0.826217
vn 0.000000 0.563353 0.826217
vn 0.000000 0.563353 0.826217
vn 0.000000 0.563353 0.826217
vn 0.000000 0.563353 0.826217
vn 0.000000 0.563353 0.826217
vn 0.000000 0.563353 0.826217
vn 0.000000 0.563353 0.826217
vn 0.000000 0.563353 0.826217
vn 0.000000 0.563353 0.826217
vn 0.000000 0.563353 0.826217
vn 0.000000 0.563353 0.826217
vn 0.000000 0.563353 0.826217
vn 0.000000 0.563353 0.826217
vn 0.000000 0.563353 0.826217
vn 0.000000 0.563353 0.826217
vn 0.000000 0.563353 0.826217
vn 0.000000 0.563353 0.826217
vn 0.000000 0.563353 0.826217
vn 0.000000 0.563353 0.826217
vn 0.000000 0.563353 0.826217
vn 0.000000 0.563353 0.826217
vn 0.000000 0.562678 -0.826676
vn 0.000000 0.562678 -0.826676
vn 0.000000 0.562678 -0.826676
vn 0.000000 0.562678 -0.826676
vn 0.000000 0.562678 -0.826676
vn 0.000000 0.562678 -0.826676
vn 0.000000 0.562678 -0.826676
vn 0.000000 0.562678 -0.826676
vn 0.000000 0.562678 -0.826676
vn 0.000000 0.562678 -0.826676
vn 0.000000 0.562678 -0.826676
vn 0.000000 0.562678 -0.826676
vn 0.000000 0.562678 -0.826676
vn 0.000000 0.562678 -0.826676
vn 0.000000 0.562678 -0.826676
vn 0.000000 0.562678 -0.826676
vn 0.000000 0.562678 -0.826676
vn 0.000000 0.562678 -0.826676
vn 0.000000 0.562678 -0.826676
vn 0.000000 0.562678 -0.826676
vn 0.000000 0.562678 -0.826676
vn 0.000000 0.562678 -0.826676
vn 0.000000 1.000000 0.000000
vn 0.000000 1.000000 0.000000
vn 0.000000 1.000000 0.000000
vn 0.000000 1.000000 0.000000
vn 0.000000 0.000000 1.000000
vn 0.000000 0.000000 1.000000
vn 0.000000 0.000000 1.000000
vn 0.000000 0.000000 1.000000
vn 0.000000 -0.562678 0.826676
vn 0.000000 -0.562678 0.826676
vn 0.000000 -0.562678 0.826676
vn 0.000000 -0.562678 0.826676
vn 0.000000 -0.562678 0.826676
vn 0.000000 -0.562678 0.826676
vn 0.000000 -0.562678 0.826676
vn 0.000000 -0.562678 0.826676
vn 0.000000 -0.562678 0.826676
vn 0.000000 -0.562678 0.826676
vn 0.000000 -0.562678 0.826676
vn 0.000000 -0.562678 0.826676
vn 0.000000 -0.562678 0.826676
vn 0.000000 -0.562678 0.826676
vn 0.000000 -0.562678 0.826676
vn 0.000000 -0.562678 0.826676
vn 0.000000 -0.562678 0.826676
vn 0.000000 -0.562678 0.826676
vn 0.000000 -0.562678 0.826676
vn 0.000000 -0.562678 0.826676
vn 0.000000 -0.562678 0.826676
vn 0.000000 -0.562678 0.826676
vn 0.000000 -0.562678 0.826676
vn 0.000000 -0.562678 0.826676
vn 0.000000 0.563353 0.826217
vn 0.000000 0.563353 0.826217
vn 0.000000 0.563353 0.826217
vn 0.000000 0.563353 0.826217
vn 0.000000 0.563353 0.826217
vn 0.000000 0.563353 0.826217
vn 0.000000 0.563353 0.826217
vn 0.000000 0.563353 0.826217
vn 0.000000 0.563353 0.826217
vn 0.000000 0.563353 0.826217
vn 0.000000 0.563353 0.826217
vn 0.000000 0.563353 0.826217
vn 0.000000 0.563353 0.826217
vn 0.000000 0.563353 0.826217
vn 0.000000 0.563353 0.826217
vn 0.000000 0.563353 0.826217
vn 0.000000 0.563353 0.826217
vn 0.000000 0.563353 0.826217
vn 0.000000 0.563353 0.826217
vn 0.000000 0.563353 0.826217
vn 0.000000 0.563353 0.826217
vn 0.000000 0.563353 0.826217
vn 0.000000 0.563353 0.826217
vn 0.000000 0.563353 0.826217
vn 0.000000 0.000000 1.000000
vn 0.000000 0.000000 1.000000
vn 0.000000 0.000000 1.000000
vn 0.000000 0.000000 1.000000
vn -0.000000 -1.000000 -0.000000
vn -0.000000 -1.000000 -0.000000
vn -0.000000 -1.000000 -0.000000
vn -0.000000 -1.000000 -0.000000
vn -0.000000 -0.557382 -0.830256
vn -0.000000 -0.557382 -0.830256
vn -0.000000 -0.557382 -0.830256
vn -0.000000 -0.557382 -0.830256
vn -0.000000 -0.557382 -0.830256
vn -0.000000 -0.557382 -0.830256
vn -0.000000 -0.557382 -0.830256
vn -0.000000 -0.557382 -0.830256
vn -0.000000 -0.557382 -0.830256
vn -0.000000 -0.557382 -0.830256
vn -0.000000 -0.557382 -0.830256
vn -0.000000 -0.557382 -0.830256
vn -0.000000 -0.557382 -0.830256
vn -0.000000 -0.557382 -0.830256
vn -0.000000 -0.557382 -0.830256
vn -0.000000 -0.557382 -0.830256
vn -0.000000 -0.557382 -0.830256
vn -0.000000 -0.557382 -0.830256
vn -0.000000 -0.557382 -0.830256
vn -0.000000 -0.557382 -0.830256
vn -0.000000 -0.557382 -0.830256
vn -0.000000 -0.557382 -0.830256
vn -0.000000 -0.557382 -0.830256
vn -0.000000 -0.557382 -0.830256
vn 0.000000 -0.562678 0.826676
vn 0.000000 -0.562678 0.826676
vn 0.000000 -0.562678 0.826676
vn 0.000000 -0.562678 0.826676
vn 0.000000 -0.562678 0.826676
vn 0.000000 -0.562678 0.826676
vn 0.000000 -0.562678 0.826676
vn 0.000000 -0.562678 0.826676
vn 0.000000 -0.562678 0.826676
vn 0.000000 -0.562678 0.826676
vn 0.000000 -0.562678 0.826676
vn 0.000000 -0.562678 0.826676
vn 0.000000 -0.562678 0.826676
vn 0.000000 -0.562678 0.826676
vn 0.000000 -0.562678 0.826676
vn 0.000000 -0.562678 0.826676
vn 0.000000 -0.562678 0.826676
vn 0.000000 -0.562678 0.826676
vn 0.000000 -0.562678 0.826676
vn 0.000000 -0.562678 0.826676
vn 0.000000 -0.562678 0.826676
vn 0.000000 -0.562678 0.826676
vn 0.000000 -0.562678 0.826676
vn 0.000000 -0.562678 0.826676
vn -0.000000 -1.000000 -0.000000
vn -0.000000 -1.000000 -0.000000
vn -0.000000 -1.000000 -0.000000
vn -0.000000 -1.000000 -0.000000
vn -0.000000 -0.000000 -1.000000
vn -0.000000 -0.000000 -1.000000
vn -0.000000 -0.000000 -1.000000
vn -0.000000 -0.000000 -1.000000
vn -1.000000 0.000000 0.000000
vn -1.000000 0.000000 0.000000
vn -1.000000 0.000000 0.000000
vn -1.000000 0.000000 0.000000
vn -1.000000 0.000000 0.000000
vn -1.000000 0.000000 0.000000
vn -1.000000 0.000000 0.000000
vn -1.000000 0.000000 0.000000
vn -1.000000 0.000000 0.000000
vn -1.000000 0.000000 0.000000
vn -1.000000 0.000000 0.000000
vn -1.000000 0.000000 0.000000
vn -1.000000 0.000000 0.000000
vn -1.000000 0.000000 0.000000
vn -1.000000 0.000000 0.000000
vn -1.000000 0.000000 0.000000
vn -1.000000 0.000000 0.000000
vn -1.000000 0.000000 0.000000
vn -1.000000 0.000000 0.000000
vn -1.000000 0.000000 0.000000
vn -1.000000 0.000000 0.000000
vn -1.000000 0.000000 0.000000
vn -1.000000 0.000000 0.000000
vn -1.000000 0.000000 0.000000
vn -1.000000 0.000000 0.000000
vn -1.000000 0.000000 0.000000
vn -1.000000 0.000000 0.000000
vn -1.000000 0.000000 0.000000
vn -1.000000 0.000000 0.000000
vn -1.000000 0.000000 0.000000
vn -1.000000 0.000000 0.000000
vn -1.000000 0.000000 0.000000
vn -1.000000 0.000000 0.000000
vn -1.000000 0.000000 0.000000
vn -1.000000 0.000000 0.000000
vn -1.000000 0.000000 0.000000
vn -1.000000 0.000000 0.000000
vn -1.000000 0.000000 0.000000
vn -1.000000 0.000000 0.000000
vn -1.000000 0.000000 0.000000
vn -1.000000 0.000000 0.000000
vn -1.000000 0.000000 0.000000
vn -1.000000 0.000000 0.000000
vn -1.000000 0.000000 0.000000
vn -1.000000 0.000000 0.000000
vn -1.000000 0.000000 0.000000
vn -1.000000 0.000000 0.000000
vn -1.000000 0.000000 0.000000
vn -1.000000 0.000000 0.000000
vn -1.000000 0.000000 0.000000
vn -1.000000 0.000000 0.000000
vn -1.000000 0.000000 0.000000
vn -1.000000 0.000000 0.000000
vn -1.000000 0.000000 0.000000
vn -1.000000 0.000000 0.000000
vn -1.000000 0.000000 0.000000
vn -1.000000 0.000000 0.000000
vn -1.000000 0.000000 0.000000
vn -1.000000 0.000000 0.000000
vn -1.000000 0.000000 0.000000
vn -1.000000 0.000000 0.000000
vn -1.000000 0.000000 0.000000
vn -1.000000 0.000000 0.000000
vn -1.000000 0.000000 0.000000
vn -1.000000 0.000000 0.000000
vn -1.000000 0.000000 0.000000
vn -1.000000 0.000000 0.000000
vn -1.000000 0.000000 0.000000
vn -1.000000 0.000000 0.000000
vn -1.000000 0.000000 0.000000
vn -1.000000 0.000000 0.000000
vn -1.000000 0.000000 0.000000
vn -1.000000 0.000000 0.000000
vn -1.000000 0.000000 0.000000
vn -1.000000 0.000000 0.000000
vn -1.000000 0.000000 0.000000
vn -1.000000 0.000000 0.000000
vn -1.000000 0.000000 0.000000
vn -1.000000 0.000000 0.000000
vn -1.000000 0.000000 0.000000
vn -1.000000 0.000000 0.000000
vn -1.000000 0.000000 0.000000
vn -1.000000 0.000000 0.000000
vn -1.000000 0.000000 0.000000
vn -1.000000 0.000000 0.000000
vn -1.000000 0.000000 0.000000
vn -1.000000 0.000000 0.000000
vn -1.000000 0.000000 0.000000
vn -1.000000 0.000000 0.000000
vn -1.000000 0.000000 0.000000
vn -1.000000 0.000000 0.000000
vn -1.000000 0.000000 0.000000
vn -1.000000 0.000000 0.000000
vn -1.000000 0.000000 0.000000
vn -1.000000 0.000000 0.000000
vn -1.000000 0.000000 0.000000
vn -1.000000 0.000000 0.000000
vn -1.000000 0.000000 0.000000
vn -1.000000 0.000000 0.000000
vn -1.000000 0.000000 0.000000
vn -1.000000 0.000000 0.000000
vn -1.000000 0.000000 0.000000
vn -1.000000 0.000000 0.000000
vn -1.000000 0.000000 0.000000
vn -1.000000 0.000000 0.000000
vn -1.000000 0.000000 0.000000
vn -1.000000 0.000000 0.000000
vn -1.000000 0.000000 0.000000
vn -1.000000 0.000000 0.000000
vn -1.000000 0.000000 0.000000
vn -1.000000 0.000000 0.000000
vn -1.000000 0.000000 0.000000
vn -1.000000 0.000000 0.000000
vn -1.000000 0.000000 0.000000
vn -1.000000 0.000000 0.000000
vn -1.000000 0.000000 0.000000
vn -1.000000 0.000000 0.000000
vn -1.000000 0.000000 0.000000
vn -1.000000 0.000000 0.000000
vn -1.000000 0.000000 0.000000
vn -1.000000 0.000000 0.000000
vn -1.000000 0.000000 0.000000
vn -1.000000 0.000000 0.000000
vn -1.000000 0.000000 0.000000
vn -1.000000 0.000000 0.000000
vn -1.000000 0.000000 0.000000
vn -1.000000 0.000000 0.000000
vn -1.000000 0.000000 0.000000
vn -1.000000 0.000000 0.000000
vn -1.000000 0.000000 0.000000
vn -1.000000 0.000000 0.000000
vn -1.000000 0.000000 0.000000
vn -1.000000 0.000000 0.000000
vn -1.000000 0.000000 0.000000
vn -1.000000 0.000000 0.000000
vn -1.000000 0.000000 0.000000
vn -1.000000 0.000000 0.000000
vn -1.000000 0.000000 0.000000
vn 1.000000 -0.000000 -0.000000
vn 1.000000 -0.000000 -0.000000
vn 1.000000 -0.000000 -0.000000
vn 1.000000 -0.000000 -0.000000
vn 1.000000 -0.000000 -0.000000
vn 1.000000 -0.000000 -0.000000
vn 1.000000 -0.000000 -0.000000
vn 1.000000 -0.000000 -0.000000
vn 1.000000 -0.000000 -0.000000
vn 1.000000 -0.000000 -0.000000
vn 1.000000 -0.000000 -0.000000
vn 1.000000 -0.000000 -0.000000
vn 1.000000 -0.000000 -0.000000
vn 1.000000 -0.000000 -0.000000
vn 1.000000 -0.000000 -0.000000
vn 1.000000 -0.000000 -0.000000
vn 1.000000 -0.000000 -0.000000
vn 1.000000 -0.000000 -0.000000
vn 1.000000 -0.000000 -0.000000
vn 1.000000 -0.000000 -0.000000
vn 1.000000 -0.000000 -0.000000
vn 1.000000 -0.000000 -0.000000
vn 1.000000 -0.000000 -0.000000
vn 1.000000 -0.000000 -0.000000
vn 1.000000 -0.000000 -0.000000
vn 1.000000 -0.000000 -0.000000
vn 1.000000 -0.000000 -0.000000
vn 1.000000 -0.000000 -0.000000
vn 1.000000 -0.000000 -0.000000
vn 1.000000 -0.000000 -0.000000
vn 1.000000 -0.000000 -0.000000
vn 1.000000 -0.000000 -0.000000
vn 1.000000 -0.000000 -0.000000
vn 1.000000 -0.000000 -0.000000
vn 1.000000 -0.000000 -0.000000
vn 1.000000 -0.000000 -0.000000
vn 1.000000 -0.000000 -0.000000
vn 1.000000 -0.000000 -0.000000
vn 1.000000 -0.000000 -0.000000
vn 1.000000 -0.000000 -0.000000
vn 1.000000 -0.000000 -0.000000
vn 1.000000 -0.000000 -0.000000
vn 1.000000 -0.000000 -0.000000
vn 1.000000 -0.000000 -0.000000
vn 1.000000 -0.000000 -0.000000
vn 1.000000 -0.000000 -0.000000
vn 1.000000 -0.000000 -0.000000
vn 1.000000 -0.000000 -0.000000
vn 1.000000 -0.000000 -0.000000
vn 1.000000 -0.000000 -0.000000
vn 1.000000 -0.000000 -0.000000
vn 1.000000 -0.000000 -0.000000
vn 1.000000 -0.000000 -0.000000
vn 1.000000 -0.000000 -0.000000
vn 1.000000 -0.000000 -0.000000
vn 1.000000 -0.000000 -0.000000
vn 1.000000 -0.000000 -0.000000
vn 1.000000 -0.000000 -0.000000
vn 1.000000 -0.000000 -0.000000
vn 1.000000 -0.000000 -0.000000
vn 1.000000 -0.000000 -0.000000
vn 1.000000 -0.000000 -0.000000
vn 1.000000 -0.000000 -0.000000
vn 1.000000 -0.000000 -0.000000
vn 1.000000 -0.000000 -0.000000
vn 1.000000 -0.000000 -0.000000
vn 1.000000 -0.000000 -0.000000
vn 1.000000 -0.000000 -0.000000
vn 1.000000 -0.000000 -0.000000
vn 1.000000 -0.000000 -0.000000
vn 1.000000 -0.000000 -0.000000
vn 1.000000 -0.000000 -0.000000
vn 1.000000 -0.000000 -0.000000
vn 1.000000 -0.000000 -0.000000
vn 1.000000 -0.000000 -0.000000
vn 1.000000 -0.000000 -0.000000
vn 1.000000 -0.000000 -0.000000
vn 1.000000 -0.000000 -0.000000
vn 1.000000 -0.000000 -0.000000
vn 1.000000 -0.000000 -0.000000
vn 1.000000 -0.000000 -0.000000
vn 1.000000 -0.000000 -0.000000
vn 1.000000 -0.000000 -0.000000
vn 1.000000 -0.000000 -0.000000
vn 1.000000 -0.000000 -0.000000
vn 1.000000 -0.000000 -0.000000
vn 1.000000 -0.000000 -0.000000
vn 1.000000 -0.000000 -0.000000
vn 1.000000 -0.000000 -0.000000
vn 1.000000 -0.000000 -0.000000
vn 1.000000 -0.000000 -0.000000
vn 1.000000 -0.000000 -0.000000
vn 1.000000 -0.000000 -0.000000
vn 1.000000 -0.000000 -0.000000
vn 1.000000 -0.000000 -0.000000
vn 1.000000 -0.000000 -0.000000
vn 1.000000 -0.000000 -0.000000
vn 1.000000 -0.000000 -0.000000
vn 1.000000 -0.000000 -0.000000
vn 1.000000 -0.000000 -0.000000
vn 1.000000 -0.000000 -0.000000
vn 1.000000 -0.000000 -0.000000
vn 1.000000 -0.000000 -0.000000
vn 1.000000 -0.000000 -0.000000
vn 1.000000 -0.000000 -0.000000
vn 1.000000 -0.000000 -0.000000
vn 1.000000 -0.000000 -0.000000
vn 1.000000 -0.000000 -0.000000
vn 1.000000 -0.000000 -0.000000
vn 1.000000 -0.000000 -0.000000
vn 1.000000 -0.000000 -0.000000
vn 1.000000 -0.000000 -0.000000
vn 1.000000 -0.000000 -0.000000
vn 1.000000 -0.000000 -0.000000
vn 1.000000 -0.000000 -0.000000
vn 1.000000 -0.000000 -0.000000
vn 1.000000 -0.000000 -0.000000
vn 1.000000 -0.000000 -0.000000
vn 1.000000 -0.000000 -0.000000
vn 1.000000 -0.000000 -0.000000
vn 1.000000 -0.000000 -0.000000
vn 1.000000 -0.000000 -0.000000
vn 1.000000 -0.000000 -0.000000
vn 1.000000 -0.000000 -0.000000
vn 1.000000 -0.000000 -0.000000
vn 1.000000 -0.000000 -0.000000
vn 1.000000 -0.000000 -0.000000
vn 1.000000 -0.000000 -0.000000
vn 1.000000 -0.000000 -0.000000
vn 1.000000 -0.000000 -0.000000
vn 1.000000 -0.000000 -0.000000
vn 1.000000 -0.000000 -0.000000
vn 1.000000 -0.000000 -0.000000
vn 1.000000 -0.000000 -0.000000
vn 1.000000 -0.000000 -0.000000
vn 1.000000 -0.000000 -0.000000
vn 1.000000 -0.000000 -0.000000
vn 1.000000 -0.000000 -0.000000
usemtl Aluminum_-_Anodized_Rough_(Grey)
f 651/859/859 652/860/860 674/861/861
f 674/861/861 652/860/860 673/862/862
f 673/862/862 652/860/860 653/863/863
f 673/862/862 653/863/863 672/864/864
f 672/864/864 653/863/863 654/865/865
f 672/864/864 654/865/865 671/866/866
f 671/866/866 654/865/865 655/867/867
f 671/866/866 655/867/867 670/868/868
f 670/868/868 655/867/867 656/869/869
f 670/868/868 656/869/869 669/870/870
f 669/870/870 656/869/869 657/871/871
f 669/870/870 657/871/871 668/872/872
f 668/872/872 657/871/871 658/873/873
f 668/872/872 658/873/873 667/874/874
f 667/874/874 658/873/873 659/875/875
f 667/874/874 659/875/875 666/876/876
f 666/876/876 659/875/875 660/877/877
f 666/876/876 660/877/877 665/878/878
f 665/878/878 660/877/877 661/879/879
f 665/878/878 661/879/879 664/880/880
f 664/880/880 661/879/879 662/881/881
f 664/880/880 662/881/881 663/882/882
f 675/883/883 676/884/884 696/885/885
f 696/885/885 676/884/884 695/886/886
f 695/886/886 676/884/884 677/887/887
f 695/886/886 677/887/887 694/888/888
f 694/888/888 677/887/887 678/889/889
f 694/888/888 678/889/889 693/890/890
f 693/890/890 678/889/889 679/891/891
f 693/890/890 679/891/891 692/892/892
f 692/892/892 679/891/891 680/893/893
f 692/892/892 680/893/893 691/894/894
f 691/894/894 680/893/893 681/895/895
f 691/894/894 681/895/895 690/896/896
f 690/896/896 681/895/895 682/897/897
f 690/896/896 682/897/897 689/898/898
f 689/898/898 682/897/897 683/899/899
f 689/898/898 683/899/899 688/900/900
f 688/900/900 683/899/899 684/901/901
f 688/900/900 684/901/901 687/902/902
f 687/902/902 684/901/901 685/903/903
f 687/902/902 685/903/903 686/904/904
f 686/904/904 685/903/903 651/905/905
f 686/904/904 651/905/905 674/906/906
f 697/907/907 675/908/908 698/909/909
f 698/909/909 675/908/908 696/910/910
f 699/911/911 697/912/912 700/913/913
f 700/913/913 697/912/912 698/914/914
f 701/915/915 702/916/916 720/917/917
f 720/917/917 702/916/916 719/918/918
f 719/918/918 702/916/916 703/919/919
f 719/918/918 703/919/919 718/920/920
f 718/920/920 703/919/919 704/921/921
f 718/920/920 704/921/921 717/922/922
f 717/922/922 704/921/921 705/923/923
f 717/922/922 705/923/923 716/924/924
f 716/924/924 705/923/923 706/925/925
f 716/924/924 706/925/925 715/926/926
f 715/926/926 706/925/925 707/927/927
f 715/926/926 707/927/927 714/928/928
f 714/928/928 707/927/927 708/929/929
f 714/928/928 708/929/929 713/930/930
f 713/930/930 708/929/929 709/931/931
f 713/930/930 709/931/931 712/932/932
f 712/932/932 709/931/931 710/933/933
f 712/932/932 710/933/933 711/934/934
f 711/934/934 710/933/933 699/935/935
f 711/934/934 699/935/935 700/936/936
f 721/937/937 722/938/938 740/939/939
f 740/939/939 722/938/938 739/940/940
f 739/940/940 722/938/938 723/941/941
f 739/940/940 723/941/941 738/942/942
f 738/942/942 723/941/941 724/943/943
f 738/942/942 724/943/943 737/944/944
f 737/944/944 724/943/943 725/945/945
f 737/944/944 725/945/945 736/946/946
f 736/946/946 725/945/945 726/947/947
f 736/946/946 726/947/947 735/948/948
f 735/948/948 726/947/947 727/949/949
f 735/948/948 727/949/949 734/950/950
f 734/950/950 727/949/949 728/951/951
f 734/950/950 728/951/951 733/952/952
f 733/952/952 728/951/951 729/953/953
f 733/952/952 729/953/953 732/954/954
f 732/954/954 729/953/953 730/955/955
f 732/954/954 730/955/955 731/956/956
f 731/956/956 730/955/955 701/957/957
f 731/956/956 701/957/957 720/958/958
f 741/959/959 721/960/960 742/961/961
f 742/961/961 721/960/960 740/962/962
f 743/963/963 741/964/964 744/965/965
f 744/965/965 741/964/964 742/966/966
f 745/967/967 746/968/968 766/969/969
f 766/969/969 746/968/968 765/970/970
f 765/970/970 746/968/968 747/971/971
f 765/970/970 747/971/971 764/972/972
f 764/972/972 747/971/971 748/973/973
f 764/972/972 748/973/973 763/974/974
f 763/974/974 748/973/973 749/975/975
f 763/974/974 749/975/975 762/976/976
f 762/976/976 749/975/975 750/977/977
f 762/976/976 750/977/977 761/978/978
f 761/978/978 750/977/977 751/979/979
f 761/978/978 751/979/979 760/980/980
f 760/980/980 751/979/979 752/981/981
f 760/980/980 752/981/981 759/982/982
f 759/982/982 752/981/981 753/983/983
f 759/982/982 753/983/983 758/984/984
f 758/984/984 753/983/983 754/985/985
f 758/984/984 754/985/985 757/986/986
f 757/986/986 754/985/985 755/987/987
f 757/986/986 755/987/987 756/988/988
f 756/988/988 755/987/987 743/989/989
f 756/988/988 743/989/989 744/990/990
f 767/991/991 768/992/992 788/993/993
f 788/993/993 768/992/992 787/994/994
f 787/994/994 768/992/992 769/995/995
f 787/994/994 769/995/995 786/996/996
f 786/996/996 769/995/995 770/997/997
f 786/996/996 770/997/997 785/998/998
f 785/998/998 770/997/997 771/999/999
f 785/998/998 771/999/999 784/1000/1000
f 784/1000/1000 771/999/999 772/1001/1001
f 784/1000/1000 772/1001/1001 783/1002/1002
f 783/1002/1002 772/1001/1001 773/1003/1003
f 783/1002/1002 773/1003/1003 782/1004/1004
f 782/1004/1004 773/1003/1003 774/1005/1005
f 782/1004/1004 774/1005/1005 781/1006/1006
f 781/1006/1006 774/1005/1005 775/1007/1007
f 781/1006/1006 775/1007/1007 780/1008/1008
f 780/1008/1008 775/1007/1007 776/1009/1009
f 780/1008/1008 776/1009/1009 779/1010/1010
f 779/1010/1010 776/1009/1009 777/1011/1011
f 779/1010/1010 777/1011/1011 778/1012/1012
f 778/1012/1012 777/1011/1011 745/1013/1013
f 778/1012/1012 745/1013/1013 766/1014/1014
f 789/1015/1015 767/1016/1016 790/1017/1017
f 790/1017/1017 767/1016/1016 788/1018/1018
f 791/1019/1019 789/1020/1020 792/1021/1021
f 792/1021/1021 789/1020/1020 790/1022/1022
f 793/1023/1023 794/1024/1024 814/1025/1025
f 814/1025/1025 794/1024/1024 813/1026/1026
f 813/1026/1026 794/1024/1024 795/1027/1027
f 813/1026/1026 795/1027/1027 812/1028/1028
f 812/1028/1028 795/1027/1027 796/1029/1029
f 812/1028/1028 796/1029/1029 811/1030/1030
f 811/1030/1030 796/1029/1029 797/1031/1031
f 811/1030/1030 797/1031/1031 810/1032/1032
f 810/1032/1032 797/1031/1031 798/1033/1033
f 810/1032/1032 798/1033/1033 809/1034/1034
f 809/1034/1034 798/1033/1033 799/1035/1035
f 809/1034/1034 799/1035/1035 808/1036/1036
f 808/1036/1036 799/1035/1035 800/1037/1037
f 808/1036/1036 800/1037/1037 807/1038/1038
f 807/1038/1038 800/1037/1037 801/1039/1039
f 807/1038/1038 801/1039/1039 806/1040/1040
f 806/1040/1040 801/1039/1039 802/1041/1041
f 806/1040/1040 802/1041/1041 805/1042/1042
f 805/1042/1042 802/1041/1041 803/1043/1043
f 805/1042/1042 803/1043/1043 804/1044/1044
f 804/1044/1044 803/1043/1043 791/1045/1045
f 804/1044/1044 791/1045/1045 792/1046/1046
f 815/1047/1047 816/1048/1048 836/1049/1049
f 836/1049/1049 816/1048/1048 835/1050/1050
f 835/1050/1050 816/1048/1048 817/1051/1051
f 835/1050/1050 817/1051/1051 834/1052/1052
f 834/1052/1052 817/1051/1051 818/1053/1053
f 834/1052/1052 818/1053/1053 833/1054/1054
f 833/1054/1054 818/1053/1053 819/1055/1055
f 833/1054/1054 819/1055/1055 832/1056/1056
f 832/1056/1056 819/1055/1055 820/1057/1057
f 832/1056/1056 820/1057/1057 831/1058/1058
f 831/1058/1058 820/1057/1057 821/1059/1059
f 831/1058/1058 821/1059/1059 830/1060/1060
f 830/1060/1060 821/1059/1059 822/1061/1061
f 830/1060/1060 822/1061/1061 829/1062/1062
f 829/1062/1062 822/1061/1061 823/1063/1063
f 829/1062/1062 823/1063/1063 828/1064/1064
f 828/1064/1064 823/1063/1063 824/1065/1065
f 828/1064/1064 824/1065/1065 827/1066/1066
f 827/1066/1066 824/1065/1065 825/1067/1067
f 827/1066/1066 825/1067/1067 826/1068/1068
f 826/1068/1068 825/1067/1067 793/1069/1069
f 826/1068/1068 793/1069/1069 814/1070/1070
f 837/1071/1071 815/1072/1072 838/1073/1073
f 838/1073/1073 815/1072/1072 836/1074/1074
f 662/1075/1075 837/1076/1076 663/1077/1077
f 663/1077/1077 837/1076/1076 838/1078/1078
f 838/1079/1079 836/1080/1080 663/1081/1081
f 663/1081/1081 836/1080/1080 835/1082/1082
f 663/1081/1081 835/1082/1082 841/1083/1083
f 841/1083/1083 835/1082/1082 834/1084/1084
f 841/1083/1083 834/1084/1084 840/1085/1085
f 840/1085/1085 834/1084/1084 665/1086/1086
f 840/1085/1085 665/1086/1086 664/1087/1087
f 834/1084/1084 833/1088/1088 665/1086/1086
f 665/1086/1086 833/1088/1088 842/1089/1089
f 665/1086/1086 842/1089/1089 666/1090/1090
f 666/1090/1090 842/1089/1089 667/1091/1091
f 667/1091/1091 842/1089/1089 832/1092/1092
f 667/1091/1091 832/1092/1092 844/1093/1093
f 844/1093/1093 832/1092/1092 831/1094/1094
f 844/1093/1093 831/1094/1094 843/1095/1095
f 843/1095/1095 831/1094/1094 830/1096/1096
f 843/1095/1095 830/1096/1096 669/1097/1097
f 669/1097/1097 830/1096/1096 829/1098/1098
f 669/1097/1097 829/1098/1098 878/1099/1099
f 878/1099/1099 829/1098/1098 828/1100/1100
f 878/1099/1099 828/1100/1100 670/1101/1101
f 670/1101/1101 828/1100/1100 671/1102/1102
f 671/1102/1102 828/1100/1100 879/1103/1103
f 671/1102/1102 879/1103/1103 672/1104/1104
f 672/1104/1104 879/1103/1103 827/1105/1105
f 672/1104/1104 827/1105/1105 849/1106/1106
f 849/1106/1106 827/1105/1105 826/1107/1107
f 849/1106/1106 826/1107/1107 673/1108/1108
f 673/1108/1108 826/1107/1107 846/1109/1109
f 673/1108/1108 846/1109/1109 674/1110/1110
f 674/1110/1110 846/1109/1109 766/1111/1111
f 674/1110/1110 766/1111/1111 860/1112/1112
f 860/1112/1112 766/1111/1111 859/1113/1113
f 860/1112/1112 859/1113/1113 720/1114/1114
f 720/1114/1114 859/1113/1113 863/1115/1115
f 720/1114/1114 863/1115/1115 731/1116/1116
f 731/1116/1116 863/1115/1115 765/1117/1117
f 731/1116/1116 765/1117/1117 764/1118/1118
f 833/1088/1088 832/1092/1092 842/1089/1089
f 828/1100/1100 827/1105/1105 879/1103/1103
f 826/1107/1107 814/1119/1119 846/1109/1109
f 846/1109/1109 814/1119/1119 845/1120/1120
f 846/1109/1109 845/1120/1120 766/1111/1111
f 766/1111/1111 845/1120/1120 778/1121/1121
f 778/1121/1121 845/1120/1120 847/1122/1122
f 778/1121/1121 847/1122/1122 848/1123/1123
f 848/1123/1123 847/1122/1122 813/1124/1124
f 848/1123/1123 813/1124/1124 812/1125/1125
f 845/1120/1120 814/1119/1119 847/1122/1122
f 847/1122/1122 814/1119/1119 813/1124/1124
f 848/1123/1123 812/1125/1125 850/1126/1126
f 850/1126/1126 812/1125/1125 811/1127/1127
f 850/1126/1126 811/1127/1127 780/1128/1128
f 780/1128/1128 811/1127/1127 781/1129/1129
f 781/1129/1129 811/1127/1127 853/1130/1130
f 781/1129/1129 853/1130/1130 782/1131/1131
f 782/1131/1131 853/1130/1130 851/1132/1132
f 782/1131/1131 851/1132/1132 852/1133/1133
f 852/1133/1133 851/1132/1132 809/1134/1134
f 852/1133/1133 809/1134/1134 808/1135/1135
f 811/1127/1127 810/1136/1136 853/1130/1130
f 853/1130/1130 810/1136/1136 851/1132/1132
f 810/1136/1136 809/1134/1134 851/1132/1132
f 852/1133/1133 808/1135/1135 854/1137/1137
f 854/1137/1137 808/1135/1135 807/1138/1138
f 854/1137/1137 807/1138/1138 784/1139/1139
f 784/1139/1139 807/1138/1138 857/1140/1140
f 784/1139/1139 857/1140/1140 785/1141/1141
f 785/1141/1141 857/1140/1140 786/1142/1142
f 786/1142/1142 857/1140/1140 855/1143/1143
f 786/1142/1142 855/1143/1143 856/1144/1144
f 856/1144/1144 855/1143/1143 805/1145/1145
f 856/1144/1144 805/1145/1145 858/1146/1146
f 858/1146/1146 805/1145/1145 804/1147/1147
f 858/1146/1146 804/1147/1147 792/1148/1148
f 807/1138/1138 806/1149/1149 857/1140/1140
f 857/1140/1140 806/1149/1149 855/1143/1143
f 806/1149/1149 805/1145/1145 855/1143/1143
f 790/1150/1150 788/1151/1151 792/1148/1148
f 792/1148/1148 788/1151/1151 858/1146/1146
f 788/1151/1151 787/1152/1152 858/1146/1146
f 858/1146/1146 787/1152/1152 856/1144/1144
f 787/1152/1152 786/1142/1142 856/1144/1144
f 784/1139/1139 783/1153/1153 854/1137/1137
f 854/1137/1137 783/1153/1153 852/1133/1133
f 783/1153/1153 782/1131/1131 852/1133/1133
f 780/1128/1128 779/1154/1154 850/1126/1126
f 850/1126/1126 779/1154/1154 848/1123/1123
f 779/1154/1154 778/1121/1121 848/1123/1123
f 766/1111/1111 765/1117/1117 859/1113/1113
f 859/1113/1113 765/1117/1117 863/1115/1115
f 763/1155/1155 864/1156/1156 764/1118/1118
f 764/1118/1118 864/1156/1156 732/1157/1157
f 764/1118/1118 732/1157/1157 731/1116/1116
f 762/1158/1158 865/1159/1159 763/1155/1155
f 763/1155/1155 865/1159/1159 733/1160/1160
f 763/1155/1155 733/1160/1160 864/1156/1156
f 864/1156/1156 733/1160/1160 732/1157/1157
f 762/1158/1158 761/1161/1161 865/1159/1159
f 865/1159/1159 761/1161/1161 734/1162/1162
f 865/1159/1159 734/1162/1162 733/1160/1160
f 760/1163/1163 866/1164/1164 761/1161/1161
f 761/1161/1161 866/1164/1164 867/1165/1165
f 761/1161/1161 867/1165/1165 734/1162/1162
f 734/1162/1162 867/1165/1165 735/1166/1166
f 735/1166/1166 867/1165/1165 866/1164/1164
f 735/1166/1166 866/1164/1164 760/1163/1163
f 735/1166/1166 760/1163/1163 880/1167/1167
f 880/1167/1167 760/1163/1163 759/1168/1168
f 880/1167/1167 759/1168/1168 736/1169/1169
f 736/1169/1169 759/1168/1168 868/1170/1170
f 736/1169/1169 868/1170/1170 737/1171/1171
f 737/1171/1171 868/1170/1170 869/1172/1172
f 737/1171/1171 869/1172/1172 738/1173/1173
f 738/1173/1173 869/1172/1172 757/1174/1174
f 738/1173/1173 757/1174/1174 871/1175/1175
f 871/1175/1175 757/1174/1174 756/1176/1176
f 871/1175/1175 756/1176/1176 870/1177/1177
f 870/1177/1177 756/1176/1176 744/1178/1178
f 870/1177/1177 744/1178/1178 740/1179/1179
f 740/1179/1179 744/1178/1178 742/1180/1180
f 759/1168/1168 758/1181/1181 868/1170/1170
f 868/1170/1170 758/1181/1181 869/1172/1172
f 758/1181/1181 757/1174/1174 869/1172/1172
f 740/1179/1179 739/1182/1182 870/1177/1177
f 870/1177/1177 739/1182/1182 738/1173/1173
f 870/1177/1177 738/1173/1173 871/1175/1175
f 736/1169/1169 735/1166/1166 880/1167/1167
f 860/1112/1112 720/1114/1114 861/1183/1183
f 861/1183/1183 720/1114/1114 719/1184/1184
f 861/1183/1183 719/1184/1184 862/1185/1185
f 862/1185/1185 719/1184/1184 718/1186/1186
f 862/1185/1185 718/1186/1186 872/1187/1187
f 872/1187/1187 718/1186/1186 717/1188/1188
f 872/1187/1187 717/1188/1188 688/1189/1189
f 688/1189/1189 717/1188/1188 881/1190/1190
f 688/1189/1189 881/1190/1190 689/1191/1191
f 689/1191/1191 881/1190/1190 690/1192/1192
f 690/1192/1192 881/1190/1190 716/1193/1193
f 690/1192/1192 716/1193/1193 873/1194/1194
f 873/1194/1194 716/1193/1193 715/1195/1195
f 873/1194/1194 715/1195/1195 874/1196/1196
f 874/1196/1196 715/1195/1195 691/1197/1197
f 874/1196/1196 691/1197/1197 690/1192/1192
f 717/1188/1188 716/1193/1193 881/1190/1190
f 691/1197/1197 715/1195/1195 882/1198/1198
f 882/1198/1198 715/1195/1195 714/1199/1199
f 882/1198/1198 714/1199/1199 692/1200/1200
f 692/1200/1200 714/1199/1199 839/1201/1201
f 692/1200/1200 839/1201/1201 693/1202/1202
f 693/1202/1202 839/1201/1201 875/1203/1203
f 693/1202/1202 875/1203/1203 694/1204/1204
f 694/1204/1204 875/1203/1203 712/1205/1205
f 694/1204/1204 712/1205/1205 877/1206/1206
f 877/1206/1206 712/1205/1205 876/1207/1207
f 877/1206/1206 876/1207/1207 695/1208/1208
f 695/1208/1208 876/1207/1207 696/1209/1209
f 696/1209/1209 876/1207/1207 700/1210/1210
f 696/1209/1209 700/1210/1210 698/1211/1211
f 714/1199/1199 713/1212/1212 839/1201/1201
f 839/1201/1201 713/1212/1212 875/1203/1203
f 713/1212/1212 712/1205/1205 875/1203/1203
f 712/1205/1205 711/1213/1213 876/1207/1207
f 876/1207/1207 711/1213/1213 700/1210/1210
f 695/1208/1208 694/1204/1204 877/1206/1206
f 692/1200/1200 691/1197/1197 882/1198/1198
f 688/1189/1189 687/1214/1214 872/1187/1187
f 872/1187/1187 687/1214/1214 862/1185/1185
f 687/1214/1214 686/1215/1215 862/1185/1185
f 862/1185/1185 686/1215/1215 861/1183/1183
f 861/1183/1183 686/1215/1215 860/1112/1112
f 860/1112/1112 686/1215/1215 674/1110/1110
f 673/1108/1108 672/1104/1104 849/1106/1106
f 670/1101/1101 669/1097/1097 878/1099/1099
f 669/1097/1097 668/1216/1216 843/1095/1095
f 843/1095/1095 668/1216/1216 844/1093/1093
f 668/1216/1216 667/1091/1091 844/1093/1093
f 840/1085/1085 664/1087/1087 841/1083/1083
f 841/1083/1083 664/1087/1087 663/1081/1081
f 873/1194/1194 874/1196/1196 690/1192/1192
f 837/1217/1217 662/1218/1218 815/1219/1219
f 815/1219/1219 662/1218/1218 816/1220/1220
f 816/1220/1220 662/1218/1218 885/1221/1221
f 816/1220/1220 885/1221/1221 817/1222/1222
f 817/1222/1222 885/1221/1221 884/1223/1223
f 817/1222/1222 884/1223/1223 660/1224/1224
f 660/1224/1224 884/1223/1223 661/1225/1225
f 661/1225/1225 884/1223/1223 885/1221/1221
f 661/1225/1225 885/1221/1221 662/1218/1218
f 659/1226/1226 920/1227/1227 660/1224/1224
f 660/1224/1224 920/1227/1227 818/1228/1228
f 660/1224/1224 818/1228/1228 817/1222/1222
f 659/1226/1226 658/1229/1229 920/1227/1227
f 920/1227/1227 658/1229/1229 819/1230/1230
f 920/1227/1227 819/1230/1230 818/1228/1228
f 819/1230/1230 658/1229/1229 887/1231/1231
f 887/1231/1231 658/1229/1229 657/1232/1232
f 887/1231/1231 657/1232/1232 886/1233/1233
f 886/1233/1233 657/1232/1232 656/1234/1234
f 886/1233/1233 656/1234/1234 821/1235/1235
f 821/1235/1235 656/1234/1234 822/1236/1236
f 822/1236/1236 656/1234/1234 921/1237/1237
f 822/1236/1236 921/1237/1237 823/1238/1238
f 823/1238/1238 921/1237/1237 655/1239/1239
f 823/1238/1238 655/1239/1239 654/1240/1240
f 656/1234/1234 655/1239/1239 921/1237/1237
f 823/1238/1238 654/1240/1240 922/1241/1241
f 922/1241/1241 654/1240/1240 653/1242/1242
f 922/1241/1241 653/1242/1242 824/1243/1243
f 824/1243/1243 653/1242/1242 923/1244/1244
f 824/1243/1243 923/1244/1244 825/1245/1245
f 825/1245/1245 923/1244/1244 652/1246/1246
f 825/1245/1245 652/1246/1246 890/1247/1247
f 890/1247/1247 652/1246/1246 651/1248/1248
f 890/1247/1247 651/1248/1248 745/1249/1249
f 745/1249/1249 651/1248/1248 892/1250/1250
f 745/1249/1249 892/1250/1250 893/1251/1251
f 893/1251/1251 892/1250/1250 701/1252/1252
f 893/1251/1251 701/1252/1252 883/1253/1253
f 883/1253/1253 701/1252/1252 730/1254/1254
f 883/1253/1253 730/1254/1254 746/1255/1255
f 746/1255/1255 730/1254/1254 747/1256/1256
f 747/1256/1256 730/1254/1254 729/1257/1257
f 747/1256/1256 729/1257/1257 904/1258/1258
f 904/1258/1258 729/1257/1257 728/1259/1259
f 904/1258/1258 728/1259/1259 748/1260/1260
f 748/1260/1260 728/1259/1259 925/1261/1261
f 748/1260/1260 925/1261/1261 749/1262/1262
f 749/1262/1262 925/1261/1261 750/1263/1263
f 750/1263/1263 925/1261/1261 727/1264/1264
f 750/1263/1263 727/1264/1264 905/1265/1265
f 905/1265/1265 727/1264/1264 726/1266/1266
f 905/1265/1265 726/1266/1266 906/1267/1267
f 906/1267/1267 726/1266/1266 751/1268/1268
f 906/1267/1267 751/1268/1268 750/1263/1263
f 653/1242/1242 652/1246/1246 923/1244/1244
f 651/1248/1248 685/1269/1269 892/1250/1250
f 892/1250/1250 685/1269/1269 895/1270/1270
f 892/1250/1250 895/1270/1270 701/1252/1252
f 701/1252/1252 895/1270/1270 702/1271/1271
f 702/1271/1271 895/1270/1270 894/1272/1272
f 702/1271/1271 894/1272/1272 703/1273/1273
f 703/1273/1273 894/1272/1272 896/1274/1274
f 703/1273/1273 896/1274/1274 704/1275/1275
f 704/1275/1275 896/1274/1274 683/1276/1276
f 704/1275/1275 683/1276/1276 897/1277/1277
f 897/1277/1277 683/1276/1276 682/1278/1278
f 897/1277/1277 682/1278/1278 681/1279/1279
f 895/1270/1270 685/1269/1269 894/1272/1272
f 894/1272/1272 685/1269/1269 684/1280/1280
f 894/1272/1272 684/1280/1280 896/1274/1274
f 896/1274/1274 684/1280/1280 683/1276/1276
f 680/1281/1281 898/1282/1282 681/1279/1279
f 681/1279/1279 898/1282/1282 899/1283/1283
f 681/1279/1279 899/1283/1283 705/1284/1284
f 705/1284/1284 899/1283/1283 706/1285/1285
f 706/1285/1285 899/1283/1283 898/1282/1282
f 706/1285/1285 898/1282/1282 680/1281/1281
f 706/1285/1285 680/1281/1281 924/1286/1286
f 924/1286/1286 680/1281/1281 679/1287/1287
f 924/1286/1286 679/1287/1287 707/1288/1288
f 707/1288/1288 679/1287/1287 900/1289/1289
f 707/1288/1288 900/1289/1289 708/1290/1290
f 708/1290/1290 900/1289/1289 901/1291/1291
f 708/1290/1290 901/1291/1291 709/1292/1292
f 709/1292/1292 901/1291/1291 677/1293/1293
f 709/1292/1292 677/1293/1293 903/1294/1294
f 903/1294/1294 677/1293/1293 676/1295/1295
f 903/1294/1294 676/1295/1295 902/1296/1296
f 902/1296/1296 676/1295/1295 675/1297/1297
f 902/1296/1296 675/1297/1297 699/1298/1298
f 699/1298/1298 675/1297/1297 697/1299/1299
f 679/1287/1287 678/1300/1300 900/1289/1289
f 900/1289/1289 678/1300/1300 901/1291/1291
f 678/1300/1300 677/1293/1293 901/1291/1291
f 699/1298/1298 710/1301/1301 902/1296/1296
f 902/1296/1296 710/1301/1301 709/1292/1292
f 902/1296/1296 709/1292/1292 903/1294/1294
f 707/1288/1288 706/1285/1285 924/1286/1286
f 681/1279/1279 705/1284/1284 897/1277/1277
f 897/1277/1277 705/1284/1284 704/1275/1275
f 728/1259/1259 727/1264/1264 925/1261/1261
f 751/1268/1268 726/1266/1266 926/1302/1302
f 926/1302/1302 726/1266/1266 725/1303/1303
f 926/1302/1302 725/1303/1303 752/1304/1304
f 752/1304/1304 725/1303/1303 908/1305/1305
f 752/1304/1304 908/1305/1305 753/1306/1306
f 753/1306/1306 908/1305/1305 907/1307/1307
f 753/1306/1306 907/1307/1307 754/1308/1308
f 754/1308/1308 907/1307/1307 723/1309/1309
f 754/1308/1308 723/1309/1309 910/1310/1310
f 910/1310/1310 723/1309/1309 909/1311/1311
f 910/1310/1310 909/1311/1311 755/1312/1312
f 755/1312/1312 909/1311/1311 743/1313/1313
f 743/1313/1313 909/1311/1311 721/1314/1314
f 743/1313/1313 721/1314/1314 741/1315/1315
f 725/1303/1303 724/1316/1316 908/1305/1305
f 908/1305/1305 724/1316/1316 907/1307/1307
f 724/1316/1316 723/1309/1309 907/1307/1307
f 723/1309/1309 722/1317/1317 909/1311/1311
f 909/1311/1311 722/1317/1317 721/1314/1314
f 755/1312/1312 754/1308/1308 910/1310/1310
f 752/1304/1304 751/1268/1268 926/1302/1302
f 748/1260/1260 747/1256/1256 904/1258/1258
f 883/1253/1253 746/1255/1255 893/1251/1251
f 893/1251/1251 746/1255/1255 745/1249/1249
f 890/1247/1247 745/1249/1249 891/1318/1318
f 891/1318/1318 745/1249/1249 777/1319/1319
f 891/1318/1318 777/1319/1319 889/1320/1320
f 889/1320/1320 777/1319/1319 888/1321/1321
f 889/1320/1320 888/1321/1321 794/1322/1322
f 794/1322/1322 888/1321/1321 795/1323/1323
f 795/1323/1323 888/1321/1321 911/1324/1324
f 795/1323/1323 911/1324/1324 796/1325/1325
f 796/1325/1325 911/1324/1324 775/1326/1326
f 796/1325/1325 775/1326/1326 774/1327/1327
f 777/1319/1319 776/1328/1328 888/1321/1321
f 888/1321/1321 776/1328/1328 911/1324/1324
f 776/1328/1328 775/1326/1326 911/1324/1324
f 796/1325/1325 774/1327/1327 914/1329/1329
f 914/1329/1329 774/1327/1327 773/1330/1330
f 914/1329/1329 773/1330/1330 913/1331/1331
f 913/1331/1331 773/1330/1330 912/1332/1332
f 913/1331/1331 912/1332/1332 798/1333/1333
f 798/1333/1333 912/1332/1332 799/1334/1334
f 799/1334/1334 912/1332/1332 915/1335/1335
f 799/1334/1334 915/1335/1335 800/1336/1336
f 800/1336/1336 915/1335/1335 771/1337/1337
f 800/1336/1336 771/1337/1337 918/1338/1338
f 918/1338/1338 771/1337/1337 770/1339/1339
f 918/1338/1338 770/1339/1339 769/1340/1340
f 773/1330/1330 772/1341/1341 912/1332/1332
f 912/1332/1332 772/1341/1341 915/1335/1335
f 772/1341/1341 771/1337/1337 915/1335/1335
f 768/1342/1342 916/1343/1343 769/1340/1340
f 769/1340/1340 916/1343/1343 917/1344/1344
f 769/1340/1340 917/1344/1344 918/1338/1338
f 918/1338/1338 917/1344/1344 801/1345/1345
f 918/1338/1338 801/1345/1345 800/1336/1336
f 916/1343/1343 768/1342/1342 919/1346/1346
f 919/1346/1346 768/1342/1342 767/1347/1347
f 919/1346/1346 767/1347/1347 791/1348/1348
f 791/1348/1348 767/1347/1347 789/1349/1349
f 791/1348/1348 803/1350/1350 919/1346/1346
f 919/1346/1346 803/1350/1350 802/1351/1351
f 919/1346/1346 802/1351/1351 916/1343/1343
f 916/1343/1343 802/1351/1351 917/1344/1344
f 802/1351/1351 801/1345/1345 917/1344/1344
f 798/1333/1333 797/1352/1352 913/1331/1331
f 913/1331/1331 797/1352/1352 914/1329/1329
f 797/1352/1352 796/1325/1325 914/1329/1329
f 794/1322/1322 793/1353/1353 889/1320/1320
f 889/1320/1320 793/1353/1353 891/1318/1318
f 891/1318/1318 793/1353/1353 890/1247/1247
f 890/1247/1247 793/1353/1353 825/1245/1245
f 824/1243/1243 823/1238/1238 922/1241/1241
f 821/1235/1235 820/1354/1354 886/1233/1233
f 886/1233/1233 820/1354/1354 887/1231/1231
f 820/1354/1354 819/1230/1230 887/1231/1231
f 905/1265/1265 906/1267/1267 750/1263/1263
g Body4

v 0.000000 111.760000 -124.459998
v 0.000000 111.760000 -113.755713
v 0.000000 111.760000 -103.051427
v 0.000000 111.760000 -92.347141
v 0.000000 111.760000 -81.642856
v 0.000000 111.760000 -70.938570
v 0.000000 111.760000 -60.234285
v 0.000000 111.760000 -49.529999
v 0.000000 111.760000 -38.825714
v 0.000000 111.760000 -28.121428
v 0.000000 111.760000 -17.417143
v 0.000000 111.760000 -6.712857
v 0.000000 111.760000 3.991429
v 0.000000 111.760000 14.695714
v 0.000000 111.760000 25.400000
v 0.000000 122.428000 25.400000
v 0.000000 133.096000 25.400000
v 0.000000 143.764000 25.400000
v 0.000000 154.431999 25.400000
v 0.000000 165.099999 25.400000
v 0.000000 175.767999 25.400000
v 0.000000 186.435999 25.400000
v 0.000000 197.103999 25.400000
v 0.000000 207.771999 25.400000
v 0.000000 218.439998 25.400000
v 0.000000 218.439998 14.695714
v 0.000000 218.439998 3.991429
v 0.000000 218.439998 -6.712857
v 0.000000 218.439998 -17.417143
v 0.000000 218.439998 -28.121428
v 0.000000 218.439998 -38.825714
v 0.000000 218.439998 -49.529999
v 0.000000 218.439998 -60.234285
v 0.000000 218.439998 -70.938570
v 0.000000 218.439998 -81.642856
v 0.000000 218.439998 -92.347141
v 0.000000 218.439998 -103.051427
v 0.000000 218.439998 -113.755713
v 0.000000 218.439998 -124.459998
v 0.000000 207.771999 -124.459998
v 0.000000 197.103999 -124.459998
v 0.000000 186.435999 -124.459998
v 0.000000 175.767999 -124.459998
v 0.000000 165.099999 -124.459998
v 0.000000 154.431999 -124.459998
v 0.000000 143.764000 -124.459998
v 0.000000 133.096000 -124.459998
v 0.000000 122.428000 -124.459998
v 0.000000 122.428000 14.695714
v 0.000000 122.428000 3.991429
v 0.000000 122.428000 -6.712857
v 0.000000 122.428000 -17.417143
v 0.000000 122.428000 -28.121428
v 0.000000 122.428000 -38.825714
v 0.000000 122.428000 -49.529999
v 0.000000 122.428000 -60.234285
v 0.000000 122.428000 -70.938570
v 0.000000 122.428000 -81.642856
v 0.000000 122.428000 -92.347141
v 0.000000 122.428000 -103.051427
v 0.000000 122.428000 -113.755713
v 0.000000 133.096000 14.695714
v 0.000000 133.096000 3.991429
v 0.000000 133.096000 -6.712857
v 0.000000 133.096000 -17.417143
v 0.000000 133.096000 -28.121428
v 0.000000 133.096000 -38.825714
v 0.000000 133.096000 -49.529999
v 0.000000 133.096000 -60.234285
v 0.000000 133.096000 -70.938570
v 0.000000 133.096000 -81.642856
v 0.000000 133.096000 -92.347141
v 0.000000 133.096000 -103.051427
v 0.000000 133.096000 -113.755713
v 0.000000 143.764000 14.695714
v 0.000000 143.764000 3.991429
v 0.000000 143.764000 -6.712857
v 0.000000 143.764000 -17.417143
v 0.000000 143.764000 -28.121428
v 0.000000 143.764000 -38.825714
v 0.000000 143.764000 -49.529999
v 0.000000 143.764000 -60.234285
v 0.000000 143.764000 -70.938570
v 0.000000 143.764000 -81.642856
v 0.000000 143.764000 -92.347141
v 0.000000 143.764000 -103.051427
v 0.000000 143.764000 -113.755713
v 0.000000 154.431999 14.695714
v 0.000000 154.431999 3.991429
v 0.000000 154.431999 -6.712857
v 0.000000 154.431999 -17.417143
v 0.000000 154.431999 -28.121428
v 0.000000 154.431999 -38.825714
v 0.000000 154.431999 -49.529999
v 0.000000 154.431999 -60.234285
v 0.000000 154.431999 -70.938570
v 0.000000 154.431999 -81.642856
v 0.000000 154.431999 -92.347141
v 0.000000 154.431999 -103.051427
v 0.000000 154.431999 -113.755713
v 0.000000 165.099999 14.695714
v 0.000000 165.099999 3.991429
v 0.000000 165.099999 -6.712857
v 0.000000 165.099999 -17.417143
v 0.000000 165.099999 -28.121428
v 0.000000 165.099999 -38.825714
v 0.000000 165.099999 -49.529999
v 0.000000 165.099999 -60.234285
v 0.000000 165.099999 -70.938570
v 0.000000 165.099999 -81.642856
v 0.000000 165.099999 -92.347141
v 0.000000 165.099999 -103.051427
v 0.000000 165.099999 -113.755713
v 0.000000 175.767999 14.695714
v 0.000000 175.767999 3.991429
v 0.000000 175.767999 -6.712857
v 0.000000 175.767999 -17.417143
v 0.000000 175.767999 -28.121428
v 0.000000 175.767999 -38.825714
v 0.000000 175.767999 -49.529999
v 0.000000 175.767999 -60.234285
v 0.000000 175.767999 -70.938570
v 0.000000 175.767999 -81.642856
v 0.000000 175.767999 -92.347141
v 0.000000 175.767999 -103.051427
v 0.000000 175.767999 -113.755713
v 0.000000 186.435999 14.695714
v 0.000000 186.435999 3.991429
v 0.000000 186.435999 -6.712857
v 0.000000 186.435999 -17.417143
v 0.000000 186.435999 -28.121428
v 0.000000 186.435999 -38.825714
v 0.000000 186.435999 -49.529999
v 0.000000 186.435999 -60.234285
v 0.000000 186.435999 -70.938570
v 0.000000 186.435999 -81.642856
v 0.000000 186.435999 -92.347141
v 0.000000 186.435999 -103.051427
v 0.000000 186.435999 -113.755713
v 0.000000 197.103999 14.695714
v 0.000000 197.103999 3.991429
v 0.000000 197.103999 -6.712857
v 0.000000 197.103999 -17.417143
v 0.000000 197.103999 -28.121428
v 0.000000 197.103999 -38.825714
v 0.000000 197.103999 -49.529999
v 0.000000 197.103999 -60.234285
v 0.000000 197.103999 -70.938570
v 0.000000 197.103999 -81.642856
v 0.000000 197.103999 -92.347141
v 0.000000 197.103999 -103.051427
v 0.000000 197.103999 -113.755713
v 0.000000 207.771999 14.695714
v 0.000000 207.771999 3.991429
v 0.000000 207.771999 -6.712857
v 0.000000 207.771999 -17.417143
v 0.000000 207.771999 -28.121428
v 0.000000 207.771999 -38.825714
v 0.000000 207.771999 -49.529999
v 0.000000 207.771999 -60.234285
v 0.000000 207.771999 -70.938570
v 0.000000 207.771999 -81.642856
v 0.000000 207.771999 -92.347141
v 0.000000 207.771999 -103.051427
v 0.000000 207.771999 -113.755713
v 12.700000 111.760000 -124.459998
v 6.350000 111.760000 -124.459998
v 6.350000 218.439998 -124.459998
v 12.700000 218.439998 -124.459998
v 12.700000 207.771999 -124.459998
v 12.700000 197.103999 -124.459998
v 12.700000 186.435999 -124.459998
v 12.700000 175.767999 -124.459998
v 12.700000 165.099999 -124.459998
v 12.700000 154.431999 -124.459998
v 12.700000 143.764000 -124.459998
v 12.700000 133.096000 -124.459998
v 12.700000 122.428000 -124.459998
v 6.350000 122.428000 -124.459998
v 6.350000 133.096000 -124.459998
v 6.350000 143.764000 -124.459998
v 6.350000 154.431999 -124.459998
v 6.350000 165.099999 -124.459998
v 6.350000 175.767999 -124.459998
v 6.350000 186.435999 -124.459998
v 6.350000 197.103999 -124.459998
v 6.350000 207.771999 -124.459998
v 6.350000 218.439998 25.400000
v 12.700000 218.439998 25.400000
v 12.700000 218.439998 14.695714
v 12.700000 218.439998 3.991429
v 12.700000 218.439998 -6.712857
v 12.700000 218.439998 -17.417143
v 12.700000 218.439998 -28.121428
v 12.700000 218.439998 -38.825714
v 12.700000 218.439998 -49.529999
v 12.700000 218.439998 -60.234285
v 12.700000 218.439998 -70.938570
v 12.700000 218.439998 -81.642856
v 12.700000 218.439998 -92.347141
v 12.700000 218.439998 -103.051427
v 12.700000 218.439998 -113.755713
v 6.350000 218.439998 14.695714
v 6.350000 218.439998 3.991429
v 6.350000 218.439998 -6.712857
v 6.350000 218.439998 -17.417143
v 6.350000 218.439998 -28.121428
v 6.350000 218.439998 -38.825714
v 6.350000 218.439998 -49.529999
v 6.350000 218.439998 -60.234285
v 6.350000 218.439998 -70.938570
v 6.350000 218.439998 -81.642856
v 6.350000 218.439998 -92.347141
v 6.350000 218.439998 -103.051427
v 6.350000 218.439998 -113.755713
v 6.350000 111.760000 25.400000
v 12.700000 111.760000 25.400000
v 12.700000 122.428000 25.400000
v 12.700000 133.096000 25.400000
v 12.700000 143.764000 25.400000
v 12.700000 154.431999 25.400000
v 12.700000 165.099999 25.400000
v 12.700000 175.767999 25.400000
v 12.700000 186.435999 25.400000
v 12.700000 197.103999 25.400000
v 12.700000 207.771999 25.400000
v 6.350000 122.428000 25.400000
v 6.350000 133.096000 25.400000
v 6.350000 143.764000 25.400000
v 6.350000 154.431999 25.400000
v 6.350000 165.099999 25.400000
v 6.350000 175.767999 25.400000
v 6.350000 186.435999 25.400000
v 6.350000 197.103999 25.400000
v 6.350000 207.771999 25.400000
v 12.700000 111.760000 14.695714
v 12.700000 111.760000 3.991429
v 12.700000 111.760000 -6.712857
v 12.700000 111.760000 -17.417143
v 12.700000 111.760000 -28.121428
v 12.700000 111.760000 -38.825714
v 12.700000 111.760000 -49.529999
v 12.700000 111.760000 -60.234285
v 12.700000 111.760000 -70.938570
v 12.700000 111.760000 -81.642856
v 12.700000 111.760000 -92.347141
v 12.700000 111.760000 -103.051427
v 12.700000 111.760000 -113.755713
v 12.700000 122.428000 -113.755713
v 12.700000 122.428000 -103.051427
v 12.700000 122.428000 -92.347141
v 12.700000 122.428000 -81.642856
v 12.700000 122.428000 -70.938570
v 12.700000 122.428000 -60.234285
v 12.700000 122.428000 -49.529999
v 12.700000 122.428000 -38.825714
v 12.700000 122.428000 -28.121428
v 12.700000 122.428000 -17.417143
v 12.700000 122.428000 -6.712857
v 12.700000 122.428000 3.991429
v 12.700000 122.428000 14.695714
v 12.700000 133.096000 -113.755713
v 12.700000 133.096000 -103.051427
v 12.700000 133.096000 -92.347141
v 12.700000 133.096000 -81.642856
v 12.700000 133.096000 -70.938570
v 12.700000 133.096000 -60.234285
v 12.700000 133.096000 -49.529999
v 12.700000 133.096000 -38.825714
v 12.700000 133.096000 -28.121428
v 12.700000 133.096000 -17.417143
v 12.700000 133.096000 -6.712857
v 12.700000 133.096000 3.991429
v 12.700000 133.096000 14.695714
v 12.700000 143.764000 -113.755713
v 12.700000 143.764000 -103.051427
v 12.700000 143.764000 -92.347141
v 12.700000 143.764000 -81.642856
v 12.700000 143.764000 -70.938570
v 12.700000 143.764000 -60.234285
v 12.700000 143.764000 -49.529999
v 12.700000 143.764000 -38.825714
v 12.700000 143.764000 -28.121428
v 12.700000 143.764000 -17.417143
v 12.700000 143.764000 -6.712857
v 12.700000 143.764000 3.991429
v 12.700000 143.764000 14.695714
v 12.700000 154.431999 -113.755713
v 12.700000 154.431999 -103.051427
v 12.700000 154.431999 -92.347141
v 12.700000 154.431999 -81.642856
v 12.700000 154.431999 -70.938570
v 12.700000 154.431999 -60.234285
v 12.700000 154.431999 -49.529999
v 12.700000 154.431999 -38.825714
v 12.700000 154.431999 -28.121428
v 12.700000 154.431999 -17.417143
v 12.700000 154.431999 -6.712857
v 12.700000 154.431999 3.991429
v 12.700000 154.431999 14.695714
v 12.700000 165.099999 -113.755713
v 12.700000 165.099999 -103.051427
v 12.700000 165.099999 -92.347141
v 12.700000 165.099999 -81.642856
v 12.700000 165.099999 -70.938570
v 12.700000 165.099999 -60.234285
v 12.700000 165.099999 -49.529999
v 12.700000 165.099999 -38.825714
v 12.700000 165.099999 -28.121428
v 12.700000 165.099999 -17.417143
v 12.700000 165.099999 -6.712857
v 12.700000 165.099999 3.991429
v 12.700000 165.099999 14.695714
v 12.700000 175.767999 -113.755713
v 12.700000 175.767999 -103.051427
v 12.700000 175.767999 -92.347141
v 12.700000 175.767999 -81.642856
v 12.700000 175.767999 -70.938570
v 12.700000 175.767999 -60.234285
v 12.700000 175.767999 -49.529999
v 12.700000 175.767999 -38.825714
v 12.700000 175.767999 -28.121428
v 12.700000 175.767999 -17.417143
v 12.700000 175.767999 -6.712857
v 12.700000 175.767999 3.991429
v 12.700000 175.767999 14.695714
v 12.700000 186.435999 -113.755713
v 12.700000 186.435999 -103.051427
v 12.700000 186.435999 -92.347141
v 12.700000 186.435999 -81.642856
v 12.700000 186.435999 -70.938570
v 12.700000 186.435999 -60.234285
v 12.700000 186.435999 -49.529999
v 12.700000 186.435999 -38.825714
v 12.700000 186.435999 -28.121428
v 12.700000 186.435999 -17.417143
v 12.700000 186.435999 -6.712857
v 12.700000 186.435999 3.991429
v 12.700000 186.435999 14.695714
v 12.700000 197.103999 -113.755713
v 12.700000 197.103999 -103.051427
v 12.700000 197.103999 -92.347141
v 12.700000 197.103999 -81.642856
v 12.700000 197.103999 -70.938570
v 12.700000 197.103999 -60.234285
v 12.700000 197.103999 -49.529999
v 12.700000 197.103999 -38.825714
v 12.700000 197.103999 -28.121428
v 12.700000 197.103999 -17.417143
v 12.700000 197.103999 -6.712857
v 12.700000 197.103999 3.991429
v 12.700000 197.103999 14.695714
v 12.700000 207.771999 -113.755713
v 12.700000 207.771999 -103.051427
v 12.700000 207.771999 -92.347141
v 12.700000 207.771999 -81.642856
v 12.700000 207.771999 -70.938570
v 12.700000 207.771999 -60.234285
v 12.700000 207.771999 -49.529999
v 12.700000 207.771999 -38.825714
v 12.700000 207.771999 -28.121428
v 12.700000 207.771999 -17.417143
v 12.700000 207.771999 -6.712857
v 12.700000 207.771999 3.991429
v 12.700000 207.771999 14.695714
v 6.350000 111.760000 -113.755713
v 6.350000 111.760000 -103.051427
v 6.350000 111.760000 -92.347141
v 6.350000 111.760000 -81.642856
v 6.350000 111.760000 -70.938570
v 6.350000 111.760000 -60.234285
v 6.350000 111.760000 -49.529999
v 6.350000 111.760000 -38.825714
v 6.350000 111.760000 -28.121428
v 6.350000 111.760000 -17.417143
v 6.350000 111.760000 -6.712857
v 6.350000 111.760000 3.991429
v 6.350000 111.760000 14.695714
vt -74.929999 0.000000 0.000000
vt -64.225713 0.000000 0.000000
vt -74.929999 10.668000 0.000000
vt -64.225713 10.668000 0.000000
vt -74.929999 21.336000 0.000000
vt -64.225713 21.336000 0.000000
vt -74.929999 32.004000 0.000000
vt -64.225713 32.004000 0.000000
vt -74.929999 42.671999 0.000000
vt -64.225713 42.671999 0.000000
vt -74.929999 53.339999 0.000000
vt -64.225713 53.339999 0.000000
vt -74.929999 64.007999 0.000000
vt -64.225713 64.007999 0.000000
vt -74.929999 74.675999 0.000000
vt -64.225713 74.675999 0.000000
vt -74.929999 85.343999 0.000000
vt -64.225713 85.343999 0.000000
vt -74.929999 96.011999 0.000000
vt -64.225713 96.011999 0.000000
vt -74.929999 106.679998 0.000000
vt -64.225713 106.679998 0.000000
vt -53.521428 96.011999 0.000000
vt -53.521428 106.679998 0.000000
vt -42.817142 96.011999 0.000000
vt -42.817142 106.679998 0.000000
vt -32.112857 96.011999 0.000000
vt -32.112857 106.679998 0.000000
vt -21.408571 96.011999 0.000000
vt -21.408571 106.679998 0.000000
vt -10.704286 96.011999 0.000000
vt -10.704286 106.679998 0.000000
vt 0.000000 96.011999 0.000000
vt -0.000000 106.679998 0.000000
vt 10.704286 96.011999 0.000000
vt 10.704286 106.679998 0.000000
vt 21.408571 96.011999 0.000000
vt 21.408571 106.679998 0.000000
vt 32.112857 96.011999 0.000000
vt 32.112857 106.679998 0.000000
vt 42.817142 96.011999 0.000000
vt 42.817142 106.679998 0.000000
vt 53.521428 96.011999 0.000000
vt 53.521428 106.679998 0.000000
vt 64.225713 96.011999 0.000000
vt 64.225713 106.679998 0.000000
vt 74.929999 96.011999 0.000000
vt 74.929999 106.679998 0.000000
vt -53.521428 0.000000 0.000000
vt -53.521428 10.668000 0.000000
vt -53.521428 21.336000 0.000000
vt -53.521428 32.004000 0.000000
vt -53.521428 42.671999 0.000000
vt -53.521428 53.339999 0.000000
vt -53.521428 64.007999 0.000000
vt -53.521428 74.675999 0.000000
vt -53.521428 85.343999 0.000000
vt -42.817142 0.000000 0.000000
vt -42.817142 10.668000 0.000000
vt -42.817142 21.336000 0.000000
vt -42.817142 32.004000 0.000000
vt -42.817142 42.671999 0.000000
vt -42.817142 53.339999 0.000000
vt -42.817142 64.007999 0.000000
vt -42.817142 74.675999 0.000000
vt -42.817142 85.343999 0.000000
vt -32.112857 0.000000 0.000000
vt -32.112857 10.668000 0.000000
vt -32.112857 21.336000 0.000000
vt -32.112857 32.004000 0.000000
vt -32.112857 42.671999 0.000000
vt -32.112857 53.339999 0.000000
vt -32.112857 64.007999 0.000000
vt -32.112857 74.675999 0.000000
vt -32.112857 85.343999 0.000000
vt -21.408571 0.000000 0.000000
vt -21.408571 10.668000 0.000000
vt -21.408571 21.336000 0.000000
vt -21.408571 32.004000 0.000000
vt -21.408571 42.671999 0.000000
vt -21.408571 53.339999 0.000000
vt -21.408571 64.007999 0.000000
vt -21.408571 74.675999 0.000000
vt -21.408571 85.343999 0.000000
vt -10.704286 0.000000 0.000000
vt -10.704286 10.668000 0.000000
vt -10.704286 21.336000 0.000000
vt -10.704286 32.004000 0.000000
vt -10.704286 42.671999 0.000000
vt -10.704286 53.339999 0.000000
vt -10.704286 64.007999 0.000000
vt -10.704286 74.675999 0.000000
vt -10.704286 85.343999 0.000000
vt -0.000000 0.000000 0.000000
vt 0.000000 10.668000 0.000000
vt 0.000000 21.336000 0.000000
vt 0.000000 32.004000 0.000000
vt 0.000000 42.671999 0.000000
vt 0.000000 53.339999 0.000000
vt 0.000000 64.007999 0.000000
vt 0.000000 74.675999 0.000000
vt 0.000000 85.343999 0.000000
vt 10.704286 0.000000 0.000000
vt 10.704286 10.668000 0.000000
vt 10.704286 21.336000 0.000000
vt 10.704286 32.004000 0.000000
vt 10.704286 42.671999 0.000000
vt 10.704286 53.339999 0.000000
vt 10.704286 64.007999 0.000000
vt 10.704286 74.675999 0.000000
vt 10.704286 85.343999 0.000000
vt 21.408571 0.000000 0.000000
vt 21.408571 10.668000 0.000000
vt 21.408571 21.336000 0.000000
vt 21.408571 32.004000 0.000000
vt 21.408571 42.671999 0.000000
vt 21.408571 53.339999 0.000000
vt 21.408571 64.007999 0.000000
vt 21.408571 74.675999 0.000000
vt 21.408571 85.343999 0.000000
vt 32.112857 0.000000 0.000000
vt 32.112857 10.668000 0.000000
vt 32.112857 21.336000 0.000000
vt 32.112857 32.004000 0.000000
vt 32.112857 42.671999 0.000000
vt 32.112857 53.339999 0.000000
vt 32.112857 64.007999 0.000000
vt 32.112857 74.675999 0.000000
vt 32.112857 85.343999 0.000000
vt 42.817142 0.000000 0.000000
vt 42.817142 10.668000 0.000000
vt 42.817142 21.336000 0.000000
vt 42.817142 32.004000 0.000000
vt 42.817142 42.671999 0.000000
vt 42.817142 53.339999 0.000000
vt 42.817142 64.007999 0.000000
vt 42.817142 74.675999 0.000000
vt 42.817142 85.343999 0.000000
vt 53.521428 0.000000 0.000000
vt 53.521428 10.668000 0.000000
vt 53.521428 21.336000 0.000000
vt 53.521428 32.004000 0.000000
vt 53.521428 42.671999 0.000000
vt 53.521428 53.339999 0.000000
vt 53.521428 64.007999 0.000000
vt 53.521428 74.675999 0.000000
vt 53.521428 85.343999 0.000000
vt 64.225713 0.000000 0.000000
vt 64.225713 10.668000 0.000000
vt 64.225713 21.336000 0.000000
vt 64.225713 32.004000 0.000000
vt 64.225713 42.671999 0.000000
vt 64.225713 53.339999 0.000000
vt 64.225713 64.007999 0.000000
vt 64.225713 74.675999 0.000000
vt 64.225713 85.343999 0.000000
vt 74.929999 0.000000 0.000000
vt 74.929999 10.668000 0.000000
vt 74.929999 21.336000 0.000000
vt 74.929999 32.004000 0.000000
vt 74.929999 42.671999 0.000000
vt 74.929999 53.339999 0.000000
vt 74.929999 64.007999 0.000000
vt 74.929999 74.675999 0.000000
vt 74.929999 85.343999 0.000000
vt 117.347998 12.700000 0.000000
vt 106.679998 12.700000 0.000000
vt 117.347998 6.350000 0.000000
vt 106.679998 6.350000 0.000000
vt 117.347998 0.000000 0.000000
vt 106.679998 0.000000 0.000000
vt 128.015998 0.000000 0.000000
vt 128.015998 6.350000 0.000000
vt 128.015998 12.700000 0.000000
vt 138.683998 6.350000 0.000000
vt 138.683998 12.700000 0.000000
vt 149.351998 6.350000 0.000000
vt 149.351998 12.700000 0.000000
vt 160.019998 6.350000 0.000000
vt 160.019998 12.700000 0.000000
vt 170.687997 6.350000 0.000000
vt 170.687997 12.700000 0.000000
vt 181.355997 6.350000 0.000000
vt 181.355997 12.700000 0.000000
vt 192.023997 6.350000 0.000000
vt 192.023997 12.700000 0.000000
vt 202.691997 6.350000 0.000000
vt 202.691997 12.700000 0.000000
vt 213.359997 6.350000 0.000000
vt 213.359997 12.700000 0.000000
vt 138.683998 0.000000 0.000000
vt 149.351998 0.000000 0.000000
vt 160.019998 0.000000 0.000000
vt 170.687997 0.000000 0.000000
vt 181.355997 0.000000 0.000000
vt 192.023997 0.000000 0.000000
vt 202.691997 0.000000 0.000000
vt 213.359997 0.000000 0.000000
vt 0.000000 0.000000 0.000000
vt 10.704286 0.000000 0.000000
vt 0.000000 6.350000 0.000000
vt 10.704286 6.350000 0.000000
vt 0.000000 12.700000 0.000000
vt 10.704286 12.700000 0.000000
vt 21.408571 6.350000 0.000000
vt 21.408571 12.700000 0.000000
vt 32.112857 6.350000 0.000000
vt 32.112857 12.700000 0.000000
vt 42.817142 6.350000 0.000000
vt 42.817142 12.700000 0.000000
vt 53.521428 6.350000 0.000000
vt 53.521428 12.700000 0.000000
vt 64.225713 6.350000 0.000000
vt 64.225713 12.700000 0.000000
vt 74.929999 6.350000 0.000000
vt 74.929999 12.700000 0.000000
vt 85.634284 6.350000 0.000000
vt 85.634284 12.700000 0.000000
vt 96.338570 6.350000 0.000000
vt 96.338570 12.700000 0.000000
vt 107.042856 6.350000 0.000000
vt 107.042856 12.700000 0.000000
vt 117.747141 6.350000 0.000000
vt 117.747141 12.700000 0.000000
vt 128.451427 6.350000 0.000000
vt 128.451427 12.700000 0.000000
vt 139.155712 6.350000 0.000000
vt 139.155712 12.700000 0.000000
vt 149.859998 6.350000 0.000000
vt 149.859998 12.700000 0.000000
vt 21.408571 0.000000 0.000000
vt 32.112857 0.000000 0.000000
vt 42.817142 0.000000 0.000000
vt 53.521428 0.000000 0.000000
vt 64.225713 0.000000 0.000000
vt 74.929999 0.000000 0.000000
vt 85.634284 0.000000 0.000000
vt 96.338570 0.000000 0.000000
vt 107.042856 0.000000 0.000000
vt 117.747141 0.000000 0.000000
vt 128.451427 0.000000 0.000000
vt 139.155712 0.000000 0.000000
vt 149.859998 0.000000 0.000000
vt 96.011999 0.000000 0.000000
vt 106.679998 0.000000 0.000000
vt 96.011999 6.350000 0.000000
vt 106.679998 6.350000 0.000000
vt 96.011999 12.700000 0.000000
vt 106.679998 12.700000 0.000000
vt 85.343999 12.700000 0.000000
vt 85.343999 6.350000 0.000000
vt 85.343999 0.000000 0.000000
vt 74.675999 6.350000 0.000000
vt 74.675999 0.000000 0.000000
vt 64.007999 6.350000 0.000000
vt 64.007999 0.000000 0.000000
vt 53.339999 6.350000 0.000000
vt 53.339999 0.000000 0.000000
vt 42.671999 6.350000 0.000000
vt 42.671999 0.000000 0.000000
vt 32.004000 6.350000 0.000000
vt 32.004000 0.000000 0.000000
vt 21.336000 6.350000 0.000000
vt 21.336000 0.000000 0.000000
vt 10.668000 6.350000 0.000000
vt 10.668000 0.000000 0.000000
vt -0.000000 6.350000 0.000000
vt -0.000000 0.000000 0.000000
vt 74.675999 12.700000 0.000000
vt 64.007999 12.700000 0.000000
vt 53.339999 12.700000 0.000000
vt 42.671999 12.700000 0.000000
vt 32.004000 12.700000 0.000000
vt 21.336000 12.700000 0.000000
vt 10.668000 12.700000 0.000000
vt -0.000000 12.700000 0.000000
vt -74.929999 0.000000 0.000000
vt -64.225713 0.000000 0.000000
vt -74.929999 10.668000 0.000000
vt -64.225713 10.668000 0.000000
vt -74.929999 21.336000 0.000000
vt -64.225713 21.336000 0.000000
vt -74.929999 32.004000 0.000000
vt -64.225713 32.004000 0.000000
vt -74.929999 42.671999 0.000000
vt -64.225713 42.671999 0.000000
vt -74.929999 53.339999 0.000000
vt -64.225713 53.339999 0.000000
vt -74.929999 64.007999 0.000000
vt -64.225713 64.007999 0.000000
vt -74.929999 74.675999 0.000000
vt -64.225713 74.675999 0.000000
vt -74.929999 85.343999 0.000000
vt -64.225713 85.343999 0.000000
vt -74.929999 96.011999 0.000000
vt -64.225713 96.011999 0.000000
vt -74.929999 106.679998 0.000000
vt -64.225713 106.679998 0.000000
vt -53.521428 96.011999 0.000000
vt -53.521428 106.679998 0.000000
vt -42.817142 96.011999 0.000000
vt -42.817142 106.679998 0.000000
vt -32.112857 96.011999 0.000000
vt -32.112857 106.679998 0.000000
vt -21.408571 96.011999 0.000000
vt -21.408571 106.679998 0.000000
vt -10.704286 96.011999 0.000000
vt -10.704286 106.679998 0.000000
vt 0.000000 96.011999 0.000000
vt 0.000000 106.679998 0.000000
vt 10.704286 96.011999 0.000000
vt 10.704286 106.679998 0.000000
vt 21.408571 96.011999 0.000000
vt 21.408571 106.679998 0.000000
vt 32.112857 96.011999 0.000000
vt 32.112857 106.679998 0.000000
vt 42.817142 96.011999 0.000000
vt 42.817142 106.679998 0.000000
vt 53.521428 96.011999 0.000000
vt 53.521428 106.679998 0.000000
vt 64.225713 96.011999 0.000000
vt 64.225713 106.679998 0.000000
vt 74.929999 96.011999 0.000000
vt 74.929999 106.679998 0.000000
vt -53.521428 0.000000 0.000000
vt -53.521428 10.668000 0.000000
vt -53.521428 21.336000 0.000000
vt -53.521428 32.004000 0.000000
vt -53.521428 42.671999 0.000000
vt -53.521428 53.339999 0.000000
vt -53.521428 64.007999 0.000000
vt -53.521428 74.675999 0.000000
vt -53.521428 85.343999 0.000000
vt -42.817142 0.000000 0.000000
vt -42.817142 10.668000 0.000000
vt -42.817142 21.336000 0.000000
vt -42.817142 32.004000 0.000000
vt -42.817142 42.671999 0.000000
vt -42.817142 53.339999 0.000000
vt -42.817142 64.007999 0.000000
vt -42.817142 74.675999 0.000000
vt -42.817142 85.343999 0.000000
vt -32.112857 0.000000 0.000000
vt -32.112857 10.668000 0.000000
vt -32.112857 21.336000 0.000000
vt -32.112857 32.004000 0.000000
vt -32.112857 42.671999 0.000000
vt -32.112857 53.339999 0.000000
vt -32.112857 64.007999 0.000000
vt -32.112857 74.675999 0.000000
vt -32.112857 85.343999 0.000000
vt -21.408571 0.000000 0.000000
vt -21.408571 10.668000 0.000000
vt -21.408571 21.336000 0.000000
vt -21.408571 32.004000 0.000000
vt -21.408571 42.671999 0.000000
vt -21.408571 53.339999 0.000000
vt -21.408571 64.007999 0.000000
vt -21.408571 74.675999 0.000000
vt -21.408571 85.343999 0.000000
vt -10.704286 0.000000 0.000000
vt -10.704286 10.668000 0.000000
vt -10.704286 21.336000 0.000000
vt -10.704286 32.004000 0.000000
vt -10.704286 42.671999 0.000000
vt -10.704286 53.339999 0.000000
vt -10.704286 64.007999 0.000000
vt -10.704286 74.675999 0.000000
vt -10.704286 85.343999 0.000000
vt 0.000000 0.000000 0.000000
vt 0.000000 10.668000 0.000000
vt 0.000000 21.336000 0.000000
vt 0.000000 32.004000 0.000000
vt 0.000000 42.671999 0.000000
vt 0.000000 53.339999 0.000000
vt 0.000000 64.007999 0.000000
vt 0.000000 74.675999 0.000000
vt 0.000000 85.343999 0.000000
vt 10.704286 0.000000 0.000000
vt 10.704286 10.668000 0.000000
vt 10.704286 21.336000 0.000000
vt 10.704286 32.004000 0.000000
vt 10.704286 42.671999 0.000000
vt 10.704286 53.339999 0.000000
vt 10.704286 64.007999 0.000000
vt 10.704286 74.675999 0.000000
vt 10.704286 85.343999 0.000000
vt 21.408571 0.000000 0.000000
vt 21.408571 10.668000 0.000000
vt 21.408571 21.336000 0.000000
vt 21.408571 32.004000 0.000000
vt 21.408571 42.671999 0.000000
vt 21.408571 53.339999 0.000000
vt 21.408571 64.007999 0.000000
vt 21.408571 74.675999 0.000000
vt 21.408571 85.343999 0.000000
vt 32.112857 0.000000 0.000000
vt 32.112857 10.668000 0.000000
vt 32.112857 21.336000 0.000000
vt 32.112857 32.004000 0.000000
vt 32.112857 42.671999 0.000000
vt 32.112857 53.339999 0.000000
vt 32.112857 64.007999 0.000000
vt 32.112857 74.675999 0.000000
vt 32.112857 85.343999 0.000000
vt 42.817142 0.000000 0.000000
vt 42.817142 10.668000 0.000000
vt 42.817142 21.336000 0.000000
vt 42.817142 32.004000 0.000000
vt 42.817142 42.671999 0.000000
vt 42.817142 53.339999 0.000000
vt 42.817142 64.007999 0.000000
vt 42.817142 74.675999 0.000000
vt 42.817142 85.343999 0.000000
vt 53.521428 0.000000 0.000000
vt 53.521428 10.668000 0.000000
vt 53.521428 21.336000 0.000000
vt 53.521428 32.004000 0.000000
vt 53.521428 42.671999 0.000000
vt 53.521428 53.339999 0.000000
vt 53.521428 64.007999 0.000000
vt 53.521428 74.675999 0.000000
vt 53.521428 85.343999 0.000000
vt 64.225713 0.000000 0.000000
vt 64.225713 10.668000 0.000000
vt 64.225713 21.336000 0.000000
vt 64.225713 32.004000 0.000000
vt 64.225713 42.671999 0.000000
vt 64.225713 53.339999 0.000000
vt 64.225713 64.007999 0.000000
vt 64.225713 74.675999 0.000000
vt 64.225713 85.343999 0.000000
vt 74.929999 0.000000 0.000000
vt 74.929999 10.668000 0.000000
vt 74.929999 21.336000 0.000000
vt 74.929999 32.004000 0.000000
vt 74.929999 42.671999 0.000000
vt 74.929999 53.339999 0.000000
vt 74.929999 64.007999 0.000000
vt 74.929999 74.675999 0.000000
vt 74.929999 85.343999 0.000000
vt -25.944285 -12.700000 0.000000
vt -15.240000 -12.700000 0.000000
vt -25.944285 -6.350000 0.000000
vt -15.240000 -6.350000 0.000000
vt -25.944285 0.000000 0.000000
vt -15.240000 0.000000 0.000000
vt -36.648571 0.000000 0.000000
vt -36.648571 -6.350000 0.000000
vt -36.648571 -12.700000 0.000000
vt -47.352856 -6.350000 0.000000
vt -47.352856 -12.700000 0.000000
vt -58.057142 -6.350000 0.000000
vt -58.057142 -12.700000 0.000000
vt -68.761428 -6.350000 0.000000
vt -68.761428 -12.700000 0.000000
vt -79.465713 -6.350000 0.000000
vt -79.465713 -12.700000 0.000000
vt -90.169999 -6.350000 0.000000
vt -90.169999 -12.700000 0.000000
vt -100.874284 -6.350000 0.000000
vt -100.874284 -12.700000 0.000000
vt -111.578570 -6.350000 0.000000
vt -111.578570 -12.700000 0.000000
vt -122.282855 -6.350000 0.000000
vt -122.282855 -12.700000 0.000000
vt -132.987141 -6.350000 0.000000
vt -132.987141 -12.700000 0.000000
vt -143.691426 -6.350000 0.000000
vt -143.691426 -12.700000 0.000000
vt -154.395712 -6.350000 0.000000
vt -154.395712 -12.700000 0.000000
vt -165.099998 -6.350000 0.000000
vt -165.099998 -12.700000 0.000000
vt -47.352856 0.000000 0.000000
vt -58.057142 0.000000 0.000000
vt -68.761428 0.000000 0.000000
vt -79.465713 0.000000 0.000000
vt -90.169999 0.000000 0.000000
vt -100.874284 0.000000 0.000000
vt -111.578570 0.000000 0.000000
vt -122.282855 0.000000 0.000000
vt -132.987141 0.000000 0.000000
vt -143.691426 0.000000 0.000000
vt -154.395712 0.000000 0.000000
vt -165.099998 0.000000 0.000000
vn -1.000000 -0.000000 -0.000000
vn -1.000000 -0.000000 -0.000000
vn -1.000000 -0.000000 -0.000000
vn -1.000000 -0.000000 -0.000000
vn -1.000000 -0.000000 -0.000000
vn -1.000000 -0.000000 -0.000000
vn -1.000000 -0.000000 -0.000000
vn -1.000000 -0.000000 -0.000000
vn -1.000000 -0.000000 -0.000000
vn -1.000000 -0.000000 -0.000000
vn -1.000000 -0.000000 -0.000000
vn -1.000000 -0.000000 -0.000000
vn -1.000000 -0.000000 -0.000000
vn -1.000000 -0.000000 -0.000000
vn -1.000000 -0.000000 -0.000000
vn -1.000000 -0.000000 -0.000000
vn -1.000000 -0.000000 -0.000000
vn -1.000000 -0.000000 -0.000000
vn -1.000000 -0.000000 -0.000000
vn -1.000000 -0.000000 -0.000000
vn -1.000000 -0.000000 -0.000000
vn -1.000000 -0.000000 -0.000000
vn -1.000000 -0.000000 -0.000000
vn -1.000000 -0.000000 -0.000000
vn -1.000000 -0.000000 -0.000000
vn -1.000000 -0.000000 -0.000000
vn -1.000000 -0.000000 -0.000000
vn -1.000000 -0.000000 -0.000000
vn -1.000000 -0.000000 -0.000000
vn -1.000000 -0.000000 -0.000000
vn -1.000000 -0.000000 -0.000000
vn -1.000000 -0.000000 -0.000000
vn -1.000000 -0.000000 -0.000000
vn -1.000000 -0.000000 -0.000000
vn -1.000000 -0.000000 -0.000000
vn -1.000000 -0.000000 -0.000000
vn -1.000000 -0.000000 -0.000000
vn -1.000000 -0.000000 -0.000000
vn -1.000000 -0.000000 -0.000000
vn -1.000000 -0.000000 -0.000000
vn -1.000000 -0.000000 -0.000000
vn -1.000000 -0.000000 -0.000000
vn -1.000000 -0.000000 -0.000000
vn -1.000000 -0.000000 -0.000000
vn -1.000000 -0.000000 -0.000000
vn -1.000000 -0.000000 -0.000000
vn -1.000000 -0.000000 -0.000000
vn -1.000000 -0.000000 -0.000000
vn -1.000000 -0.000000 -0.000000
vn -1.000000 -0.000000 -0.000000
vn -1.000000 -0.000000 -0.000000
vn -1.000000 -0.000000 -0.000000
vn -1.000000 -0.000000 -0.000000
vn -1.000000 -0.000000 -0.000000
vn -1.000000 -0.000000 -0.000000
vn -1.000000 -0.000000 -0.000000
vn -1.000000 -0.000000 -0.000000
vn -1.000000 -0.000000 -0.000000
vn -1.000000 -0.000000 -0.000000
vn -1.000000 -0.000000 -0.000000
vn -1.000000 -0.000000 -0.000000
vn -1.000000 -0.000000 -0.000000
vn -1.000000 -0.000000 -0.000000
vn -1.000000 -0.000000 -0.000000
vn -1.000000 -0.000000 -0.000000
vn -1.000000 -0.000000 -0.000000
vn -1.000000 -0.000000 -0.000000
vn -1.000000 -0.000000 -0.000000
vn -1.000000 -0.000000 -0.000000
vn -1.000000 -0.000000 -0.000000
vn -1.000000 -0.000000 -0.000000
vn -1.000000 -0.000000 -0.000000
vn -1.000000 -0.000000 -0.000000
vn -1.000000 -0.000000 -0.000000
vn -1.000000 -0.000000 -0.000000
vn -1.000000 -0.000000 -0.000000
vn -1.000000 -0.000000 -0.000000
vn -1.000000 -0.000000 -0.000000
vn -1.000000 -0.000000 -0.000000
vn -1.000000 -0.000000 -0.000000
vn -1.000000 -0.000000 -0.000000
vn -1.000000 -0.000000 -0.000000
vn -1.000000 -0.000000 -0.000000
vn -1.000000 -0.000000 -0.000000
vn -1.000000 -0.000000 -0.000000
vn -1.000000 -0.000000 -0.000000
vn -1.000000 -0.000000 -0.000000
vn -1.000000 -0.000000 -0.000000
vn -1.000000 -0.000000 -0.000000
vn -1.000000 -0.000000 -0.000000
vn -1.000000 -0.000000 -0.000000
vn -1.000000 -0.000000 -0.000000
vn -1.000000 -0.000000 -0.000000
vn -1.000000 -0.000000 -0.000000
vn -1.000000 -0.000000 -0.000000
vn -1.000000 -0.000000 -0.000000
vn -1.000000 -0.000000 -0.000000
vn -1.000000 -0.000000 -0.000000
vn -1.000000 -0.000000 -0.000000
vn -1.000000 -0.000000 -0.000000
vn -1.000000 -0.000000 -0.000000
vn -1.000000 -0.000000 -0.000000
vn -1.000000 -0.000000 -0.000000
vn -1.000000 -0.000000 -0.000000
vn -1.000000 -0.000000 -0.000000
vn -1.000000 -0.000000 -0.000000
vn -1.000000 -0.000000 -0.000000
vn -1.000000 -0.000000 -0.000000
vn -1.000000 -0.000000 -0.000000
vn -1.000000 -0.000000 -0.000000
vn -1.000000 -0.000000 -0.000000
vn -1.000000 -0.000000 -0.000000
vn -1.000000 -0.000000 -0.000000
vn -1.000000 -0.000000 -0.000000
vn -1.000000 -0.000000 -0.000000
vn -1.000000 -0.000000 -0.000000
vn -1.000000 -0.000000 -0.000000
vn -1.000000 -0.000000 -0.000000
vn -1.000000 -0.000000 -0.000000
vn -1.000000 -0.000000 -0.000000
vn -1.000000 -0.000000 -0.000000
vn -1.000000 -0.000000 -0.000000
vn -1.000000 -0.000000 -0.000000
vn -1.000000 -0.000000 -0.000000
vn -1.000000 -0.000000 -0.000000
vn -1.000000 -0.000000 -0.000000
vn -1.000000 -0.000000 -0.000000
vn -1.000000 -0.000000 -0.000000
vn -1.000000 -0.000000 -0.000000
vn -1.000000 -0.000000 -0.000000
vn -1.000000 -0.000000 -0.000000
vn -1.000000 -0.000000 -0.000000
vn -1.000000 -0.000000 -0.000000
vn -1.000000 -0.000000 -0.000000
vn -1.000000 -0.000000 -0.000000
vn -1.000000 -0.000000 -0.000000
vn -1.000000 -0.000000 -0.000000
vn -1.000000 -0.000000 -0.000000
vn -1.000000 -0.000000 -0.000000
vn -1.000000 -0.000000 -0.000000
vn -1.000000 -0.000000 -0.000000
vn -1.000000 -0.000000 -0.000000
vn -1.000000 -0.000000 -0.000000
vn -1.000000 -0.000000 -0.000000
vn -1.000000 -0.000000 -0.000000
vn -1.000000 -0.000000 -0.000000
vn -1.000000 -0.000000 -0.000000
vn -1.000000 -0.000000 -0.000000
vn -1.000000 -0.000000 -0.000000
vn -1.000000 -0.000000 -0.000000
vn -1.000000 -0.000000 -0.000000
vn -1.000000 -0.000000 -0.000000
vn -1.000000 -0.000000 -0.000000
vn -1.000000 -0.000000 -0.000000
vn -1.000000 -0.000000 -0.000000
vn -1.000000 -0.000000 -0.000000
vn -1.000000 -0.000000 -0.000000
vn -1.000000 -0.000000 -0.000000
vn -1.000000 -0.000000 -0.000000
vn -1.000000 -0.000000 -0.000000
vn -1.000000 -0.000000 -0.000000
vn -1.000000 -0.000000 -0.000000
vn -1.000000 -0.000000 -0.000000
vn -1.000000 -0.000000 -0.000000
vn -1.000000 -0.000000 -0.000000
vn 0.000000 0.000000 -1.000000
vn 0.000000 0.000000 -1.000000
vn 0.000000 0.000000 -1.000000
vn 0.000000 0.000000 -1.000000
vn 0.000000 0.000000 -1.000000
vn 0.000000 0.000000 -1.000000
vn 0.000000 0.000000 -1.000000
vn 0.000000 0.000000 -1.000000
vn 0.000000 0.000000 -1.000000
vn 0.000000 0.000000 -1.000000
vn 0.000000 0.000000 -1.000000
vn 0.000000 0.000000 -1.000000
vn 0.000000 0.000000 -1.000000
vn 0.000000 0.000000 -1.000000
vn 0.000000 0.000000 -1.000000
vn 0.000000 0.000000 -1.000000
vn 0.000000 0.000000 -1.000000
vn 0.000000 0.000000 -1.000000
vn 0.000000 0.000000 -1.000000
vn 0.000000 0.000000 -1.000000
vn 0.000000 0.000000 -1.000000
vn 0.000000 0.000000 -1.000000
vn 0.000000 0.000000 -1.000000
vn 0.000000 0.000000 -1.000000
vn 0.000000 0.000000 -1.000000
vn 0.000000 0.000000 -1.000000
vn 0.000000 0.000000 -1.000000
vn 0.000000 0.000000 -1.000000
vn 0.000000 0.000000 -1.000000
vn 0.000000 0.000000 -1.000000
vn 0.000000 0.000000 -1.000000
vn 0.000000 0.000000 -1.000000
vn 0.000000 0.000000 -1.000000
vn 0.000000 1.000000 0.000000
vn 0.000000 1.000000 0.000000
vn 0.000000 1.000000 0.000000
vn 0.000000 1.000000 0.000000
vn 0.000000 1.000000 0.000000
vn 0.000000 1.000000 0.000000
vn 0.000000 1.000000 0.000000
vn 0.000000 1.000000 0.000000
vn 0.000000 1.000000 0.000000
vn 0.000000 1.000000 0.000000
vn 0.000000 1.000000 0.000000
vn 0.000000 1.000000 0.000000
vn 0.000000 1.000000 0.000000
vn 0.000000 1.000000 0.000000
vn 0.000000 1.000000 0.000000
vn 0.000000 1.000000 0.000000
vn 0.000000 1.000000 0.000000
vn 0.000000 1.000000 0.000000
vn 0.000000 1.000000 0.000000
vn 0.000000 1.000000 0.000000
vn 0.000000 1.000000 0.000000
vn 0.000000 1.000000 0.000000
vn 0.000000 1.000000 0.000000
vn 0.000000 1.000000 0.000000
vn 0.000000 1.000000 0.000000
vn 0.000000 1.000000 0.000000
vn 0.000000 1.000000 0.000000
vn 0.000000 1.000000 0.000000
vn 0.000000 1.000000 0.000000
vn 0.000000 1.000000 0.000000
vn 0.000000 1.000000 0.000000
vn 0.000000 1.000000 0.000000
vn 0.000000 1.000000 0.000000
vn 0.000000 1.000000 0.000000
vn 0.000000 1.000000 0.000000
vn 0.000000 1.000000 0.000000
vn 0.000000 1.000000 0.000000
vn 0.000000 1.000000 0.000000
vn 0.000000 1.000000 0.000000
vn 0.000000 1.000000 0.000000
vn 0.000000 1.000000 0.000000
vn 0.000000 1.000000 0.000000
vn 0.000000 1.000000 0.000000
vn 0.000000 1.000000 0.000000
vn 0.000000 1.000000 0.000000
vn 0.000000 0.000000 1.000000
vn 0.000000 0.000000 1.000000
vn 0.000000 0.000000 1.000000
vn 0.000000 0.000000 1.000000
vn 0.000000 0.000000 1.000000
vn 0.000000 0.000000 1.000000
vn 0.000000 0.000000 1.000000
vn 0.000000 0.000000 1.000000
vn 0.000000 0.000000 1.000000
vn 0.000000 0.000000 1.000000
vn 0.000000 0.000000 1.000000
vn 0.000000 0.000000 1.000000
vn 0.000000 0.000000 1.000000
vn 0.000000 0.000000 1.000000
vn 0.000000 0.000000 1.000000
vn 0.000000 0.000000 1.000000
vn 0.000000 0.000000 1.000000
vn 0.000000 0.000000 1.000000
vn 0.000000 0.000000 1.000000
vn 0.000000 0.000000 1.000000
vn 0.000000 0.000000 1.000000
vn 0.000000 0.000000 1.000000
vn 0.000000 0.000000 1.000000
vn 0.000000 0.000000 1.000000
vn 0.000000 0.000000 1.000000
vn 0.000000 0.000000 1.000000
vn 0.000000 0.000000 1.000000
vn 0.000000 0.000000 1.000000
vn 0.000000 0.000000 1.000000
vn 0.000000 0.000000 1.000000
vn 0.000000 0.000000 1.000000
vn 0.000000 0.000000 1.000000
vn 0.000000 0.000000 1.000000
vn 1.000000 0.000000 0.000000
vn 1.000000 0.000000 0.000000
vn 1.000000 0.000000 0.000000
vn 1.000000 0.000000 0.000000
vn 1.000000 0.000000 0.000000
vn 1.000000 0.000000 0.000000
vn 1.000000 0.000000 0.000000
vn 1.000000 0.000000 0.000000
vn 1.000000 0.000000 0.000000
vn 1.000000 0.000000 0.000000
vn 1.000000 0.000000 0.000000
vn 1.000000 0.000000 0.000000
vn 1.000000 0.000000 0.000000
vn 1.000000 0.000000 0.000000
vn 1.000000 0.000000 0.000000
vn 1.000000 0.000000 0.000000
vn 1.000000 0.000000 0.000000
vn 1.000000 0.000000 0.000000
vn 1.000000 0.000000 0.000000
vn 1.000000 0.000000 0.000000
vn 1.000000 0.000000 0.000000
vn 1.000000 0.000000 0.000000
vn 1.000000 0.000000 0.000000
vn 1.000000 0.000000 0.000000
vn 1.000000 0.000000 0.000000
vn 1.000000 0.000000 0.000000
vn 1.000000 0.000000 0.000000
vn 1.000000 0.000000 0.000000
vn 1.000000 0.000000 0.000000
vn 1.000000 0.000000 0.000000
vn 1.000000 0.000000 0.000000
vn 1.000000 0.000000 0.000000
vn 1.000000 0.000000 0.000000
vn 1.000000 0.000000 0.000000
vn 1.000000 0.000000 0.000000
vn 1.000000 0.000000 0.000000
vn 1.000000 0.000000 0.000000
vn 1.000000 0.000000 0.000000
vn 1.000000 0.000000 0.000000
vn 1.000000 0.000000 0.000000
vn 1.000000 0.000000 0.000000
vn 1.000000 0.000000 0.000000
vn 1.000000 0.000000 0.000000
vn 1.000000 0.000000 0.000000
vn 1.000000 0.000000 0.000000
vn 1.000000 0.000000 0.000000
vn 1.000000 0.000000 0.000000
vn 1.000000 0.000000 0.000000
vn 1.000000 0.000000 0.000000
vn 1.000000 0.000000 0.000000
vn 1.000000 0.000000 0.000000
vn 1.000000 0.000000 0.000000
vn 1.000000 0.000000 0.000000
vn 1.000000 0.000000 0.000000
vn 1.000000 0.000000 0.000000
vn 1.000000 0.000000 0.000000
vn 1.000000 0.000000 0.000000
vn 1.000000 0.000000 0.000000
vn 1.000000 0.000000 0.000000
vn 1.000000 0.000000 0.000000
vn 1.000000 0.000000 0.000000
vn 1.000000 0.000000 0.000000
vn 1.000000 0.000000 0.000000
vn 1.000000 0.000000 0.000000
vn 1.000000 0.000000 0.000000
vn 1.000000 0.000000 0.000000
vn 1.000000 0.000000 0.000000
vn 1.000000 0.000000 0.000000
vn 1.000000 0.000000 0.000000
vn 1.000000 0.000000 0.000000
vn 1.000000 0.000000 0.000000
vn 1.000000 0.000000 0.000000
vn 1.000000 0.000000 0.000000
vn 1.000000 0.000000 0.000000
vn 1.000000 0.000000 0.000000
vn 1.000000 0.000000 0.000000
vn 1.000000 0.000000 0.000000
vn 1.000000 0.000000 0.000000
vn 1.000000 0.000000 0.000000
vn 1.000000 0.000000 0.000000
vn 1.000000 0.000000 0.000000
vn 1.000000 0.000000 0.000000
vn 1.000000 0.000000 0.000000
vn 1.000000 0.000000 0.000000
vn 1.000000 0.000000 0.000000
vn 1.000000 0.000000 0.000000
vn 1.000000 0.000000 0.000000
vn 1.000000 0.000000 0.000000
vn 1.000000 0.000000 0.000000
vn 1.000000 0.000000 0.000000
vn 1.000000 0.000000 0.000000
vn 1.000000 0.000000 0.000000
vn 1.000000 0.000000 0.000000
vn 1.000000 0.000000 0.000000
vn 1.000000 0.000000 0.000000
vn 1.000000 0.000000 0.000000
vn 1.000000 0.000000 0.000000
vn 1.000000 0.000000 0.000000
vn 1.000000 0.000000 0.000000
vn 1.000000 0.000000 0.000000
vn 1.000000 0.000000 0.000000
vn 1.000000 0.000000 0.000000
vn 1.000000 0.000000 0.000000
vn 1.000000 0.000000 0.000000
vn 1.000000 0.000000 0.000000
vn 1.000000 0.000000 0.000000
vn 1.000000 0.000000 0.000000
vn 1.000000 0.000000 0.000000
vn 1.000000 0.000000 0.000000
vn 1.000000 0.000000 0.000000
vn 1.000000 0.000000 0.000000
vn 1.000000 0.000000 0.000000
vn 1.000000 0.000000 0.000000
vn 1.000000 0.000000 0.000000
vn 1.000000 0.000000 0.000000
vn 1.000000 0.000000 0.000000
vn 1.000000 0.000000 0.000000
vn 1.000000 0.000000 0.000000
vn 1.000000 0.000000 0.000000
vn 1.000000 0.000000 0.000000
vn 1.000000 0.000000 0.000000
vn 1.000000 0.000000 0.000000
vn 1.000000 0.000000 0.000000
vn 1.000000 0.000000 0.000000
vn 1.000000 0.000000 0.000000
vn 1.000000 0.000000 0.000000
vn 1.000000 0.000000 0.000000
vn 1.000000 0.000000 0.000000
vn 1.000000 0.000000 0.000000
vn 1.000000 0.000000 0.000000
vn 1.000000 0.000000 0.000000
vn 1.000000 0.000000 0.000000
vn 1.000000 0.000000 0.000000
vn 1.000000 0.000000 0.000000
vn 1.000000 0.000000 0.000000
vn 1.000000 0.000000 0.000000
vn 1.000000 0.000000 0.000000
vn 1.000000 0.000000 0.000000
vn 1.000000 0.000000 0.000000
vn 1.000000 0.000000 0.000000
vn 1.000000 0.000000 0.000000
vn 1.000000 0.000000 0.000000
vn 1.000000 0.000000 0.000000
vn 1.000000 0.000000 0.000000
vn 1.000000 0.000000 0.000000
vn 1.000000 0.000000 0.000000
vn 1.000000 0.000000 0.000000
vn 1.000000 0.000000 0.000000
vn 1.000000 0.000000 0.000000
vn 1.000000 0.000000 0.000000
vn 1.000000 0.000000 0.000000
vn 1.000000 0.000000 0.000000
vn 1.000000 0.000000 0.000000
vn 1.000000 0.000000 0.000000
vn 1.000000 0.000000 0.000000
vn 1.000000 0.000000 0.000000
vn 1.000000 0.000000 0.000000
vn 1.000000 0.000000 0.000000
vn 1.000000 0.000000 0.000000
vn 1.000000 0.000000 0.000000
vn 1.000000 0.000000 0.000000
vn 1.000000 0.000000 0.000000
vn 1.000000 0.000000 0.000000
vn 1.000000 0.000000 0.000000
vn 1.000000 0.000000 0.000000
vn -0.000000 -1.000000 -0.000000
vn -0.000000 -1.000000 -0.000000
vn -0.000000 -1.000000 -0.000000
vn -0.000000 -1.000000 -0.000000
vn -0.000000 -1.000000 -0.000000
vn -0.000000 -1.000000 -0.000000
vn -0.000000 -1.000000 -0.000000
vn -0.000000 -1.000000 -0.000000
vn -0.000000 -1.000000 -0.000000
vn -0.000000 -1.000000 -0.000000
vn -0.000000 -1.000000 -0.000000
vn -0.000000 -1.000000 -0.000000
vn -0.000000 -1.000000 -0.000000
vn -0.000000 -1.000000 -0.000000
vn -0.000000 -1.000000 -0.000000
vn -0.000000 -1.000000 -0.000000
vn -0.000000 -1.000000 -0.000000
vn -0.000000 -1.000000 -0.000000
vn -0.000000 -1.000000 -0.000000
vn -0.000000 -1.000000 -0.000000
vn -0.000000 -1.000000 -0.000000
vn -0.000000 -1.000000 -0.000000
vn -0.000000 -1.000000 -0.000000
vn -0.000000 -1.000000 -0.000000
vn -0.000000 -1.000000 -0.000000
vn -0.000000 -1.000000 -0.000000
vn -0.000000 -1.000000 -0.000000
vn -0.000000 -1.000000 -0.000000
vn -0.000000 -1.000000 -0.000000
vn -0.000000 -1.000000 -0.000000
vn -0.000000 -1.000000 -0.000000
vn -0.000000 -1.000000 -0.000000
vn -0.000000 -1.000000 -0.000000
vn -0.000000 -1.000000 -0.000000
vn -0.000000 -1.000000 -0.000000
vn -0.000000 -1.000000 -0.000000
vn -0.000000 -1.000000 -0.000000
vn -0.000000 -1.000000 -0.000000
vn -0.000000 -1.000000 -0.000000
vn -0.000000 -1.000000 -0.000000
vn -0.000000 -1.000000 -0.000000
vn -0.000000 -1.000000 -0.000000
vn -0.000000 -1.000000 -0.000000
vn -0.000000 -1.000000 -0.000000
vn -0.000000 -1.000000 -0.000000
usemtl Acetal_Resin_(White)
f 927/1355/1355 928/1356/1356 974/1357/1357
f 974/1357/1357 928/1356/1356 987/1358/1358
f 974/1357/1357 987/1358/1358 973/1359/1359
f 973/1359/1359 987/1358/1358 1000/1360/1360
f 973/1359/1359 1000/1360/1360 972/1361/1361
f 972/1361/1361 1000/1360/1360 1013/1362/1362
f 972/1361/1361 1013/1362/1362 971/1363/1363
f 971/1363/1363 1013/1362/1362 1026/1364/1364
f 971/1363/1363 1026/1364/1364 970/1365/1365
f 970/1365/1365 1026/1364/1364 1039/1366/1366
f 970/1365/1365 1039/1366/1366 969/1367/1367
f 969/1367/1367 1039/1366/1366 1052/1368/1368
f 969/1367/1367 1052/1368/1368 968/1369/1369
f 968/1369/1369 1052/1368/1368 1065/1370/1370
f 968/1369/1369 1065/1370/1370 967/1371/1371
f 967/1371/1371 1065/1370/1370 1078/1372/1372
f 967/1371/1371 1078/1372/1372 966/1373/1373
f 966/1373/1373 1078/1372/1372 1091/1374/1374
f 966/1373/1373 1091/1374/1374 965/1375/1375
f 965/1375/1375 1091/1374/1374 964/1376/1376
f 964/1376/1376 1091/1374/1374 1090/1377/1377
f 964/1376/1376 1090/1377/1377 963/1378/1378
f 963/1378/1378 1090/1377/1377 1089/1379/1379
f 963/1378/1378 1089/1379/1379 962/1380/1380
f 962/1380/1380 1089/1379/1379 1088/1381/1381
f 962/1380/1380 1088/1381/1381 961/1382/1382
f 961/1382/1382 1088/1381/1381 1087/1383/1383
f 961/1382/1382 1087/1383/1383 960/1384/1384
f 960/1384/1384 1087/1383/1383 1086/1385/1385
f 960/1384/1384 1086/1385/1385 959/1386/1386
f 959/1386/1386 1086/1385/1385 1085/1387/1387
f 959/1386/1386 1085/1387/1387 958/1388/1388
f 958/1388/1388 1085/1387/1387 1084/1389/1389
f 958/1388/1388 1084/1389/1389 957/1390/1390
f 957/1390/1390 1084/1389/1389 1083/1391/1391
f 957/1390/1390 1083/1391/1391 956/1392/1392
f 956/1392/1392 1083/1391/1391 1082/1393/1393
f 956/1392/1392 1082/1393/1393 955/1394/1394
f 955/1394/1394 1082/1393/1393 1081/1395/1395
f 955/1394/1394 1081/1395/1395 954/1396/1396
f 954/1396/1396 1081/1395/1395 1080/1397/1397
f 954/1396/1396 1080/1397/1397 953/1398/1398
f 953/1398/1398 1080/1397/1397 1079/1399/1399
f 953/1398/1398 1079/1399/1399 952/1400/1400
f 952/1400/1400 1079/1399/1399 950/1401/1401
f 952/1400/1400 950/1401/1401 951/1402/1402
f 928/1356/1356 929/1403/1403 987/1358/1358
f 987/1358/1358 929/1403/1403 986/1404/1404
f 987/1358/1358 986/1404/1404 1000/1360/1360
f 1000/1360/1360 986/1404/1404 999/1405/1405
f 1000/1360/1360 999/1405/1405 1013/1362/1362
f 1013/1362/1362 999/1405/1405 1012/1406/1406
f 1013/1362/1362 1012/1406/1406 1026/1364/1364
f 1026/1364/1364 1012/1406/1406 1025/1407/1407
f 1026/1364/1364 1025/1407/1407 1039/1366/1366
f 1039/1366/1366 1025/1407/1407 1038/1408/1408
f 1039/1366/1366 1038/1408/1408 1052/1368/1368
f 1052/1368/1368 1038/1408/1408 1051/1409/1409
f 1052/1368/1368 1051/1409/1409 1065/1370/1370
f 1065/1370/1370 1051/1409/1409 1064/1410/1410
f 1065/1370/1370 1064/1410/1410 1078/1372/1372
f 1078/1372/1372 1064/1410/1410 1077/1411/1411
f 1078/1372/1372 1077/1411/1411 1091/1374/1374
f 1091/1374/1374 1077/1411/1411 1090/1377/1377
f 929/1403/1403 930/1412/1412 986/1404/1404
f 986/1404/1404 930/1412/1412 985/1413/1413
f 986/1404/1404 985/1413/1413 999/1405/1405
f 999/1405/1405 985/1413/1413 998/1414/1414
f 999/1405/1405 998/1414/1414 1012/1406/1406
f 1012/1406/1406 998/1414/1414 1011/1415/1415
f 1012/1406/1406 1011/1415/1415 1025/1407/1407
f 1025/1407/1407 1011/1415/1415 1024/1416/1416
f 1025/1407/1407 1024/1416/1416 1038/1408/1408
f 1038/1408/1408 1024/1416/1416 1037/1417/1417
f 1038/1408/1408 1037/1417/1417 1051/1409/1409
f 1051/1409/1409 1037/1417/1417 1050/1418/1418
f 1051/1409/1409 1050/1418/1418 1064/1410/1410
f 1064/1410/1410 1050/1418/1418 1063/1419/1419
f 1064/1410/1410 1063/1419/1419 1077/1411/1411
f 1077/1411/1411 1063/1419/1419 1076/1420/1420
f 1077/1411/1411 1076/1420/1420 1090/1377/1377
f 1090/1377/1377 1076/1420/1420 1089/1379/1379
f 930/1412/1412 931/1421/1421 985/1413/1413
f 985/1413/1413 931/1421/1421 984/1422/1422
f 985/1413/1413 984/1422/1422 998/1414/1414
f 998/1414/1414 984/1422/1422 997/1423/1423
f 998/1414/1414 997/1423/1423 1011/1415/1415
f 1011/1415/1415 997/1423/1423 1010/1424/1424
f 1011/1415/1415 1010/1424/1424 1024/1416/1416
f 1024/1416/1416 1010/1424/1424 1023/1425/1425
f 1024/1416/1416 1023/1425/1425 1037/1417/1417
f 1037/1417/1417 1023/1425/1425 1036/1426/1426
f 1037/1417/1417 1036/1426/1426 1050/1418/1418
f 1050/1418/1418 1036/1426/1426 1049/1427/1427
f 1050/1418/1418 1049/1427/1427 1063/1419/1419
f 1063/1419/1419 1049/1427/1427 1062/1428/1428
f 1063/1419/1419 1062/1428/1428 1076/1420/1420
f 1076/1420/1420 1062/1428/1428 1075/1429/1429
f 1076/1420/1420 1075/1429/1429 1089/1379/1379
f 1089/1379/1379 1075/1429/1429 1088/1381/1381
f 931/1421/1421 932/1430/1430 984/1422/1422
f 984/1422/1422 932/1430/1430 983/1431/1431
f 984/1422/1422 983/1431/1431 997/1423/1423
f 997/1423/1423 983/1431/1431 996/1432/1432
f 997/1423/1423 996/1432/1432 1010/1424/1424
f 1010/1424/1424 996/1432/1432 1009/1433/1433
f 1010/1424/1424 1009/1433/1433 1023/1425/1425
f 1023/1425/1425 1009/1433/1433 1022/1434/1434
f 1023/1425/1425 1022/1434/1434 1036/1426/1426
f 1036/1426/1426 1022/1434/1434 1035/1435/1435
f 1036/1426/1426 1035/1435/1435 1049/1427/1427
f 1049/1427/1427 1035/1435/1435 1048/1436/1436
f 1049/1427/1427 1048/1436/1436 1062/1428/1428
f 1062/1428/1428 1048/1436/1436 1061/1437/1437
f 1062/1428/1428 1061/1437/1437 1075/1429/1429
f 1075/1429/1429 1061/1437/1437 1074/1438/1438
f 1075/1429/1429 1074/1438/1438 1088/1381/1381
f 1088/1381/1381 1074/1438/1438 1087/1383/1383
f 932/1430/1430 933/1439/1439 983/1431/1431
f 983/1431/1431 933/1439/1439 982/1440/1440
f 983/1431/1431 982/1440/1440 996/1432/1432
f 996/1432/1432 982/1440/1440 995/1441/1441
f 996/1432/1432 995/1441/1441 1009/1433/1433
f 1009/1433/1433 995/1441/1441 1008/1442/1442
f 1009/1433/1433 1008/1442/1442 1022/1434/1434
f 1022/1434/1434 1008/1442/1442 1021/1443/1443
f 1022/1434/1434 1021/1443/1443 1035/1435/1435
f 1035/1435/1435 1021/1443/1443 1034/1444/1444
f 1035/1435/1435 1034/1444/1444 1048/1436/1436
f 1048/1436/1436 1034/1444/1444 1047/1445/1445
f 1048/1436/1436 1047/1445/1445 1061/1437/1437
f 1061/1437/1437 1047/1445/1445 1060/1446/1446
f 1061/1437/1437 1060/1446/1446 1074/1438/1438
f 1074/1438/1438 1060/1446/1446 1073/1447/1447
f 1074/1438/1438 1073/1447/1447 1087/1383/1383
f 1087/1383/1383 1073/1447/1447 1086/1385/1385
f 933/1439/1439 934/1448/1448 982/1440/1440
f 982/1440/1440 934/1448/1448 981/1449/1449
f 982/1440/1440 981/1449/1449 995/1441/1441
f 995/1441/1441 981/1449/1449 994/1450/1450
f 995/1441/1441 994/1450/1450 1008/1442/1442
f 1008/1442/1442 994/1450/1450 1007/1451/1451
f 1008/1442/1442 1007/1451/1451 1021/1443/1443
f 1021/1443/1443 1007/1451/1451 1020/1452/1452
f 1021/1443/1443 1020/1452/1452 1034/1444/1444
f 1034/1444/1444 1020/1452/1452 1033/1453/1453
f 1034/1444/1444 1033/1453/1453 1047/1445/1445
f 1047/1445/1445 1033/1453/1453 1046/1454/1454
f 1047/1445/1445 1046/1454/1454 1060/1446/1446
f 1060/1446/1446 1046/1454/1454 1059/1455/1455
f 1060/1446/1446 1059/1455/1455 1073/1447/1447
f 1073/1447/1447 1059/1455/1455 1072/1456/1456
f 1073/1447/1447 1072/1456/1456 1086/1385/1385
f 1086/1385/1385 1072/1456/1456 1085/1387/1387
f 934/1448/1448 935/1457/1457 981/1449/1449
f 981/1449/1449 935/1457/1457 980/1458/1458
f 981/1449/1449 980/1458/1458 994/1450/1450
f 994/1450/1450 980/1458/1458 993/1459/1459
f 994/1450/1450 993/1459/1459 1007/1451/1451
f 1007/1451/1451 993/1459/1459 1006/1460/1460
f 1007/1451/1451 1006/1460/1460 1020/1452/1452
f 1020/1452/1452 1006/1460/1460 1019/1461/1461
f 1020/1452/1452 1019/1461/1461 1033/1453/1453
f 1033/1453/1453 1019/1461/1461 1032/1462/1462
f 1033/1453/1453 1032/1462/1462 1046/1454/1454
f 1046/1454/1454 1032/1462/1462 1045/1463/1463
f 1046/1454/1454 1045/1463/1463 1059/1455/1455
f 1059/1455/1455 1045/1463/1463 1058/1464/1464
f 1059/1455/1455 1058/1464/1464 1072/1456/1456
f 1072/1456/1456 1058/1464/1464 1071/1465/1465
f 1072/1456/1456 1071/1465/1465 1085/1387/1387
f 1085/1387/1387 1071/1465/1465 1084/1389/1389
f 935/1457/1457 936/1466/1466 980/1458/1458
f 980/1458/1458 936/1466/1466 979/1467/1467
f 980/1458/1458 979/1467/1467 993/1459/1459
f 993/1459/1459 979/1467/1467 992/1468/1468
f 993/1459/1459 992/1468/1468 1006/1460/1460
f 1006/1460/1460 992/1468/1468 1005/1469/1469
f 1006/1460/1460 1005/1469/1469 1019/1461/1461
f 1019/1461/1461 1005/1469/1469 1018/1470/1470
f 1019/1461/1461 1018/1470/1470 1032/1462/1462
f 1032/1462/1462 1018/1470/1470 1031/1471/1471
f 1032/1462/1462 1031/1471/1471 1045/1463/1463
f 1045/1463/1463 1031/1471/1471 1044/1472/1472
f 1045/1463/1463 1044/1472/1472 1058/1464/1464
f 1058/1464/1464 1044/1472/1472 1057/1473/1473
f 1058/1464/1464 1057/1473/1473 1071/1465/1465
f 1071/1465/1465 1057/1473/1473 1070/1474/1474
f 1071/1465/1465 1070/1474/1474 1084/1389/1389
f 1084/1389/1389 1070/1474/1474 1083/1391/1391
f 936/1466/1466 937/1475/1475 979/1467/1467
f 979/1467/1467 937/1475/1475 978/1476/1476
f 979/1467/1467 978/1476/1476 992/1468/1468
f 992/1468/1468 978/1476/1476 991/1477/1477
f 992/1468/1468 991/1477/1477 1005/1469/1469
f 1005/1469/1469 991/1477/1477 1004/1478/1478
f 1005/1469/1469 1004/1478/1478 1018/1470/1470
f 1018/1470/1470 1004/1478/1478 1017/1479/1479
f 1018/1470/1470 1017/1479/1479 1031/1471/1471
f 1031/1471/1471 1017/1479/1479 1030/1480/1480
f 1031/1471/1471 1030/1480/1480 1044/1472/1472
f 1044/1472/1472 1030/1480/1480 1043/1481/1481
f 1044/1472/1472 1043/1481/1481 1057/1473/1473
f 1057/1473/1473 1043/1481/1481 1056/1482/1482
f 1057/1473/1473 1056/1482/1482 1070/1474/1474
f 1070/1474/1474 1056/1482/1482 1069/1483/1483
f 1070/1474/1474 1069/1483/1483 1083/1391/1391
f 1083/1391/1391 1069/1483/1483 1082/1393/1393
f 937/1475/1475 938/1484/1484 978/1476/1476
f 978/1476/1476 938/1484/1484 977/1485/1485
f 978/1476/1476 977/1485/1485 991/1477/1477
f 991/1477/1477 977/1485/1485 990/1486/1486
f 991/1477/1477 990/1486/1486 1004/1478/1478
f 1004/1478/1478 990/1486/1486 1003/1487/1487
f 1004/1478/1478 1003/1487/1487 1017/1479/1479
f 1017/1479/1479 1003/1487/1487 1016/1488/1488
f 1017/1479/1479 1016/1488/1488 1030/1480/1480
f 1030/1480/1480 1016/1488/1488 1029/1489/1489
f 1030/1480/1480 1029/1489/1489 1043/1481/1481
f 1043/1481/1481 1029/1489/1489 1042/1490/1490
f 1043/1481/1481 1042/1490/1490 1056/1482/1482
f 1056/1482/1482 1042/1490/1490 1055/1491/1491
f 1056/1482/1482 1055/1491/1491 1069/1483/1483
f 1069/1483/1483 1055/1491/1491 1068/1492/1492
f 1069/1483/1483 1068/1492/1492 1082/1393/1393
f 1082/1393/1393 1068/1492/1492 1081/1395/1395
f 938/1484/1484 939/1493/1493 977/1485/1485
f 977/1485/1485 939/1493/1493 976/1494/1494
f 977/1485/1485 976/1494/1494 990/1486/1486
f 990/1486/1486 976/1494/1494 989/1495/1495
f 990/1486/1486 989/1495/1495 1003/1487/1487
f 1003/1487/1487 989/1495/1495 1002/1496/1496
f 1003/1487/1487 1002/1496/1496 1016/1488/1488
f 1016/1488/1488 1002/1496/1496 1015/1497/1497
f 1016/1488/1488 1015/1497/1497 1029/1489/1489
f 1029/1489/1489 1015/1497/1497 1028/1498/1498
f 1029/1489/1489 1028/1498/1498 1042/1490/1490
f 1042/1490/1490 1028/1498/1498 1041/1499/1499
f 1042/1490/1490 1041/1499/1499 1055/1491/1491
f 1055/1491/1491 1041/1499/1499 1054/1500/1500
f 1055/1491/1491 1054/1500/1500 1068/1492/1492
f 1068/1492/1492 1054/1500/1500 1067/1501/1501
f 1068/1492/1492 1067/1501/1501 1081/1395/1395
f 1081/1395/1395 1067/1501/1501 1080/1397/1397
f 939/1493/1493 940/1502/1502 976/1494/1494
f 976/1494/1494 940/1502/1502 975/1503/1503
f 976/1494/1494 975/1503/1503 989/1495/1495
f 989/1495/1495 975/1503/1503 988/1504/1504
f 989/1495/1495 988/1504/1504 1002/1496/1496
f 1002/1496/1496 988/1504/1504 1001/1505/1505
f 1002/1496/1496 1001/1505/1505 1015/1497/1497
f 1015/1497/1497 1001/1505/1505 1014/1506/1506
f 1015/1497/1497 1014/1506/1506 1028/1498/1498
f 1028/1498/1498 1014/1506/1506 1027/1507/1507
f 1028/1498/1498 1027/1507/1507 1041/1499/1499
f 1041/1499/1499 1027/1507/1507 1040/1508/1508
f 1041/1499/1499 1040/1508/1508 1054/1500/1500
f 1054/1500/1500 1040/1508/1508 1053/1509/1509
f 1054/1500/1500 1053/1509/1509 1067/1501/1501
f 1067/1501/1501 1053/1509/1509 1066/1510/1510
f 1067/1501/1501 1066/1510/1510 1080/1397/1397
f 1080/1397/1397 1066/1510/1510 1079/1399/1399
f 940/1502/1502 941/1511/1511 975/1503/1503
f 975/1503/1503 941/1511/1511 942/1512/1512
f 975/1503/1503 942/1512/1512 988/1504/1504
f 988/1504/1504 942/1512/1512 943/1513/1513
f 988/1504/1504 943/1513/1513 1001/1505/1505
f 1001/1505/1505 943/1513/1513 944/1514/1514
f 1001/1505/1505 944/1514/1514 1014/1506/1506
f 1014/1506/1506 944/1514/1514 945/1515/1515
f 1014/1506/1506 945/1515/1515 1027/1507/1507
f 1027/1507/1507 945/1515/1515 946/1516/1516
f 1027/1507/1507 946/1516/1516 1040/1508/1508
f 1040/1508/1508 946/1516/1516 947/1517/1517
f 1040/1508/1508 947/1517/1517 1053/1509/1509
f 1053/1509/1509 947/1517/1517 948/1518/1518
f 1053/1509/1509 948/1518/1518 1066/1510/1510
f 1066/1510/1510 948/1518/1518 949/1519/1519
f 1066/1510/1510 949/1519/1519 1079/1399/1399
f 1079/1399/1399 949/1519/1519 950/1401/1401
f 1104/1520/1520 1092/1521/1521 1105/1522/1522
f 1105/1522/1522 1092/1521/1521 1093/1523/1523
f 1105/1522/1522 1093/1523/1523 974/1524/1524
f 974/1524/1524 1093/1523/1523 927/1525/1525
f 974/1524/1524 973/1526/1526 1105/1522/1522
f 1105/1522/1522 973/1526/1526 1106/1527/1527
f 1105/1522/1522 1106/1527/1527 1104/1520/1520
f 1104/1520/1520 1106/1527/1527 1103/1528/1528
f 1103/1528/1528 1106/1527/1527 1107/1529/1529
f 1103/1528/1528 1107/1529/1529 1102/1530/1530
f 1102/1530/1530 1107/1529/1529 1108/1531/1531
f 1102/1530/1530 1108/1531/1531 1101/1532/1532
f 1101/1532/1532 1108/1531/1531 1109/1533/1533
f 1101/1532/1532 1109/1533/1533 1100/1534/1534
f 1100/1534/1534 1109/1533/1533 1110/1535/1535
f 1100/1534/1534 1110/1535/1535 1099/1536/1536
f 1099/1536/1536 1110/1535/1535 1111/1537/1537
f 1099/1536/1536 1111/1537/1537 1098/1538/1538
f 1098/1538/1538 1111/1537/1537 1112/1539/1539
f 1098/1538/1538 1112/1539/1539 1097/1540/1540
f 1097/1540/1540 1112/1539/1539 1113/1541/1541
f 1097/1540/1540 1113/1541/1541 1096/1542/1542
f 1096/1542/1542 1113/1541/1541 1094/1543/1543
f 1096/1542/1542 1094/1543/1543 1095/1544/1544
f 973/1526/1526 972/1545/1545 1106/1527/1527
f 1106/1527/1527 972/1545/1545 1107/1529/1529
f 972/1545/1545 971/1546/1546 1107/1529/1529
f 1107/1529/1529 971/1546/1546 1108/1531/1531
f 971/1546/1546 970/1547/1547 1108/1531/1531
f 1108/1531/1531 970/1547/1547 1109/1533/1533
f 970/1547/1547 969/1548/1548 1109/1533/1533
f 1109/1533/1533 969/1548/1548 1110/1535/1535
f 969/1548/1548 968/1549/1549 1110/1535/1535
f 1110/1535/1535 968/1549/1549 1111/1537/1537
f 968/1549/1549 967/1550/1550 1111/1537/1537
f 1111/1537/1537 967/1550/1550 1112/1539/1539
f 967/1550/1550 966/1551/1551 1112/1539/1539
f 1112/1539/1539 966/1551/1551 1113/1541/1541
f 966/1551/1551 965/1552/1552 1113/1541/1541
f 1113/1541/1541 965/1552/1552 1094/1543/1543
f 965/1553/1553 964/1554/1554 1094/1555/1555
f 1094/1555/1555 964/1554/1554 1141/1556/1556
f 1094/1555/1555 1141/1556/1556 1095/1557/1557
f 1095/1557/1557 1141/1556/1556 1128/1558/1558
f 1128/1558/1558 1141/1556/1556 1140/1559/1559
f 1128/1558/1558 1140/1559/1559 1127/1560/1560
f 1127/1560/1560 1140/1559/1559 1139/1561/1561
f 1127/1560/1560 1139/1561/1561 1126/1562/1562
f 1126/1562/1562 1139/1561/1561 1138/1563/1563
f 1126/1562/1562 1138/1563/1563 1125/1564/1564
f 1125/1564/1564 1138/1563/1563 1137/1565/1565
f 1125/1564/1564 1137/1565/1565 1124/1566/1566
f 1124/1566/1566 1137/1565/1565 1136/1567/1567
f 1124/1566/1566 1136/1567/1567 1123/1568/1568
f 1123/1568/1568 1136/1567/1567 1135/1569/1569
f 1123/1568/1568 1135/1569/1569 1122/1570/1570
f 1122/1570/1570 1135/1569/1569 1134/1571/1571
f 1122/1570/1570 1134/1571/1571 1121/1572/1572
f 1121/1572/1572 1134/1571/1571 1133/1573/1573
f 1121/1572/1572 1133/1573/1573 1120/1574/1574
f 1120/1574/1574 1133/1573/1573 1132/1575/1575
f 1120/1574/1574 1132/1575/1575 1119/1576/1576
f 1119/1576/1576 1132/1575/1575 1131/1577/1577
f 1119/1576/1576 1131/1577/1577 1118/1578/1578
f 1118/1578/1578 1131/1577/1577 1130/1579/1579
f 1118/1578/1578 1130/1579/1579 1117/1580/1580
f 1117/1580/1580 1130/1579/1579 1129/1581/1581
f 1117/1580/1580 1129/1581/1581 1116/1582/1582
f 1116/1582/1582 1129/1581/1581 1114/1583/1583
f 1116/1582/1582 1114/1583/1583 1115/1584/1584
f 964/1554/1554 963/1585/1585 1141/1556/1556
f 1141/1556/1556 963/1585/1585 1140/1559/1559
f 963/1585/1585 962/1586/1586 1140/1559/1559
f 1140/1559/1559 962/1586/1586 1139/1561/1561
f 962/1586/1586 961/1587/1587 1139/1561/1561
f 1139/1561/1561 961/1587/1587 1138/1563/1563
f 961/1587/1587 960/1588/1588 1138/1563/1563
f 1138/1563/1563 960/1588/1588 1137/1565/1565
f 960/1588/1588 959/1589/1589 1137/1565/1565
f 1137/1565/1565 959/1589/1589 1136/1567/1567
f 959/1589/1589 958/1590/1590 1136/1567/1567
f 1136/1567/1567 958/1590/1590 1135/1569/1569
f 958/1590/1590 957/1591/1591 1135/1569/1569
f 1135/1569/1569 957/1591/1591 1134/1571/1571
f 957/1591/1591 956/1592/1592 1134/1571/1571
f 1134/1571/1571 956/1592/1592 1133/1573/1573
f 956/1592/1592 955/1593/1593 1133/1573/1573
f 1133/1573/1573 955/1593/1593 1132/1575/1575
f 955/1593/1593 954/1594/1594 1132/1575/1575
f 1132/1575/1575 954/1594/1594 1131/1577/1577
f 954/1594/1594 953/1595/1595 1131/1577/1577
f 1131/1577/1577 953/1595/1595 1130/1579/1579
f 953/1595/1595 952/1596/1596 1130/1579/1579
f 1130/1579/1579 952/1596/1596 1129/1581/1581
f 952/1596/1596 951/1597/1597 1129/1581/1581
f 1129/1581/1581 951/1597/1597 1114/1583/1583
f 942/1598/1598 941/1599/1599 1153/1600/1600
f 1153/1600/1600 941/1599/1599 1142/1601/1601
f 1153/1600/1600 1142/1601/1601 1144/1602/1602
f 1144/1602/1602 1142/1601/1601 1143/1603/1603
f 1144/1602/1602 1145/1604/1604 1153/1600/1600
f 1153/1600/1600 1145/1604/1604 1154/1605/1605
f 1153/1600/1600 1154/1605/1605 942/1598/1598
f 942/1598/1598 1154/1605/1605 943/1606/1606
f 943/1606/1606 1154/1605/1605 1155/1607/1607
f 943/1606/1606 1155/1607/1607 944/1608/1608
f 944/1608/1608 1155/1607/1607 1156/1609/1609
f 944/1608/1608 1156/1609/1609 945/1610/1610
f 945/1610/1610 1156/1609/1609 1157/1611/1611
f 945/1610/1610 1157/1611/1611 946/1612/1612
f 946/1612/1612 1157/1611/1611 1158/1613/1613
f 946/1612/1612 1158/1613/1613 947/1614/1614
f 947/1614/1614 1158/1613/1613 1159/1615/1615
f 947/1614/1614 1159/1615/1615 948/1616/1616
f 948/1616/1616 1159/1615/1615 1160/1617/1617
f 948/1616/1616 1160/1617/1617 949/1618/1618
f 949/1618/1618 1160/1617/1617 1161/1619/1619
f 949/1618/1618 1161/1619/1619 950/1620/1620
f 950/1620/1620 1161/1619/1619 1114/1621/1621
f 950/1620/1620 1114/1621/1621 951/1622/1622
f 1145/1604/1604 1146/1623/1623 1154/1605/1605
f 1154/1605/1605 1146/1623/1623 1155/1607/1607
f 1146/1623/1623 1147/1624/1624 1155/1607/1607
f 1155/1607/1607 1147/1624/1624 1156/1609/1609
f 1147/1624/1624 1148/1625/1625 1156/1609/1609
f 1156/1609/1609 1148/1625/1625 1157/1611/1611
f 1148/1625/1625 1149/1626/1626 1157/1611/1611
f 1157/1611/1611 1149/1626/1626 1158/1613/1613
f 1149/1626/1626 1150/1627/1627 1158/1613/1613
f 1158/1613/1613 1150/1627/1627 1159/1615/1615
f 1150/1627/1627 1151/1628/1628 1159/1615/1615
f 1159/1615/1615 1151/1628/1628 1160/1617/1617
f 1151/1628/1628 1152/1629/1629 1160/1617/1617
f 1160/1617/1617 1152/1629/1629 1161/1619/1619
f 1152/1629/1629 1115/1630/1630 1161/1619/1619
f 1161/1619/1619 1115/1630/1630 1114/1621/1621
f 1143/1631/1631 1162/1632/1632 1144/1633/1633
f 1144/1633/1633 1162/1632/1632 1187/1634/1634
f 1144/1633/1633 1187/1634/1634 1145/1635/1635
f 1145/1635/1635 1187/1634/1634 1200/1636/1636
f 1145/1635/1635 1200/1636/1636 1146/1637/1637
f 1146/1637/1637 1200/1636/1636 1213/1638/1638
f 1146/1637/1637 1213/1638/1638 1147/1639/1639
f 1147/1639/1639 1213/1638/1638 1226/1640/1640
f 1147/1639/1639 1226/1640/1640 1148/1641/1641
f 1148/1641/1641 1226/1640/1640 1239/1642/1642
f 1148/1641/1641 1239/1642/1642 1149/1643/1643
f 1149/1643/1643 1239/1642/1642 1252/1644/1644
f 1149/1643/1643 1252/1644/1644 1150/1645/1645
f 1150/1645/1645 1252/1644/1644 1265/1646/1646
f 1150/1645/1645 1265/1646/1646 1151/1647/1647
f 1151/1647/1647 1265/1646/1646 1278/1648/1648
f 1151/1647/1647 1278/1648/1648 1152/1649/1649
f 1152/1649/1649 1278/1648/1648 1291/1650/1650
f 1152/1649/1649 1291/1650/1650 1115/1651/1651
f 1115/1651/1651 1291/1650/1650 1116/1652/1652
f 1116/1652/1652 1291/1650/1650 1290/1653/1653
f 1116/1652/1652 1290/1653/1653 1117/1654/1654
f 1117/1654/1654 1290/1653/1653 1289/1655/1655
f 1117/1654/1654 1289/1655/1655 1118/1656/1656
f 1118/1656/1656 1289/1655/1655 1288/1657/1657
f 1118/1656/1656 1288/1657/1657 1119/1658/1658
f 1119/1658/1658 1288/1657/1657 1287/1659/1659
f 1119/1658/1658 1287/1659/1659 1120/1660/1660
f 1120/1660/1660 1287/1659/1659 1286/1661/1661
f 1120/1660/1660 1286/1661/1661 1121/1662/1662
f 1121/1662/1662 1286/1661/1661 1285/1663/1663
f 1121/1662/1662 1285/1663/1663 1122/1664/1664
f 1122/1664/1664 1285/1663/1663 1284/1665/1665
f 1122/1664/1664 1284/1665/1665 1123/1666/1666
f 1123/1666/1666 1284/1665/1665 1283/1667/1667
f 1123/1666/1666 1283/1667/1667 1124/1668/1668
f 1124/1668/1668 1283/1667/1667 1282/1669/1669
f 1124/1668/1668 1282/1669/1669 1125/1670/1670
f 1125/1670/1670 1282/1669/1669 1281/1671/1671
f 1125/1670/1670 1281/1671/1671 1126/1672/1672
f 1126/1672/1672 1281/1671/1671 1280/1673/1673
f 1126/1672/1672 1280/1673/1673 1127/1674/1674
f 1127/1674/1674 1280/1673/1673 1279/1675/1675
f 1127/1674/1674 1279/1675/1675 1128/1676/1676
f 1128/1676/1676 1279/1675/1675 1096/1677/1677
f 1128/1676/1676 1096/1677/1677 1095/1678/1678
f 1162/1632/1632 1163/1679/1679 1187/1634/1634
f 1187/1634/1634 1163/1679/1679 1186/1680/1680
f 1187/1634/1634 1186/1680/1680 1200/1636/1636
f 1200/1636/1636 1186/1680/1680 1199/1681/1681
f 1200/1636/1636 1199/1681/1681 1213/1638/1638
f 1213/1638/1638 1199/1681/1681 1212/1682/1682
f 1213/1638/1638 1212/1682/1682 1226/1640/1640
f 1226/1640/1640 1212/1682/1682 1225/1683/1683
f 1226/1640/1640 1225/1683/1683 1239/1642/1642
f 1239/1642/1642 1225/1683/1683 1238/1684/1684
f 1239/1642/1642 1238/1684/1684 1252/1644/1644
f 1252/1644/1644 1238/1684/1684 1251/1685/1685
f 1252/1644/1644 1251/1685/1685 1265/1646/1646
f 1265/1646/1646 1251/1685/1685 1264/1686/1686
f 1265/1646/1646 1264/1686/1686 1278/1648/1648
f 1278/1648/1648 1264/1686/1686 1277/1687/1687
f 1278/1648/1648 1277/1687/1687 1291/1650/1650
f 1291/1650/1650 1277/1687/1687 1290/1653/1653
f 1163/1679/1679 1164/1688/1688 1186/1680/1680
f 1186/1680/1680 1164/1688/1688 1185/1689/1689
f 1186/1680/1680 1185/1689/1689 1199/1681/1681
f 1199/1681/1681 1185/1689/1689 1198/1690/1690
f 1199/1681/1681 1198/1690/1690 1212/1682/1682
f 1212/1682/1682 1198/1690/1690 1211/1691/1691
f 1212/1682/1682 1211/1691/1691 1225/1683/1683
f 1225/1683/1683 1211/1691/1691 1224/1692/1692
f 1225/1683/1683 1224/1692/1692 1238/1684/1684
f 1238/1684/1684 1224/1692/1692 1237/1693/1693
f 1238/1684/1684 1237/1693/1693 1251/1685/1685
f 1251/1685/1685 1237/1693/1693 1250/1694/1694
f 1251/1685/1685 1250/1694/1694 1264/1686/1686
f 1264/1686/1686 1250/1694/1694 1263/1695/1695
f 1264/1686/1686 1263/1695/1695 1277/1687/1687
f 1277/1687/1687 1263/1695/1695 1276/1696/1696
f 1277/1687/1687 1276/1696/1696 1290/1653/1653
f 1290/1653/1653 1276/1696/1696 1289/1655/1655
f 1164/1688/1688 1165/1697/1697 1185/1689/1689
f 1185/1689/1689 1165/1697/1697 1184/1698/1698
f 1185/1689/1689 1184/1698/1698 1198/1690/1690
f 1198/1690/1690 1184/1698/1698 1197/1699/1699
f 1198/1690/1690 1197/1699/1699 1211/1691/1691
f 1211/1691/1691 1197/1699/1699 1210/1700/1700
f 1211/1691/1691 1210/1700/1700 1224/1692/1692
f 1224/1692/1692 1210/1700/1700 1223/1701/1701
f 1224/1692/1692 1223/1701/1701 1237/1693/1693
f 1237/1693/1693 1223/1701/1701 1236/1702/1702
f 1237/1693/1693 1236/1702/1702 1250/1694/1694
f 1250/1694/1694 1236/1702/1702 1249/1703/1703
f 1250/1694/1694 1249/1703/1703 1263/1695/1695
f 1263/1695/1695 1249/1703/1703 1262/1704/1704
f 1263/1695/1695 1262/1704/1704 1276/1696/1696
f 1276/1696/1696 1262/1704/1704 1275/1705/1705
f 1276/1696/1696 1275/1705/1705 1289/1655/1655
f 1289/1655/1655 1275/1705/1705 1288/1657/1657
f 1165/1697/1697 1166/1706/1706 1184/1698/1698
f 1184/1698/1698 1166/1706/1706 1183/1707/1707
f 1184/1698/1698 1183/1707/1707 1197/1699/1699
f 1197/1699/1699 1183/1707/1707 1196/1708/1708
f 1197/1699/1699 1196/1708/1708 1210/1700/1700
f 1210/1700/1700 1196/1708/1708 1209/1709/1709
f 1210/1700/1700 1209/1709/1709 1223/1701/1701
f 1223/1701/1701 1209/1709/1709 1222/1710/1710
f 1223/1701/1701 1222/1710/1710 1236/1702/1702
f 1236/1702/1702 1222/1710/1710 1235/1711/1711
f 1236/1702/1702 1235/1711/1711 1249/1703/1703
f 1249/1703/1703 1235/1711/1711 1248/1712/1712
f 1249/1703/1703 1248/1712/1712 1262/1704/1704
f 1262/1704/1704 1248/1712/1712 1261/1713/1713
f 1262/1704/1704 1261/1713/1713 1275/1705/1705
f 1275/1705/1705 1261/1713/1713 1274/1714/1714
f 1275/1705/1705 1274/1714/1714 1288/1657/1657
f 1288/1657/1657 1274/1714/1714 1287/1659/1659
f 1166/1706/1706 1167/1715/1715 1183/1707/1707
f 1183/1707/1707 1167/1715/1715 1182/1716/1716
f 1183/1707/1707 1182/1716/1716 1196/1708/1708
f 1196/1708/1708 1182/1716/1716 1195/1717/1717
f 1196/1708/1708 1195/1717/1717 1209/1709/1709
f 1209/1709/1709 1195/1717/1717 1208/1718/1718
f 1209/1709/1709 1208/1718/1718 1222/1710/1710
f 1222/1710/1710 1208/1718/1718 1221/1719/1719
f 1222/1710/1710 1221/1719/1719 1235/1711/1711
f 1235/1711/1711 1221/1719/1719 1234/1720/1720
f 1235/1711/1711 1234/1720/1720 1248/1712/1712
f 1248/1712/1712 1234/1720/1720 1247/1721/1721
f 1248/1712/1712 1247/1721/1721 1261/1713/1713
f 1261/1713/1713 1247/1721/1721 1260/1722/1722
f 1261/1713/1713 1260/1722/1722 1274/1714/1714
f 1274/1714/1714 1260/1722/1722 1273/1723/1723
f 1274/1714/1714 1273/1723/1723 1287/1659/1659
f 1287/1659/1659 1273/1723/1723 1286/1661/1661
f 1167/1715/1715 1168/1724/1724 1182/1716/1716
f 1182/1716/1716 1168/1724/1724 1181/1725/1725
f 1182/1716/1716 1181/1725/1725 1195/1717/1717
f 1195/1717/1717 1181/1725/1725 1194/1726/1726
f 1195/1717/1717 1194/1726/1726 1208/1718/1718
f 1208/1718/1718 1194/1726/1726 1207/1727/1727
f 1208/1718/1718 1207/1727/1727 1221/1719/1719
f 1221/1719/1719 1207/1727/1727 1220/1728/1728
f 1221/1719/1719 1220/1728/1728 1234/1720/1720
f 1234/1720/1720 1220/1728/1728 1233/1729/1729
f 1234/1720/1720 1233/1729/1729 1247/1721/1721
f 1247/1721/1721 1233/1729/1729 1246/1730/1730
f 1247/1721/1721 1246/1730/1730 1260/1722/1722
f 1260/1722/1722 1246/1730/1730 1259/1731/1731
f 1260/1722/1722 1259/1731/1731 1273/1723/1723
f 1273/1723/1723 1259/1731/1731 1272/1732/1732
f 1273/1723/1723 1272/1732/1732 1286/1661/1661
f 1286/1661/1661 1272/1732/1732 1285/1663/1663
f 1168/1724/1724 1169/1733/1733 1181/1725/1725
f 1181/1725/1725 1169/1733/1733 1180/1734/1734
f 1181/1725/1725 1180/1734/1734 1194/1726/1726
f 1194/1726/1726 1180/1734/1734 1193/1735/1735
f 1194/1726/1726 1193/1735/1735 1207/1727/1727
f 1207/1727/1727 1193/1735/1735 1206/1736/1736
f 1207/1727/1727 1206/1736/1736 1220/1728/1728
f 1220/1728/1728 1206/1736/1736 1219/1737/1737
f 1220/1728/1728 1219/1737/1737 1233/1729/1729
f 1233/1729/1729 1219/1737/1737 1232/1738/1738
f 1233/1729/1729 1232/1738/1738 1246/1730/1730
f 1246/1730/1730 1232/1738/1738 1245/1739/1739
f 1246/1730/1730 1245/1739/1739 1259/1731/1731
f 1259/1731/1731 1245/1739/1739 1258/1740/1740
f 1259/1731/1731 1258/1740/1740 1272/1732/1732
f 1272/1732/1732 1258/1740/1740 1271/1741/1741
f 1272/1732/1732 1271/1741/1741 1285/1663/1663
f 1285/1663/1663 1271/1741/1741 1284/1665/1665
f 1169/1733/1733 1170/1742/1742 1180/1734/1734
f 1180/1734/1734 1170/1742/1742 1179/1743/1743
f 1180/1734/1734 1179/1743/1743 1193/1735/1735
f 1193/1735/1735 1179/1743/1743 1192/1744/1744
f 1193/1735/1735 1192/1744/1744 1206/1736/1736
f 1206/1736/1736 1192/1744/1744 1205/1745/1745
f 1206/1736/1736 1205/1745/1745 1219/1737/1737
f 1219/1737/1737 1205/1745/1745 1218/1746/1746
f 1219/1737/1737 1218/1746/1746 1232/1738/1738
f 1232/1738/1738 1218/1746/1746 1231/1747/1747
f 1232/1738/1738 1231/1747/1747 1245/1739/1739
f 1245/1739/1739 1231/1747/1747 1244/1748/1748
f 1245/1739/1739 1244/1748/1748 1258/1740/1740
f 1258/1740/1740 1244/1748/1748 1257/1749/1749
f 1258/1740/1740 1257/1749/1749 1271/1741/1741
f 1271/1741/1741 1257/1749/1749 1270/1750/1750
f 1271/1741/1741 1270/1750/1750 1284/1665/1665
f 1284/1665/1665 1270/1750/1750 1283/1667/1667
f 1170/1742/1742 1171/1751/1751 1179/1743/1743
f 1179/1743/1743 1171/1751/1751 1178/1752/1752
f 1179/1743/1743 1178/1752/1752 1192/1744/1744
f 1192/1744/1744 1178/1752/1752 1191/1753/1753
f 1192/1744/1744 1191/1753/1753 1205/1745/1745
f 1205/1745/1745 1191/1753/1753 1204/1754/1754
f 1205/1745/1745 1204/1754/1754 1218/1746/1746
f 1218/1746/1746 1204/1754/1754 1217/1755/1755
f 1218/1746/1746 1217/1755/1755 1231/1747/1747
f 1231/1747/1747 1217/1755/1755 1230/1756/1756
f 1231/1747/1747 1230/1756/1756 1244/1748/1748
f 1244/1748/1748 1230/1756/1756 1243/1757/1757
f 1244/1748/1748 1243/1757/1757 1257/1749/1749
f 1257/1749/1749 1243/1757/1757 1256/1758/1758
f 1257/1749/1749 1256/1758/1758 1270/1750/1750
f 1270/1750/1750 1256/1758/1758 1269/1759/1759
f 1270/1750/1750 1269/1759/1759 1283/1667/1667
f 1283/1667/1667 1269/1759/1759 1282/1669/1669
f 1171/1751/1751 1172/1760/1760 1178/1752/1752
f 1178/1752/1752 1172/1760/1760 1177/1761/1761
f 1178/1752/1752 1177/1761/1761 1191/1753/1753
f 1191/1753/1753 1177/1761/1761 1190/1762/1762
f 1191/1753/1753 1190/1762/1762 1204/1754/1754
f 1204/1754/1754 1190/1762/1762 1203/1763/1763
f 1204/1754/1754 1203/1763/1763 1217/1755/1755
f 1217/1755/1755 1203/1763/1763 1216/1764/1764
f 1217/1755/1755 1216/1764/1764 1230/1756/1756
f 1230/1756/1756 1216/1764/1764 1229/1765/1765
f 1230/1756/1756 1229/1765/1765 1243/1757/1757
f 1243/1757/1757 1229/1765/1765 1242/1766/1766
f 1243/1757/1757 1242/1766/1766 1256/1758/1758
f 1256/1758/1758 1242/1766/1766 1255/1767/1767
f 1256/1758/1758 1255/1767/1767 1269/1759/1759
f 1269/1759/1759 1255/1767/1767 1268/1768/1768
f 1269/1759/1759 1268/1768/1768 1282/1669/1669
f 1282/1669/1669 1268/1768/1768 1281/1671/1671
f 1172/1760/1760 1173/1769/1769 1177/1761/1761
f 1177/1761/1761 1173/1769/1769 1176/1770/1770
f 1177/1761/1761 1176/1770/1770 1190/1762/1762
f 1190/1762/1762 1176/1770/1770 1189/1771/1771
f 1190/1762/1762 1189/1771/1771 1203/1763/1763
f 1203/1763/1763 1189/1771/1771 1202/1772/1772
f 1203/1763/1763 1202/1772/1772 1216/1764/1764
f 1216/1764/1764 1202/1772/1772 1215/1773/1773
f 1216/1764/1764 1215/1773/1773 1229/1765/1765
f 1229/1765/1765 1215/1773/1773 1228/1774/1774
f 1229/1765/1765 1228/1774/1774 1242/1766/1766
f 1242/1766/1766 1228/1774/1774 1241/1775/1775
f 1242/1766/1766 1241/1775/1775 1255/1767/1767
f 1255/1767/1767 1241/1775/1775 1254/1776/1776
f 1255/1767/1767 1254/1776/1776 1268/1768/1768
f 1268/1768/1768 1254/1776/1776 1267/1777/1777
f 1268/1768/1768 1267/1777/1777 1281/1671/1671
f 1281/1671/1671 1267/1777/1777 1280/1673/1673
f 1173/1769/1769 1174/1778/1778 1176/1770/1770
f 1176/1770/1770 1174/1778/1778 1175/1779/1779
f 1176/1770/1770 1175/1779/1779 1189/1771/1771
f 1189/1771/1771 1175/1779/1779 1188/1780/1780
f 1189/1771/1771 1188/1780/1780 1202/1772/1772
f 1202/1772/1772 1188/1780/1780 1201/1781/1781
f 1202/1772/1772 1201/1781/1781 1215/1773/1773
f 1215/1773/1773 1201/1781/1781 1214/1782/1782
f 1215/1773/1773 1214/1782/1782 1228/1774/1774
f 1228/1774/1774 1214/1782/1782 1227/1783/1783
f 1228/1774/1774 1227/1783/1783 1241/1775/1775
f 1241/1775/1775 1227/1783/1783 1240/1784/1784
f 1241/1775/1775 1240/1784/1784 1254/1776/1776
f 1254/1776/1776 1240/1784/1784 1253/1785/1785
f 1254/1776/1776 1253/1785/1785 1267/1777/1777
f 1267/1777/1777 1253/1785/1785 1266/1786/1786
f 1267/1777/1777 1266/1786/1786 1280/1673/1673
f 1280/1673/1673 1266/1786/1786 1279/1675/1675
f 1174/1778/1778 1092/1787/1787 1175/1779/1779
f 1175/1779/1779 1092/1787/1787 1104/1788/1788
f 1175/1779/1779 1104/1788/1788 1188/1780/1780
f 1188/1780/1780 1104/1788/1788 1103/1789/1789
f 1188/1780/1780 1103/1789/1789 1201/1781/1781
f 1201/1781/1781 1103/1789/1789 1102/1790/1790
f 1201/1781/1781 1102/1790/1790 1214/1782/1782
f 1214/1782/1782 1102/1790/1790 1101/1791/1791
f 1214/1782/1782 1101/1791/1791 1227/1783/1783
f 1227/1783/1783 1101/1791/1791 1100/1792/1792
f 1227/1783/1783 1100/1792/1792 1240/1784/1784
f 1240/1784/1784 1100/1792/1792 1099/1793/1793
f 1240/1784/1784 1099/1793/1793 1253/1785/1785
f 1253/1785/1785 1099/1793/1793 1098/1794/1794
f 1253/1785/1785 1098/1794/1794 1266/1786/1786
f 1266/1786/1786 1098/1794/1794 1097/1795/1795
f 1266/1786/1786 1097/1795/1795 1279/1675/1675
f 1279/1675/1675 1097/1795/1795 1096/1677/1677
f 928/1796/1796 927/1797/1797 1292/1798/1798
f 1292/1798/1798 927/1797/1797 1093/1799/1799
f 1292/1798/1798 1093/1799/1799 1174/1800/1800
f 1174/1800/1800 1093/1799/1799 1092/1801/1801
f 1174/1800/1800 1173/1802/1802 1292/1798/1798
f 1292/1798/1798 1173/1802/1802 1293/1803/1803
f 1292/1798/1798 1293/1803/1803 928/1796/1796
f 928/1796/1796 1293/1803/1803 929/1804/1804
f 929/1804/1804 1293/1803/1803 1294/1805/1805
f 929/1804/1804 1294/1805/1805 930/1806/1806
f 930/1806/1806 1294/1805/1805 1295/1807/1807
f 930/1806/1806 1295/1807/1807 931/1808/1808
f 931/1808/1808 1295/1807/1807 1296/1809/1809
f 931/1808/1808 1296/1809/1809 932/1810/1810
f 932/1810/1810 1296/1809/1809 1297/1811/1811
f 932/1810/1810 1297/1811/1811 933/1812/1812
f 933/1812/1812 1297/1811/1811 1298/1813/1813
f 933/1812/1812 1298/1813/1813 934/1814/1814
f 934/1814/1814 1298/1813/1813 1299/1815/1815
f 934/1814/1814 1299/1815/1815 935/1816/1816
f 935/1816/1816 1299/1815/1815 1300/1817/1817
f 935/1816/1816 1300/1817/1817 936/1818/1818
f 936/1818/1818 1300/1817/1817 1301/1819/1819
f 936/1818/1818 1301/1819/1819 937/1820/1820
f 937/1820/1820 1301/1819/1819 1302/1821/1821
f 937/1820/1820 1302/1821/1821 938/1822/1822
f 938/1822/1822 1302/1821/1821 1303/1823/1823
f 938/1822/1822 1303/1823/1823 939/1824/1824
f 939/1824/1824 1303/1823/1823 1304/1825/1825
f 939/1824/1824 1304/1825/1825 940/1826/1826
f 940/1826/1826 1304/1825/1825 1142/1827/1827
f 940/1826/1826 1142/1827/1827 941/1828/1828
f 1173/1802/1802 1172/1829/1829 1293/1803/1803
f 1293/1803/1803 1172/1829/1829 1294/1805/1805
f 1172/1829/1829 1171/1830/1830 1294/1805/1805
f 1294/1805/1805 1171/1830/1830 1295/1807/1807
f 1171/1830/1830 1170/1831/1831 1295/1807/1807
f 1295/1807/1807 1170/1831/1831 1296/1809/1809
f 1170/1831/1831 1169/1832/1832 1296/1809/1809
f 1296/1809/1809 1169/1832/1832 1297/1811/1811
f 1169/1832/1832 1168/1833/1833 1297/1811/1811
f 1297/1811/1811 1168/1833/1833 1298/1813/1813
f 1168/1833/1833 1167/1834/1834 1298/1813/1813
f 1298/1813/1813 1167/1834/1834 1299/1815/1815
f 1167/1834/1834 1166/1835/1835 1299/1815/1815
f 1299/1815/1815 1166/1835/1835 1300/1817/1817
f 1166/1835/1835 1165/1836/1836 1300/1817/1817
f 1300/1817/1817 1165/1836/1836 1301/1819/1819
f 1165/1836/1836 1164/1837/1837 1301/1819/1819
f 1301/1819/1819 1164/1837/1837 1302/1821/1821
f 1164/1837/1837 1163/1838/1838 1302/1821/1821
f 1302/1821/1821 1163/1838/1838 1303/1823/1823
f 1163/1838/1838 1162/1839/1839 1303/1823/1823
f 1303/1823/1823 1162/1839/1839 1304/1825/1825
f 1162/1839/1839 1143/1840/1840 1304/1825/1825
f 1304/1825/1825 1143/1840/1840 1142/1827/1827
g Body5

v 12.700000 96.520000 25.400000
v 12.700000 96.520000 14.695714
v 12.700000 96.520000 3.991429
v 12.700000 96.520000 -6.712857
v 12.700000 96.520000 -17.417143
v 12.700000 96.520000 -28.121428
v 12.700000 96.520000 -38.825714
v 12.700000 96.520000 -49.529999
v 12.700000 96.520000 -60.234285
v 12.700000 96.520000 -70.938570
v 12.700000 96.520000 -81.642856
v 12.700000 96.520000 -92.347141
v 12.700000 96.520000 -103.051427
v 12.700000 96.520000 -113.755713
v 12.700000 96.520000 -124.459998
v 6.350000 96.520000 -124.459998
v 0.000000 96.520000 -124.459998
v 0.000000 96.520000 -113.755713
v 0.000000 96.520000 -103.051427
v 0.000000 96.520000 -92.347141
v 0.000000 96.520000 -81.642856
v 0.000000 96.520000 -70.938570
v 0.000000 96.520000 -60.234285
v 0.000000 96.520000 -49.529999
v 0.000000 96.520000 -38.825714
v 0.000000 96.520000 -28.121428
v 0.000000 96.520000 -17.417143
v 0.000000 96.520000 -6.712857
v 0.000000 96.520000 3.991429
v 0.000000 96.520000 14.695714
v 0.000000 96.520000 25.400000
v 6.350000 96.520000 25.400000
v 6.350000 96.520000 -113.755713
v 6.350000 96.520000 -103.051427
v 6.350000 96.520000 -92.347141
v 6.350000 96.520000 -81.642856
v 6.350000 96.520000 -70.938570
v 6.350000 96.520000 -60.234285
v 6.350000 96.520000 -49.529999
v 6.350000 96.520000 -38.825714
v 6.350000 96.520000 -28.121428
v 6.350000 96.520000 -17.417143
v 6.350000 96.520000 -6.712857
v 6.350000 96.520000 3.991429
v 6.350000 96.520000 14.695714
v 12.700000 86.360000 -124.459998
v 12.700000 86.360000 -113.755713
v 12.700000 86.360000 -103.051427
v 12.700000 86.360000 -92.347141
v 12.700000 86.360000 -81.642856
v 12.700000 86.360000 -70.938570
v 12.700000 86.360000 -60.234285
v 12.700000 86.360000 -49.529999
v 12.700000 86.360000 -38.825714
v 12.700000 86.360000 -28.121428
v 12.700000 86.360000 -17.417143
v 12.700000 86.360000 -6.712857
v 12.700000 86.360000 3.991429
v 12.700000 86.360000 14.695714
v 12.700000 86.360000 25.400000
v 6.350000 86.360000 25.400000
v 0.000000 86.360000 25.400000
v 0.000000 86.360000 14.695714
v 0.000000 86.360000 3.991429
v 0.000000 86.360000 -6.712857
v 0.000000 86.360000 -17.417143
v 0.000000 86.360000 -28.121428
v 0.000000 86.360000 -38.825714
v 0.000000 86.360000 -49.529999
v 0.000000 86.360000 -60.234285
v 0.000000 86.360000 -70.938570
v 0.000000 86.360000 -81.642856
v 0.000000 86.360000 -92.347141
v 0.000000 86.360000 -103.051427
v 0.000000 86.360000 -113.755713
v 0.000000 86.360000 -124.459998
v 6.350000 86.360000 -124.459998
v 6.350000 86.360000 14.695714
v 6.350000 86.360000 3.991429
v 6.350000 86.360000 -6.712857
v 6.350000 86.360000 -17.417143
v 6.350000 86.360000 -28.121428
v 6.350000 86.360000 -38.825714
v 6.350000 86.360000 -49.529999
v 6.350000 86.360000 -60.234285
v 6.350000 86.360000 -70.938570
v 6.350000 86.360000 -81.642856
v 6.350000 86.360000 -92.347141
v 6.350000 86.360000 -103.051427
v 6.350000 86.360000 -113.755713
vt 165.099998 0.000000 0.000000
vt 154.395712 0.000000 0.000000
vt 165.099998 -6.350000 0.000000
vt 154.395712 -6.350000 0.000000
vt 165.099998 -12.700000 0.000000
vt 154.395712 -12.700000 0.000000
vt 143.691426 -6.350000 0.000000
vt 143.691426 -12.700000 0.000000
vt 132.987141 -6.350000 0.000000
vt 132.987141 -12.700000 0.000000
vt 122.282855 -6.350000 0.000000
vt 122.282855 -12.700000 0.000000
vt 111.578570 -6.350000 0.000000
vt 111.578570 -12.700000 0.000000
vt 100.874284 -6.350000 0.000000
vt 100.874284 -12.700000 0.000000
vt 90.169999 -6.350000 0.000000
vt 90.169999 -12.700000 0.000000
vt 79.465713 -6.350000 0.000000
vt 79.465713 -12.700000 0.000000
vt 68.761428 -6.350000 0.000000
vt 68.761428 -12.700000 0.000000
vt 58.057142 -6.350000 0.000000
vt 58.057142 -12.700000 0.000000
vt 47.352856 -6.350000 0.000000
vt 47.352856 -12.700000 0.000000
vt 36.648571 -6.350000 0.000000
vt 36.648571 -12.700000 0.000000
vt 25.944285 -6.350000 0.000000
vt 25.944285 -12.700000 0.000000
vt 15.240000 -6.350000 0.000000
vt 15.240000 -12.700000 0.000000
vt 143.691426 0.000000 0.000000
vt 132.987141 0.000000 0.000000
vt 122.282855 0.000000 0.000000
vt 111.578570 0.000000 0.000000
vt 100.874284 0.000000 0.000000
vt 90.169999 0.000000 0.000000
vt 79.465713 0.000000 0.000000
vt 68.761428 0.000000 0.000000
vt 58.057142 0.000000 0.000000
vt 47.352856 0.000000 0.000000
vt 36.648571 0.000000 0.000000
vt 25.944285 0.000000 0.000000
vt 15.240000 0.000000 0.000000
vt 154.202639 0.000000 0.000000
vt 143.498353 0.000000 0.000000
vt 154.202639 -6.350000 0.000000
vt 143.498353 -6.350000 0.000000
vt 154.202639 -12.700000 0.000000
vt 143.498353 -12.700000 0.000000
vt 132.794068 -6.350000 0.000000
vt 132.794068 -12.700000 0.000000
vt 122.089782 -6.350000 0.000000
vt 122.089782 -12.700000 0.000000
vt 111.385497 -6.350000 0.000000
vt 111.385497 -12.700000 0.000000
vt 100.681211 -6.350000 0.000000
vt 100.681211 -12.700000 0.000000
vt 89.976926 -6.350000 0.000000
vt 89.976926 -12.700000 0.000000
vt 79.272640 -6.350000 0.000000
vt 79.272640 -12.700000 0.000000
vt 68.568355 -6.350000 0.000000
vt 68.568355 -12.700000 0.000000
vt 57.864069 -6.350000 0.000000
vt 57.864069 -12.700000 0.000000
vt 47.159783 -6.350000 0.000000
vt 47.159783 -12.700000 0.000000
vt 36.455498 -6.350000 0.000000
vt 36.455498 -12.700000 0.000000
vt 25.751212 -6.350000 0.000000
vt 25.751212 -12.700000 0.000000
vt 15.046927 -6.350000 0.000000
vt 15.046927 -12.700000 0.000000
vt 4.342641 -6.350000 0.000000
vt 4.342641 -12.700000 0.000000
vt 132.794068 0.000000 0.000000
vt 122.089782 0.000000 0.000000
vt 111.385497 0.000000 0.000000
vt 100.681211 0.000000 0.000000
vt 89.976926 0.000000 0.000000
vt 79.272640 0.000000 0.000000
vt 68.568355 0.000000 0.000000
vt 57.864069 0.000000 0.000000
vt 47.159783 0.000000 0.000000
vt 36.455498 0.000000 0.000000
vt 25.751212 0.000000 0.000000
vt 15.046927 0.000000 0.000000
vt 4.342641 0.000000 0.000000
vt 81.279999 0.000000 0.000000
vt 91.439998 0.000000 0.000000
vt 81.279999 6.350000 0.000000
vt 91.439998 6.350000 0.000000
vt 81.279999 12.700000 0.000000
vt 91.439998 12.700000 0.000000
vt 74.929999 -15.240000 0.000000
vt 64.225713 -15.240000 0.000000
vt 74.929999 -25.400000 0.000000
vt 64.225713 -25.400000 0.000000
vt 53.521428 -15.240000 0.000000
vt 53.521428 -25.400000 0.000000
vt 42.817142 -15.240000 0.000000
vt 42.817142 -25.400000 0.000000
vt 32.112857 -15.240000 0.000000
vt 32.112857 -25.400000 0.000000
vt 21.408571 -15.240000 0.000000
vt 21.408571 -25.400000 0.000000
vt 10.704286 -15.240000 0.000000
vt 10.704286 -25.400000 0.000000
vt 0.000000 -15.240000 0.000000
vt 0.000000 -25.400000 0.000000
vt -10.704286 -15.240000 0.000000
vt -10.704286 -25.400000 0.000000
vt -21.408571 -15.240000 0.000000
vt -21.408571 -25.400000 0.000000
vt -32.112857 -15.240000 0.000000
vt -32.112857 -25.400000 0.000000
vt -42.817142 -15.240000 0.000000
vt -42.817142 -25.400000 0.000000
vt -53.521428 -15.240000 0.000000
vt -53.521428 -25.400000 0.000000
vt -64.225713 -15.240000 0.000000
vt -64.225713 -25.400000 0.000000
vt -74.929999 -15.240000 0.000000
vt -74.929999 -25.400000 0.000000
vt 132.079998 12.700000 0.000000
vt 121.919998 12.700000 0.000000
vt 132.079998 6.350000 0.000000
vt 121.919998 6.350000 0.000000
vt 132.079998 0.000000 0.000000
vt 121.919998 0.000000 0.000000
vt 74.929999 -15.240000 0.000000
vt 64.225713 -15.240000 0.000000
vt 74.929999 -25.400000 0.000000
vt 64.225713 -25.400000 0.000000
vt 53.521428 -15.240000 0.000000
vt 53.521428 -25.400000 0.000000
vt 42.817142 -15.240000 0.000000
vt 42.817142 -25.400000 0.000000
vt 32.112857 -15.240000 0.000000
vt 32.112857 -25.400000 0.000000
vt 21.408571 -15.240000 0.000000
vt 21.408571 -25.400000 0.000000
vt 10.704286 -15.240000 0.000000
vt 10.704286 -25.400000 0.000000
vt -0.000000 -15.240000 0.000000
vt -0.000000 -25.400000 0.000000
vt -10.704286 -15.240000 0.000000
vt -10.704286 -25.400000 0.000000
vt -21.408571 -15.240000 0.000000
vt -21.408571 -25.400000 0.000000
vt -32.112857 -15.240000 0.000000
vt -32.112857 -25.400000 0.000000
vt -42.817142 -15.240000 0.000000
vt -42.817142 -25.400000 0.000000
vt -53.521428 -15.240000 0.000000
vt -53.521428 -25.400000 0.000000
vt -64.225713 -15.240000 0.000000
vt -64.225713 -25.400000 0.000000
vt -74.929999 -15.240000 0.000000
vt -74.929999 -25.400000 0.000000
vn 0.000000 1.000000 0.000000
vn 0.000000 1.000000 0.000000
vn 0.000000 1.000000 0.000000
vn 0.000000 1.000000 0.000000
vn 0.000000 1.000000 0.000000
vn 0.000000 1.000000 0.000000
vn 0.000000 1.000000 0.000000
vn 0.000000 1.000000 0.000000
vn 0.000000 1.000000 0.000000
vn 0.000000 1.000000 0.000000
vn 0.000000 1.000000 0.000000
vn 0.000000 1.000000 0.000000
vn 0.000000 1.000000 0.000000
vn 0.000000 1.000000 0.000000
vn 0.000000 1.000000 0.000000
vn 0.000000 1.000000 0.000000
vn 0.000000 1.000000 0.000000
vn 0.000000 1.000000 0.000000
vn 0.000000 1.000000 0.000000
vn 0.000000 1.000000 0.000000
vn 0.000000 1.000000 0.000000
vn 0.000000 1.000000 0.000000
vn 0.000000 1.000000 0.000000
vn 0.000000 1.000000 0.000000
vn 0.000000 1.000000 0.000000
vn 0.000000 1.000000 0.000000
vn 0.000000 1.000000 0.000000
vn 0.000000 1.000000 0.000000
vn 0.000000 1.000000 0.000000
vn 0.000000 1.000000 0.000000
vn 0.000000 1.000000 0.000000
vn 0.000000 1.000000 0.000000
vn 0.000000 1.000000 0.000000
vn 0.000000 1.000000 0.000000
vn 0.000000 1.000000 0.000000
vn 0.000000 1.000000 0.000000
vn 0.000000 1.000000 0.000000
vn 0.000000 1.000000 0.000000
vn 0.000000 1.000000 0.000000
vn 0.000000 1.000000 0.000000
vn 0.000000 1.000000 0.000000
vn 0.000000 1.000000 0.000000
vn 0.000000 1.000000 0.000000
vn 0.000000 1.000000 0.000000
vn 0.000000 1.000000 0.000000
vn 0.000000 -1.000000 0.000000
vn 0.000000 -1.000000 0.000000
vn 0.000000 -1.000000 0.000000
vn 0.000000 -1.000000 0.000000
vn 0.000000 -1.000000 0.000000
vn 0.000000 -1.000000 0.000000
vn 0.000000 -1.000000 0.000000
vn 0.000000 -1.000000 0.000000
vn 0.000000 -1.000000 0.000000
vn 0.000000 -1.000000 0.000000
vn 0.000000 -1.000000 0.000000
vn 0.000000 -1.000000 0.000000
vn 0.000000 -1.000000 0.000000
vn 0.000000 -1.000000 0.000000
vn 0.000000 -1.000000 0.000000
vn 0.000000 -1.000000 0.000000
vn 0.000000 -1.000000 0.000000
vn 0.000000 -1.000000 0.000000
vn 0.000000 -1.000000 0.000000
vn 0.000000 -1.000000 0.000000
vn 0.000000 -1.000000 0.000000
vn 0.000000 -1.000000 0.000000
vn 0.000000 -1.000000 0.000000
vn 0.000000 -1.000000 0.000000
vn 0.000000 -1.000000 0.000000
vn 0.000000 -1.000000 0.000000
vn 0.000000 -1.000000 0.000000
vn 0.000000 -1.000000 0.000000
vn 0.000000 -1.000000 0.000000
vn 0.000000 -1.000000 0.000000
vn 0.000000 -1.000000 0.000000
vn 0.000000 -1.000000 0.000000
vn 0.000000 -1.000000 0.000000
vn 0.000000 -1.000000 0.000000
vn 0.000000 -1.000000 0.000000
vn 0.000000 -1.000000 0.000000
vn 0.000000 -1.000000 0.000000
vn 0.000000 -1.000000 0.000000
vn 0.000000 -1.000000 0.000000
vn 0.000000 -1.000000 0.000000
vn 0.000000 -1.000000 0.000000
vn 0.000000 -1.000000 0.000000
vn 0.000000 -1.000000 0.000000
vn 0.000000 -1.000000 0.000000
vn 0.000000 -1.000000 0.000000
vn 0.000000 0.000000 -1.000000
vn 0.000000 0.000000 -1.000000
vn 0.000000 0.000000 -1.000000
vn 0.000000 0.000000 -1.000000
vn 0.000000 0.000000 -1.000000
vn 0.000000 0.000000 -1.000000
vn 1.000000 0.000000 0.000000
vn 1.000000 0.000000 0.000000
vn 1.000000 0.000000 0.000000
vn 1.000000 0.000000 0.000000
vn 1.000000 0.000000 0.000000
vn 1.000000 0.000000 0.000000
vn 1.000000 0.000000 0.000000
vn 1.000000 0.000000 0.000000
vn 1.000000 0.000000 0.000000
vn 1.000000 0.000000 0.000000
vn 1.000000 0.000000 0.000000
vn 1.000000 0.000000 0.000000
vn 1.000000 0.000000 0.000000
vn 1.000000 0.000000 0.000000
vn 1.000000 0.000000 0.000000
vn 1.000000 0.000000 0.000000
vn 1.000000 0.000000 0.000000
vn 1.000000 0.000000 0.000000
vn 1.000000 0.000000 0.000000
vn 1.000000 0.000000 0.000000
vn 1.000000 0.000000 0.000000
vn 1.000000 0.000000 0.000000
vn 1.000000 0.000000 0.000000
vn 1.000000 0.000000 0.000000
vn 1.000000 0.000000 0.000000
vn 1.000000 0.000000 0.000000
vn 1.000000 0.000000 0.000000
vn 1.000000 0.000000 0.000000
vn 1.000000 0.000000 0.000000
vn 1.000000 0.000000 0.000000
vn 0.000000 0.000000 1.000000
vn 0.000000 0.000000 1.000000
vn 0.000000 0.000000 1.000000
vn 0.000000 0.000000 1.000000
vn 0.000000 0.000000 1.000000
vn 0.000000 0.000000 1.000000
vn -1.000000 -0.000000 -0.000000
vn -1.000000 -0.000000 -0.000000
vn -1.000000 -0.000000 -0.000000
vn -1.000000 -0.000000 -0.000000
vn -1.000000 -0.000000 -0.000000
vn -1.000000 -0.000000 -0.000000
vn -1.000000 -0.000000 -0.000000
vn -1.000000 -0.000000 -0.000000
vn -1.000000 -0.000000 -0.000000
vn -1.000000 -0.000000 -0.000000
vn -1.000000 -0.000000 -0.000000
vn -1.000000 -0.000000 -0.000000
vn -1.000000 -0.000000 -0.000000
vn -1.000000 -0.000000 -0.000000
vn -1.000000 -0.000000 -0.000000
vn -1.000000 -0.000000 -0.000000
vn -1.000000 -0.000000 -0.000000
vn -1.000000 -0.000000 -0.000000
vn -1.000000 -0.000000 -0.000000
vn -1.000000 -0.000000 -0.000000
vn -1.000000 -0.000000 -0.000000
vn -1.000000 -0.000000 -0.000000
vn -1.000000 -0.000000 -0.000000
vn -1.000000 -0.000000 -0.000000
vn -1.000000 -0.000000 -0.000000
vn -1.000000 -0.000000 -0.000000
vn -1.000000 -0.000000 -0.000000
vn -1.000000 -0.000000 -0.000000
vn -1.000000 -0.000000 -0.000000
vn -1.000000 -0.000000 -0.000000
usemtl Aluminum_-_Anodized_Rough_(Blue)
f 1305/1841/1841 1306/1842/1842 1336/1843/1843
f 1336/1843/1843 1306/1842/1842 1349/1844/1844
f 1336/1843/1843 1349/1844/1844 1335/1845/1845
f 1335/1845/1845 1349/1844/1844 1334/1846/1846
f 1334/1846/1846 1349/1844/1844 1348/1847/1847
f 1334/1846/1846 1348/1847/1847 1333/1848/1848
f 1333/1848/1848 1348/1847/1847 1347/1849/1849
f 1333/1848/1848 1347/1849/1849 1332/1850/1850
f 1332/1850/1850 1347/1849/1849 1346/1851/1851
f 1332/1850/1850 1346/1851/1851 1331/1852/1852
f 1331/1852/1852 1346/1851/1851 1345/1853/1853
f 1331/1852/1852 1345/1853/1853 1330/1854/1854
f 1330/1854/1854 1345/1853/1853 1344/1855/1855
f 1330/1854/1854 1344/1855/1855 1329/1856/1856
f 1329/1856/1856 1344/1855/1855 1343/1857/1857
f 1329/1856/1856 1343/1857/1857 1328/1858/1858
f 1328/1858/1858 1343/1857/1857 1342/1859/1859
f 1328/1858/1858 1342/1859/1859 1327/1860/1860
f 1327/1860/1860 1342/1859/1859 1341/1861/1861
f 1327/1860/1860 1341/1861/1861 1326/1862/1862
f 1326/1862/1862 1341/1861/1861 1340/1863/1863
f 1326/1862/1862 1340/1863/1863 1325/1864/1864
f 1325/1864/1864 1340/1863/1863 1339/1865/1865
f 1325/1864/1864 1339/1865/1865 1324/1866/1866
f 1324/1866/1866 1339/1865/1865 1338/1867/1867
f 1324/1866/1866 1338/1867/1867 1323/1868/1868
f 1323/1868/1868 1338/1867/1867 1337/1869/1869
f 1323/1868/1868 1337/1869/1869 1322/1870/1870
f 1322/1870/1870 1337/1869/1869 1320/1871/1871
f 1322/1870/1870 1320/1871/1871 1321/1872/1872
f 1306/1842/1842 1307/1873/1873 1349/1844/1844
f 1349/1844/1844 1307/1873/1873 1348/1847/1847
f 1307/1873/1873 1308/1874/1874 1348/1847/1847
f 1348/1847/1847 1308/1874/1874 1347/1849/1849
f 1308/1874/1874 1309/1875/1875 1347/1849/1849
f 1347/1849/1849 1309/1875/1875 1346/1851/1851
f 1309/1875/1875 1310/1876/1876 1346/1851/1851
f 1346/1851/1851 1310/1876/1876 1345/1853/1853
f 1310/1876/1876 1311/1877/1877 1345/1853/1853
f 1345/1853/1853 1311/1877/1877 1344/1855/1855
f 1311/1877/1877 1312/1878/1878 1344/1855/1855
f 1344/1855/1855 1312/1878/1878 1343/1857/1857
f 1312/1878/1878 1313/1879/1879 1343/1857/1857
f 1343/1857/1857 1313/1879/1879 1342/1859/1859
f 1313/1879/1879 1314/1880/1880 1342/1859/1859
f 1342/1859/1859 1314/1880/1880 1341/1861/1861
f 1314/1880/1880 1315/1881/1881 1341/1861/1861
f 1341/1861/1861 1315/1881/1881 1340/1863/1863
f 1315/1881/1881 1316/1882/1882 1340/1863/1863
f 1340/1863/1863 1316/1882/1882 1339/1865/1865
f 1316/1882/1882 1317/1883/1883 1339/1865/1865
f 1339/1865/1865 1317/1883/1883 1338/1867/1867
f 1317/1883/1883 1318/1884/1884 1338/1867/1867
f 1338/1867/1867 1318/1884/1884 1337/1869/1869
f 1318/1884/1884 1319/1885/1885 1337/1869/1869
f 1337/1869/1869 1319/1885/1885 1320/1871/1871
f 1350/1886/1886 1351/1887/1887 1381/1888/1888
f 1381/1888/1888 1351/1887/1887 1394/1889/1889
f 1381/1888/1888 1394/1889/1889 1380/1890/1890
f 1380/1890/1890 1394/1889/1889 1379/1891/1891
f 1379/1891/1891 1394/1889/1889 1393/1892/1892
f 1379/1891/1891 1393/1892/1892 1378/1893/1893
f 1378/1893/1893 1393/1892/1892 1392/1894/1894
f 1378/1893/1893 1392/1894/1894 1377/1895/1895
f 1377/1895/1895 1392/1894/1894 1391/1896/1896
f 1377/1895/1895 1391/1896/1896 1376/1897/1897
f 1376/1897/1897 1391/1896/1896 1390/1898/1898
f 1376/1897/1897 1390/1898/1898 1375/1899/1899
f 1375/1899/1899 1390/1898/1898 1389/1900/1900
f 1375/1899/1899 1389/1900/1900 1374/1901/1901
f 1374/1901/1901 1389/1900/1900 1388/1902/1902
f 1374/1901/1901 1388/1902/1902 1373/1903/1903
f 1373/1903/1903 1388/1902/1902 1387/1904/1904
f 1373/1903/1903 1387/1904/1904 1372/1905/1905
f 1372/1905/1905 1387/1904/1904 1386/1906/1906
f 1372/1905/1905 1386/1906/1906 1371/1907/1907
f 1371/1907/1907 1386/1906/1906 1385/1908/1908
f 1371/1907/1907 1385/1908/1908 1370/1909/1909
f 1370/1909/1909 1385/1908/1908 1384/1910/1910
f 1370/1909/1909 1384/1910/1910 1369/1911/1911
f 1369/1911/1911 1384/1910/1910 1383/1912/1912
f 1369/1911/1911 1383/1912/1912 1368/1913/1913
f 1368/1913/1913 1383/1912/1912 1382/1914/1914
f 1368/1913/1913 1382/1914/1914 1367/1915/1915
f 1367/1915/1915 1382/1914/1914 1365/1916/1916
f 1367/1915/1915 1365/1916/1916 1366/1917/1917
f 1351/1887/1887 1352/1918/1918 1394/1889/1889
f 1394/1889/1889 1352/1918/1918 1393/1892/1892
f 1352/1918/1918 1353/1919/1919 1393/1892/1892
f 1393/1892/1892 1353/1919/1919 1392/1894/1894
f 1353/1919/1919 1354/1920/1920 1392/1894/1894
f 1392/1894/1894 1354/1920/1920 1391/1896/1896
f 1354/1920/1920 1355/1921/1921 1391/1896/1896
f 1391/1896/1896 1355/1921/1921 1390/1898/1898
f 1355/1921/1921 1356/1922/1922 1390/1898/1898
f 1390/1898/1898 1356/1922/1922 1389/1900/1900
f 1356/1922/1922 1357/1923/1923 1389/1900/1900
f 1389/1900/1900 1357/1923/1923 1388/1902/1902
f 1357/1923/1923 1358/1924/1924 1388/1902/1902
f 1388/1902/1902 1358/1924/1924 1387/1904/1904
f 1358/1924/1924 1359/1925/1925 1387/1904/1904
f 1387/1904/1904 1359/1925/1925 1386/1906/1906
f 1359/1925/1925 1360/1926/1926 1386/1906/1906
f 1386/1906/1906 1360/1926/1926 1385/1908/1908
f 1360/1926/1926 1361/1927/1927 1385/1908/1908
f 1385/1908/1908 1361/1927/1927 1384/1910/1910
f 1361/1927/1927 1362/1928/1928 1384/1910/1910
f 1384/1910/1910 1362/1928/1928 1383/1912/1912
f 1362/1928/1928 1363/1929/1929 1383/1912/1912
f 1383/1912/1912 1363/1929/1929 1382/1914/1914
f 1363/1929/1929 1364/1930/1930 1382/1914/1914
f 1382/1914/1914 1364/1930/1930 1365/1916/1916
f 1380/1931/1931 1321/1932/1932 1381/1933/1933
f 1381/1933/1933 1321/1932/1932 1320/1934/1934
f 1381/1933/1933 1320/1934/1934 1350/1935/1935
f 1350/1935/1935 1320/1934/1934 1319/1936/1936
f 1319/1937/1937 1318/1938/1938 1350/1939/1939
f 1350/1939/1939 1318/1938/1938 1351/1940/1940
f 1351/1940/1940 1318/1938/1938 1317/1941/1941
f 1351/1940/1940 1317/1941/1941 1352/1942/1942
f 1352/1942/1942 1317/1941/1941 1316/1943/1943
f 1352/1942/1942 1316/1943/1943 1353/1944/1944
f 1353/1944/1944 1316/1943/1943 1315/1945/1945
f 1353/1944/1944 1315/1945/1945 1354/1946/1946
f 1354/1946/1946 1315/1945/1945 1314/1947/1947
f 1354/1946/1946 1314/1947/1947 1355/1948/1948
f 1355/1948/1948 1314/1947/1947 1313/1949/1949
f 1355/1948/1948 1313/1949/1949 1356/1950/1950
f 1356/1950/1950 1313/1949/1949 1312/1951/1951
f 1356/1950/1950 1312/1951/1951 1357/1952/1952
f 1357/1952/1952 1312/1951/1951 1311/1953/1953
f 1357/1952/1952 1311/1953/1953 1358/1954/1954
f 1358/1954/1954 1311/1953/1953 1310/1955/1955
f 1358/1954/1954 1310/1955/1955 1359/1956/1956
f 1359/1956/1956 1310/1955/1955 1309/1957/1957
f 1359/1956/1956 1309/1957/1957 1360/1958/1958
f 1360/1958/1958 1309/1957/1957 1308/1959/1959
f 1360/1958/1958 1308/1959/1959 1361/1960/1960
f 1361/1960/1960 1308/1959/1959 1307/1961/1961
f 1361/1960/1960 1307/1961/1961 1362/1962/1962
f 1362/1962/1962 1307/1961/1961 1306/1963/1963
f 1362/1962/1962 1306/1963/1963 1363/1964/1964
f 1363/1964/1964 1306/1963/1963 1305/1965/1965
f 1363/1964/1964 1305/1965/1965 1364/1966/1966
f 1364/1967/1967 1305/1968/1968 1365/1969/1969
f 1365/1969/1969 1305/1968/1968 1336/1970/1970
f 1365/1969/1969 1336/1970/1970 1366/1971/1971
f 1366/1971/1971 1336/1970/1970 1335/1972/1972
f 1335/1973/1973 1334/1974/1974 1366/1975/1975
f 1366/1975/1975 1334/1974/1974 1367/1976/1976
f 1367/1976/1976 1334/1974/1974 1333/1977/1977
f 1367/1976/1976 1333/1977/1977 1368/1978/1978
f 1368/1978/1978 1333/1977/1977 1332/1979/1979
f 1368/1978/1978 1332/1979/1979 1369/1980/1980
f 1369/1980/1980 1332/1979/1979 1331/1981/1981
f 1369/1980/1980 1331/1981/1981 1370/1982/1982
f 1370/1982/1982 1331/1981/1981 1330/1983/1983
f 1370/1982/1982 1330/1983/1983 1371/1984/1984
f 1371/1984/1984 1330/1983/1983 1329/1985/1985
f 1371/1984/1984 1329/1985/1985 1372/1986/1986
f 1372/1986/1986 1329/1985/1985 1328/1987/1987
f 1372/1986/1986 1328/1987/1987 1373/1988/1988
f 1373/1988/1988 1328/1987/1987 1327/1989/1989
f 1373/1988/1988 1327/1989/1989 1374/1990/1990
f 1374/1990/1990 1327/1989/1989 1326/1991/1991
f 1374/1990/1990 1326/1991/1991 1375/1992/1992
f 1375/1992/1992 1326/1991/1991 1325/1993/1993
f 1375/1992/1992 1325/1993/1993 1376/1994/1994
f 1376/1994/1994 1325/1993/1993 1324/1995/1995
f 1376/1994/1994 1324/1995/1995 1377/1996/1996
f 1377/1996/1996 1324/1995/1995 1323/1997/1997
f 1377/1996/1996 1323/1997/1997 1378/1998/1998
f 1378/1998/1998 1323/1997/1997 1322/1999/1999
f 1378/1998/1998 1322/1999/1999 1379/2000/2000
f 1379/2000/2000 1322/1999/1999 1321/2001/2001
f 1379/2000/2000 1321/2001/2001 1380/2002/2002
g Body6

v 12.700000 96.520000 -124.459998
v 6.350000 96.520000 -124.459998
v 0.000000 96.520000 -124.459998
v 0.000000 101.600000 -124.459998
v 6.350000 101.600000 -124.459998
v 12.700000 101.600000 -124.459998
v 12.700000 96.520000 25.400000
v 12.700000 96.520000 14.695714
v 12.700000 96.520000 3.991429
v 12.700000 96.520000 -6.712857
v 12.700000 96.520000 -17.417143
v 12.700000 96.520000 -28.121428
v 12.700000 96.520000 -38.825714
v 12.700000 96.520000 -49.529999
v 12.700000 96.520000 -60.234285
v 12.700000 96.520000 -70.938570
v 12.700000 96.520000 -81.642856
v 12.700000 96.520000 -92.347141
v 12.700000 96.520000 -103.051427
v 12.700000 96.520000 -113.755713
v 12.700000 101.600000 -113.755713
v 12.700000 101.600000 -103.051427
v 12.700000 101.600000 -92.347141
v 12.700000 101.600000 -81.642856
v 12.700000 101.600000 -70.938570
v 12.700000 101.600000 -60.234285
v 12.700000 101.600000 -49.529999
v 12.700000 101.600000 -38.825714
v 12.700000 101.600000 -28.121428
v 12.700000 101.600000 -17.417143
v 12.700000 101.600000 -6.712857
v 12.700000 101.600000 3.991429
v 12.700000 101.600000 14.695714
v 12.700000 101.600000 25.400000
v 0.000000 101.600000 -113.755713
v 0.000000 101.600000 -103.051427
v 0.000000 101.600000 -92.347141
v 0.000000 101.600000 -81.642856
v 0.000000 101.600000 -70.938570
v 0.000000 101.600000 -60.234285
v 0.000000 101.600000 -49.529999
v 0.000000 101.600000 -38.825714
v 0.000000 101.600000 -28.121428
v 0.000000 101.600000 -17.417143
v 0.000000 101.600000 -6.712857
v 0.000000 101.600000 3.991429
v 0.000000 101.600000 14.695714
v 0.000000 101.600000 25.400000
v 6.350000 101.600000 25.400000
v 6.350000 101.600000 -113.755713
v 6.350000 101.600000 -103.051427
v 6.350000 101.600000 -92.347141
v 6.350000 101.600000 -81.642856
v 6.350000 101.600000 -70.938570
v 6.350000 101.600000 -60.234285
v 6.350000 101.600000 -49.529999
v 6.350000 101.600000 -38.825714
v 6.350000 101.600000 -28.121428
v 6.350000 101.600000 -17.417143
v 6.350000 101.600000 -6.712857
v 6.350000 101.600000 3.991429
v 6.350000 101.600000 14.695714
v 0.000000 96.520000 25.400000
v 6.350000 96.520000 25.400000
v 0.000000 96.520000 -113.755713
v 0.000000 96.520000 -103.051427
v 0.000000 96.520000 -92.347141
v 0.000000 96.520000 -81.642856
v 0.000000 96.520000 -70.938570
v 0.000000 96.520000 -60.234285
v 0.000000 96.520000 -49.529999
v 0.000000 96.520000 -38.825714
v 0.000000 96.520000 -28.121428
v 0.000000 96.520000 -17.417143
v 0.000000 96.520000 -6.712857
v 0.000000 96.520000 3.991429
v 0.000000 96.520000 14.695714
v 6.350000 96.520000 14.695714
v 6.350000 96.520000 3.991429
v 6.350000 96.520000 -6.712857
v 6.350000 96.520000 -17.417143
v 6.350000 96.520000 -28.121428
v 6.350000 96.520000 -38.825714
v 6.350000 96.520000 -49.529999
v 6.350000 96.520000 -60.234285
v 6.350000 96.520000 -70.938570
v 6.350000 96.520000 -81.642856
v 6.350000 96.520000 -92.347141
v 6.350000 96.520000 -103.051427
v 6.350000 96.520000 -113.755713
vt 96.519999 12.700000 0.000000
vt 91.439998 12.700000 0.000000
vt 96.519999 6.350000 0.000000
vt 91.439998 6.350000 0.000000
vt 96.519999 0.000000 0.000000
vt 91.439998 0.000000 0.000000
vt -74.929999 -15.240000 0.000000
vt -64.225713 -15.240000 0.000000
vt -74.929999 -10.160000 0.000000
vt -64.225713 -10.160000 0.000000
vt -53.521428 -15.240000 0.000000
vt -53.521428 -10.160000 0.000000
vt -42.817142 -15.240000 0.000000
vt -42.817142 -10.160000 0.000000
vt -32.112857 -15.240000 0.000000
vt -32.112857 -10.160000 0.000000
vt -21.408571 -15.240000 0.000000
vt -21.408571 -10.160000 0.000000
vt -10.704286 -15.240000 0.000000
vt -10.704286 -10.160000 0.000000
vt 0.000000 -15.240000 0.000000
vt 0.000000 -10.160000 0.000000
vt 10.704286 -15.240000 0.000000
vt 10.704286 -10.160000 0.000000
vt 21.408571 -15.240000 0.000000
vt 21.408571 -10.160000 0.000000
vt 32.112857 -15.240000 0.000000
vt 32.112857 -10.160000 0.000000
vt 42.817142 -15.240000 0.000000
vt 42.817142 -10.160000 0.000000
vt 53.521428 -15.240000 0.000000
vt 53.521428 -10.160000 0.000000
vt 64.225713 -15.240000 0.000000
vt 64.225713 -10.160000 0.000000
vt 74.929999 -15.240000 0.000000
vt 74.929999 -10.160000 0.000000
vt -143.498353 0.000000 0.000000
vt -154.202639 0.000000 0.000000
vt -143.498353 -6.350000 0.000000
vt -154.202639 -6.350000 0.000000
vt -143.498353 -12.700000 0.000000
vt -154.202639 -12.700000 0.000000
vt -132.794068 -12.700000 0.000000
vt -132.794068 -6.350000 0.000000
vt -132.794068 0.000000 0.000000
vt -122.089782 -6.350000 0.000000
vt -122.089782 0.000000 0.000000
vt -111.385497 -6.350000 0.000000
vt -111.385497 0.000000 0.000000
vt -100.681211 -6.350000 0.000000
vt -100.681211 0.000000 0.000000
vt -89.976926 -6.350000 0.000000
vt -89.976926 0.000000 0.000000
vt -79.272640 -6.350000 0.000000
vt -79.272640 0.000000 0.000000
vt -68.568355 -6.350000 0.000000
vt -68.568355 0.000000 0.000000
vt -57.864069 -6.350000 0.000000
vt -57.864069 0.000000 0.000000
vt -47.159783 -6.350000 0.000000
vt -47.159783 0.000000 0.000000
vt -36.455498 -6.350000 0.000000
vt -36.455498 0.000000 0.000000
vt -25.751212 -6.350000 0.000000
vt -25.751212 0.000000 0.000000
vt -15.046927 -6.350000 0.000000
vt -15.046927 0.000000 0.000000
vt -4.342641 -6.350000 0.000000
vt -4.342641 0.000000 0.000000
vt -122.089782 -12.700000 0.000000
vt -111.385497 -12.700000 0.000000
vt -100.681211 -12.700000 0.000000
vt -89.976926 -12.700000 0.000000
vt -79.272640 -12.700000 0.000000
vt -68.568355 -12.700000 0.000000
vt -57.864069 -12.700000 0.000000
vt -47.159783 -12.700000 0.000000
vt -36.455498 -12.700000 0.000000
vt -25.751212 -12.700000 0.000000
vt -15.046927 -12.700000 0.000000
vt -4.342641 -12.700000 0.000000
vt 116.839998 0.000000 0.000000
vt 121.919998 0.000000 0.000000
vt 116.839998 6.350000 0.000000
vt 121.919998 6.350000 0.000000
vt 116.839998 12.700000 0.000000
vt 121.919998 12.700000 0.000000
vt -74.929999 -15.240000 0.000000
vt -64.225713 -15.240000 0.000000
vt -74.929999 -10.160000 0.000000
vt -64.225713 -10.160000 0.000000
vt -53.521428 -15.240000 0.000000
vt -53.521428 -10.160000 0.000000
vt -42.817142 -15.240000 0.000000
vt -42.817142 -10.160000 0.000000
vt -32.112857 -15.240000 0.000000
vt -32.112857 -10.160000 0.000000
vt -21.408571 -15.240000 0.000000
vt -21.408571 -10.160000 0.000000
vt -10.704286 -15.240000 0.000000
vt -10.704286 -10.160000 0.000000
vt -0.000000 -15.240000 0.000000
vt -0.000000 -10.160000 0.000000
vt 10.704286 -15.240000 0.000000
vt 10.704286 -10.160000 0.000000
vt 21.408571 -15.240000 0.000000
vt 21.408571 -10.160000 0.000000
vt 32.112857 -15.240000 0.000000
vt 32.112857 -10.160000 0.000000
vt 42.817142 -15.240000 0.000000
vt 42.817142 -10.160000 0.000000
vt 53.521428 -15.240000 0.000000
vt 53.521428 -10.160000 0.000000
vt 64.225713 -15.240000 0.000000
vt 64.225713 -10.160000 0.000000
vt 74.929999 -15.240000 0.000000
vt 74.929999 -10.160000 0.000000
vt -15.240000 0.000000 0.000000
vt -25.944285 0.000000 0.000000
vt -15.240000 -6.350000 0.000000
vt -25.944285 -6.350000 0.000000
vt -15.240000 -12.700000 0.000000
vt -25.944285 -12.700000 0.000000
vt -36.648571 -6.350000 0.000000
vt -36.648571 -12.700000 0.000000
vt -47.352856 -6.350000 0.000000
vt -47.352856 -12.700000 0.000000
vt -58.057142 -6.350000 0.000000
vt -58.057142 -12.700000 0.000000
vt -68.761428 -6.350000 0.000000
vt -68.761428 -12.700000 0.000000
vt -79.465713 -6.350000 0.000000
vt -79.465713 -12.700000 0.000000
vt -90.169999 -6.350000 0.000000
vt -90.169999 -12.700000 0.000000
vt -100.874284 -6.350000 0.000000
vt -100.874284 -12.700000 0.000000
vt -111.578570 -6.350000 0.000000
vt -111.578570 -12.700000 0.000000
vt -122.282855 -6.350000 0.000000
vt -122.282855 -12.700000 0.000000
vt -132.987141 -6.350000 0.000000
vt -132.987141 -12.700000 0.000000
vt -143.691426 -6.350000 0.000000
vt -143.691426 -12.700000 0.000000
vt -154.395712 -6.350000 0.000000
vt -154.395712 -12.700000 0.000000
vt -165.099998 -6.350000 0.000000
vt -165.099998 -12.700000 0.000000
vt -36.648571 0.000000 0.000000
vt -47.352856 0.000000 0.000000
vt -58.057142 0.000000 0.000000
vt -68.761428 0.000000 0.000000
vt -79.465713 0.000000 0.000000
vt -90.169999 0.000000 0.000000
vt -100.874284 0.000000 0.000000
vt -111.578570 0.000000 0.000000
vt -122.282855 0.000000 0.000000
vt -132.987141 0.000000 0.000000
vt -143.691426 0.000000 0.000000
vt -154.395712 0.000000 0.000000
vt -165.099998 0.000000 0.000000
vn 0.000000 0.000000 -1.000000
vn 0.000000 0.000000 -1.000000
vn 0.000000 0.000000 -1.000000
vn 0.000000 0.000000 -1.000000
vn 0.000000 0.000000 -1.000000
vn 0.000000 0.000000 -1.000000
vn 1.000000 0.000000 0.000000
vn 1.000000 0.000000 0.000000
vn 1.000000 0.000000 0.000000
vn 1.000000 0.000000 0.000000
vn 1.000000 0.000000 0.000000
vn 1.000000 0.000000 0.000000
vn 1.000000 0.000000 0.000000
vn 1.000000 0.000000 0.000000
vn 1.000000 0.000000 0.000000
vn 1.000000 0.000000 0.000000
vn 1.000000 0.000000 0.000000
vn 1.000000 0.000000 0.000000
vn 1.000000 0.000000 0.000000
vn 1.000000 0.000000 0.000000
vn 1.000000 0.000000 0.000000
vn 1.000000 0.000000 0.000000
vn 1.000000 0.000000 0.000000
vn 1.000000 0.000000 0.000000
vn 1.000000 0.000000 0.000000
vn 1.000000 0.000000 0.000000
vn 1.000000 0.000000 0.000000
vn 1.000000 0.000000 0.000000
vn 1.000000 0.000000 0.000000
vn 1.000000 0.000000 0.000000
vn 1.000000 0.000000 0.000000
vn 1.000000 0.000000 0.000000
vn 1.000000 0.000000 0.000000
vn 1.000000 0.000000 0.000000
vn 1.000000 0.000000 0.000000
vn 1.000000 0.000000 0.000000
vn -0.000000 1.000000 -0.000000
vn -0.000000 1.000000 -0.000000
vn -0.000000 1.000000 -0.000000
vn -0.000000 1.000000 -0.000000
vn -0.000000 1.000000 -0.000000
vn -0.000000 1.000000 -0.000000
vn -0.000000 1.000000 -0.000000
vn -0.000000 1.000000 -0.000000
vn -0.000000 1.000000 -0.000000
vn -0.000000 1.000000 -0.000000
vn -0.000000 1.000000 -0.000000
vn -0.000000 1.000000 -0.000000
vn -0.000000 1.000000 -0.000000
vn -0.000000 1.000000 -0.000000
vn -0.000000 1.000000 -0.000000
vn -0.000000 1.000000 -0.000000
vn -0.000000 1.000000 -0.000000
vn -0.000000 1.000000 -0.000000
vn -0.000000 1.000000 -0.000000
vn -0.000000 1.000000 -0.000000
vn -0.000000 1.000000 -0.000000
vn -0.000000 1.000000 -0.000000
vn -0.000000 1.000000 -0.000000
vn -0.000000 1.000000 -0.000000
vn -0.000000 1.000000 -0.000000
vn -0.000000 1.000000 -0.000000
vn -0.000000 1.000000 -0.000000
vn -0.000000 1.000000 -0.000000
vn -0.000000 1.000000 -0.000000
vn -0.000000 1.000000 -0.000000
vn -0.000000 1.000000 -0.000000
vn -0.000000 1.000000 -0.000000
vn -0.000000 1.000000 -0.000000
vn -0.000000 1.000000 -0.000000
vn -0.000000 1.000000 -0.000000
vn -0.000000 1.000000 -0.000000
vn -0.000000 1.000000 -0.000000
vn -0.000000 1.000000 -0.000000
vn -0.000000 1.000000 -0.000000
vn -0.000000 1.000000 -0.000000
vn -0.000000 1.000000 -0.000000
vn -0.000000 1.000000 -0.000000
vn -0.000000 1.000000 -0.000000
vn -0.000000 1.000000 -0.000000
vn -0.000000 1.000000 -0.000000
vn 0.000000 0.000000 1.000000
vn 0.000000 0.000000 1.000000
vn 0.000000 0.000000 1.000000
vn 0.000000 0.000000 1.000000
vn 0.000000 0.000000 1.000000
vn 0.000000 0.000000 1.000000
vn -1.000000 -0.000000 -0.000000
vn -1.000000 -0.000000 -0.000000
vn -1.000000 -0.000000 -0.000000
vn -1.000000 -0.000000 -0.000000
vn -1.000000 -0.000000 -0.000000
vn -1.000000 -0.000000 -0.000000
vn -1.000000 -0.000000 -0.000000
vn -1.000000 -0.000000 -0.000000
vn -1.000000 -0.000000 -0.000000
vn -1.000000 -0.000000 -0.000000
vn -1.000000 -0.000000 -0.000000
vn -1.000000 -0.000000 -0.000000
vn -1.000000 -0.000000 -0.000000
vn -1.000000 -0.000000 -0.000000
vn -1.000000 -0.000000 -0.000000
vn -1.000000 -0.000000 -0.000000
vn -1.000000 -0.000000 -0.000000
vn -1.000000 -0.000000 -0.000000
vn -1.000000 -0.000000 -0.000000
vn -1.000000 -0.000000 -0.000000
vn -1.000000 -0.000000 -0.000000
vn -1.000000 -0.000000 -0.000000
vn -1.000000 -0.000000 -0.000000
vn -1.000000 -0.000000 -0.000000
vn -1.000000 -0.000000 -0.000000
vn -1.000000 -0.000000 -0.000000
vn -1.000000 -0.000000 -0.000000
vn -1.000000 -0.000000 -0.000000
vn -1.000000 -0.000000 -0.000000
vn -1.000000 -0.000000 -0.000000
vn -0.000000 -1.000000 -0.000000
vn -0.000000 -1.000000 -0.000000
vn -0.000000 -1.000000 -0.000000
vn -0.000000 -1.000000 -0.000000
vn -0.000000 -1.000000 -0.000000
vn -0.000000 -1.000000 -0.000000
vn -0.000000 -1.000000 -0.000000
vn -0.000000 -1.000000 -0.000000
vn -0.000000 -1.000000 -0.000000
vn -0.000000 -1.000000 -0.000000
vn -0.000000 -1.000000 -0.000000
vn -0.000000 -1.000000 -0.000000
vn -0.000000 -1.000000 -0.000000
vn -0.000000 -1.000000 -0.000000
vn -0.000000 -1.000000 -0.000000
vn -0.000000 -1.000000 -0.000000
vn -0.000000 -1.000000 -0.000000
vn -0.000000 -1.000000 -0.000000
vn -0.000000 -1.000000 -0.000000
vn -0.000000 -1.000000 -0.000000
vn -0.000000 -1.000000 -0.000000
vn -0.000000 -1.000000 -0.000000
vn -0.000000 -1.000000 -0.000000
vn -0.000000 -1.000000 -0.000000
vn -0.000000 -1.000000 -0.000000
vn -0.000000 -1.000000 -0.000000
vn -0.000000 -1.000000 -0.000000
vn -0.000000 -1.000000 -0.000000
vn -0.000000 -1.000000 -0.000000
vn -0.000000 -1.000000 -0.000000
vn -0.000000 -1.000000 -0.000000
vn -0.000000 -1.000000 -0.000000
vn -0.000000 -1.000000 -0.000000
vn -0.000000 -1.000000 -0.000000
vn -0.000000 -1.000000 -0.000000
vn -0.000000 -1.000000 -0.000000
vn -0.000000 -1.000000 -0.000000
vn -0.000000 -1.000000 -0.000000
vn -0.000000 -1.000000 -0.000000
vn -0.000000 -1.000000 -0.000000
vn -0.000000 -1.000000 -0.000000
vn -0.000000 -1.000000 -0.000000
vn -0.000000 -1.000000 -0.000000
vn -0.000000 -1.000000 -0.000000
vn -0.000000 -1.000000 -0.000000
usemtl Acetal_Resin_(White)
f 1400/2003/2003 1395/2004/2004 1399/2005/2005
f 1399/2005/2005 1395/2004/2004 1396/2006/2006
f 1399/2005/2005 1396/2006/2006 1398/2007/2007
f 1398/2007/2007 1396/2006/2006 1397/2008/2008
f 1401/2009/2009 1402/2010/2010 1428/2011/2011
f 1428/2011/2011 1402/2010/2010 1427/2012/2012
f 1427/2012/2012 1402/2010/2010 1403/2013/2013
f 1427/2012/2012 1403/2013/2013 1426/2014/2014
f 1426/2014/2014 1403/2013/2013 1404/2015/2015
f 1426/2014/2014 1404/2015/2015 1425/2016/2016
f 1425/2016/2016 1404/2015/2015 1405/2017/2017
f 1425/2016/2016 1405/2017/2017 1424/2018/2018
f 1424/2018/2018 1405/2017/2017 1406/2019/2019
f 1424/2018/2018 1406/2019/2019 1423/2020/2020
f 1423/2020/2020 1406/2019/2019 1407/2021/2021
f 1423/2020/2020 1407/2021/2021 1422/2022/2022
f 1422/2022/2022 1407/2021/2021 1408/2023/2023
f 1422/2022/2022 1408/2023/2023 1421/2024/2024
f 1421/2024/2024 1408/2023/2023 1409/2025/2025
f 1421/2024/2024 1409/2025/2025 1420/2026/2026
f 1420/2026/2026 1409/2025/2025 1410/2027/2027
f 1420/2026/2026 1410/2027/2027 1419/2028/2028
f 1419/2028/2028 1410/2027/2027 1411/2029/2029
f 1419/2028/2028 1411/2029/2029 1418/2030/2030
f 1418/2030/2030 1411/2029/2029 1412/2031/2031
f 1418/2030/2030 1412/2031/2031 1417/2032/2032
f 1417/2032/2032 1412/2031/2031 1413/2033/2033
f 1417/2032/2032 1413/2033/2033 1416/2034/2034
f 1416/2034/2034 1413/2033/2033 1414/2035/2035
f 1416/2034/2034 1414/2035/2035 1415/2036/2036
f 1415/2036/2036 1414/2035/2035 1395/2037/2037
f 1415/2036/2036 1395/2037/2037 1400/2038/2038
f 1415/2039/2039 1400/2040/2040 1444/2041/2041
f 1444/2041/2041 1400/2040/2040 1399/2042/2042
f 1444/2041/2041 1399/2042/2042 1429/2043/2043
f 1429/2043/2043 1399/2042/2042 1398/2044/2044
f 1429/2043/2043 1430/2045/2045 1444/2041/2041
f 1444/2041/2041 1430/2045/2045 1445/2046/2046
f 1444/2041/2041 1445/2046/2046 1415/2039/2039
f 1415/2039/2039 1445/2046/2046 1416/2047/2047
f 1416/2047/2047 1445/2046/2046 1446/2048/2048
f 1416/2047/2047 1446/2048/2048 1417/2049/2049
f 1417/2049/2049 1446/2048/2048 1447/2050/2050
f 1417/2049/2049 1447/2050/2050 1418/2051/2051
f 1418/2051/2051 1447/2050/2050 1448/2052/2052
f 1418/2051/2051 1448/2052/2052 1419/2053/2053
f 1419/2053/2053 1448/2052/2052 1449/2054/2054
f 1419/2053/2053 1449/2054/2054 1420/2055/2055
f 1420/2055/2055 1449/2054/2054 1450/2056/2056
f 1420/2055/2055 1450/2056/2056 1421/2057/2057
f 1421/2057/2057 1450/2056/2056 1451/2058/2058
f 1421/2057/2057 1451/2058/2058 1422/2059/2059
f 1422/2059/2059 1451/2058/2058 1452/2060/2060
f 1422/2059/2059 1452/2060/2060 1423/2061/2061
f 1423/2061/2061 1452/2060/2060 1453/2062/2062
f 1423/2061/2061 1453/2062/2062 1424/2063/2063
f 1424/2063/2063 1453/2062/2062 1454/2064/2064
f 1424/2063/2063 1454/2064/2064 1425/2065/2065
f 1425/2065/2065 1454/2064/2064 1455/2066/2066
f 1425/2065/2065 1455/2066/2066 1426/2067/2067
f 1426/2067/2067 1455/2066/2066 1456/2068/2068
f 1426/2067/2067 1456/2068/2068 1427/2069/2069
f 1427/2069/2069 1456/2068/2068 1443/2070/2070
f 1427/2069/2069 1443/2070/2070 1428/2071/2071
f 1430/2045/2045 1431/2072/2072 1445/2046/2046
f 1445/2046/2046 1431/2072/2072 1446/2048/2048
f 1431/2072/2072 1432/2073/2073 1446/2048/2048
f 1446/2048/2048 1432/2073/2073 1447/2050/2050
f 1432/2073/2073 1433/2074/2074 1447/2050/2050
f 1447/2050/2050 1433/2074/2074 1448/2052/2052
f 1433/2074/2074 1434/2075/2075 1448/2052/2052
f 1448/2052/2052 1434/2075/2075 1449/2054/2054
f 1434/2075/2075 1435/2076/2076 1449/2054/2054
f 1449/2054/2054 1435/2076/2076 1450/2056/2056
f 1435/2076/2076 1436/2077/2077 1450/2056/2056
f 1450/2056/2056 1436/2077/2077 1451/2058/2058
f 1436/2077/2077 1437/2078/2078 1451/2058/2058
f 1451/2058/2058 1437/2078/2078 1452/2060/2060
f 1437/2078/2078 1438/2079/2079 1452/2060/2060
f 1452/2060/2060 1438/2079/2079 1453/2062/2062
f 1438/2079/2079 1439/2080/2080 1453/2062/2062
f 1453/2062/2062 1439/2080/2080 1454/2064/2064
f 1439/2080/2080 1440/2081/2081 1454/2064/2064
f 1454/2064/2064 1440/2081/2081 1455/2066/2066
f 1440/2081/2081 1441/2082/2082 1455/2066/2066
f 1455/2066/2066 1441/2082/2082 1456/2068/2068
f 1441/2082/2082 1442/2083/2083 1456/2068/2068
f 1456/2068/2068 1442/2083/2083 1443/2070/2070
f 1442/2084/2084 1457/2085/2085 1443/2086/2086
f 1443/2086/2086 1457/2085/2085 1458/2087/2087
f 1443/2086/2086 1458/2087/2087 1428/2088/2088
f 1428/2088/2088 1458/2087/2087 1401/2089/2089
f 1397/2090/2090 1459/2091/2091 1398/2092/2092
f 1398/2092/2092 1459/2091/2091 1429/2093/2093
f 1429/2093/2093 1459/2091/2091 1460/2094/2094
f 1429/2093/2093 1460/2094/2094 1430/2095/2095
f 1430/2095/2095 1460/2094/2094 1461/2096/2096
f 1430/2095/2095 1461/2096/2096 1431/2097/2097
f 1431/2097/2097 1461/2096/2096 1462/2098/2098
f 1431/2097/2097 1462/2098/2098 1432/2099/2099
f 1432/2099/2099 1462/2098/2098 1463/2100/2100
f 1432/2099/2099 1463/2100/2100 1433/2101/2101
f 1433/2101/2101 1463/2100/2100 1464/2102/2102
f 1433/2101/2101 1464/2102/2102 1434/2103/2103
f 1434/2103/2103 1464/2102/2102 1465/2104/2104
f 1434/2103/2103 1465/2104/2104 1435/2105/2105
f 1435/2105/2105 1465/2104/2104 1466/2106/2106
f 1435/2105/2105 1466/2106/2106 1436/2107/2107
f 1436/2107/2107 1466/2106/2106 1467/2108/2108
f 1436/2107/2107 1467/2108/2108 1437/2109/2109
f 1437/2109/2109 1467/2108/2108 1468/2110/2110
f 1437/2109/2109 1468/2110/2110 1438/2111/2111
f 1438/2111/2111 1468/2110/2110 1469/2112/2112
f 1438/2111/2111 1469/2112/2112 1439/2113/2113
f 1439/2113/2113 1469/2112/2112 1470/2114/2114
f 1439/2113/2113 1470/2114/2114 1440/2115/2115
f 1440/2115/2115 1470/2114/2114 1471/2116/2116
f 1440/2115/2115 1471/2116/2116 1441/2117/2117
f 1441/2117/2117 1471/2116/2116 1457/2118/2118
f 1441/2117/2117 1457/2118/2118 1442/2119/2119
f 1395/2120/2120 1414/2121/2121 1396/2122/2122
f 1396/2122/2122 1414/2121/2121 1484/2123/2123
f 1396/2122/2122 1484/2123/2123 1397/2124/2124
f 1397/2124/2124 1484/2123/2123 1459/2125/2125
f 1459/2125/2125 1484/2123/2123 1483/2126/2126
f 1459/2125/2125 1483/2126/2126 1460/2127/2127
f 1460/2127/2127 1483/2126/2126 1482/2128/2128
f 1460/2127/2127 1482/2128/2128 1461/2129/2129
f 1461/2129/2129 1482/2128/2128 1481/2130/2130
f 1461/2129/2129 1481/2130/2130 1462/2131/2131
f 1462/2131/2131 1481/2130/2130 1480/2132/2132
f 1462/2131/2131 1480/2132/2132 1463/2133/2133
f 1463/2133/2133 1480/2132/2132 1479/2134/2134
f 1463/2133/2133 1479/2134/2134 1464/2135/2135
f 1464/2135/2135 1479/2134/2134 1478/2136/2136
f 1464/2135/2135 1478/2136/2136 1465/2137/2137
f 1465/2137/2137 1478/2136/2136 1477/2138/2138
f 1465/2137/2137 1477/2138/2138 1466/2139/2139
f 1466/2139/2139 1477/2138/2138 1476/2140/2140
f 1466/2139/2139 1476/2140/2140 1467/2141/2141
f 1467/2141/2141 1476/2140/2140 1475/2142/2142
f 1467/2141/2141 1475/2142/2142 1468/2143/2143
f 1468/2143/2143 1475/2142/2142 1474/2144/2144
f 1468/2143/2143 1474/2144/2144 1469/2145/2145
f 1469/2145/2145 1474/2144/2144 1473/2146/2146
f 1469/2145/2145 1473/2146/2146 1470/2147/2147
f 1470/2147/2147 1473/2146/2146 1472/2148/2148
f 1470/2147/2147 1472/2148/2148 1471/2149/2149
f 1471/2149/2149 1472/2148/2148 1458/2150/2150
f 1471/2149/2149 1458/2150/2150 1457/2151/2151
f 1414/2121/2121 1413/2152/2152 1484/2123/2123
f 1484/2123/2123 1413/2152/2152 1483/2126/2126
f 1413/2152/2152 1412/2153/2153 1483/2126/2126
f 1483/2126/2126 1412/2153/2153 1482/2128/2128
f 1412/2153/2153 1411/2154/2154 1482/2128/2128
f 1482/2128/2128 1411/2154/2154 1481/2130/2130
f 1411/2154/2154 1410/2155/2155 1481/2130/2130
f 1481/2130/2130 1410/2155/2155 1480/2132/2132
f 1410/2155/2155 1409/2156/2156 1480/2132/2132
f 1480/2132/2132 1409/2156/2156 1479/2134/2134
f 1409/2156/2156 1408/2157/2157 1479/2134/2134
f 1479/2134/2134 1408/2157/2157 1478/2136/2136
f 1408/2157/2157 1407/2158/2158 1478/2136/2136
f 1478/2136/2136 1407/2158/2158 1477/2138/2138
f 1407/2158/2158 1406/2159/2159 1477/2138/2138
f 1477/2138/2138 1406/2159/2159 1476/2140/2140
f 1406/2159/2159 1405/2160/2160 1476/2140/2140
f 1476/2140/2140 1405/2160/2160 1475/2142/2142
f 1405/2160/2160 1404/2161/2161 1475/2142/2142
f 1475/2142/2142 1404/2161/2161 1474/2144/2144
f 1404/2161/2161 1403/2162/2162 1474/2144/2144
f 1474/2144/2144 1403/2162/2162 1473/2146/2146
f 1403/2162/2162 1402/2163/2163 1473/2146/2146
f 1473/2146/2146 1402/2163/2163 1472/2148/2148
f 1402/2163/2163 1401/2164/2164 1472/2148/2148
f 1472/2148/2148 1401/2164/2164 1458/2150/2150
g Body7

v 12.700000 86.360000 25.400000
v 12.700000 86.360000 14.695714
v 12.700000 86.360000 3.991429
v 12.700000 86.360000 -6.712857
v 12.700000 86.360000 -17.417143
v 12.700000 86.360000 -28.121428
v 12.700000 86.360000 -38.825714
v 12.700000 86.360000 -49.529999
v 12.700000 86.360000 -60.234285
v 12.700000 86.360000 -70.938570
v 12.700000 86.360000 -81.642856
v 12.700000 86.360000 -92.347141
v 12.700000 86.360000 -103.051427
v 12.700000 86.360000 -113.755713
v 12.700000 86.360000 -124.459998
v 6.350000 86.360000 -124.459998
v 0.000000 86.360000 -124.459998
v 0.000000 86.360000 -113.755713
v 0.000000 86.360000 -103.051427
v 0.000000 86.360000 -92.347141
v 0.000000 86.360000 -81.642856
v 0.000000 86.360000 -70.938570
v 0.000000 86.360000 -60.234285
v 0.000000 86.360000 -49.529999
v 0.000000 86.360000 -38.825714
v 0.000000 86.360000 -28.121428
v 0.000000 86.360000 -17.417143
v 0.000000 86.360000 -6.712857
v 0.000000 86.360000 3.991429
v 0.000000 86.360000 14.695714
v 0.000000 86.360000 25.400000
v 6.350000 86.360000 25.400000
v 6.350000 86.360000 -113.755713
v 6.350000 86.360000 -103.051427
v 6.350000 86.360000 -92.347141
v 6.350000 86.360000 -81.642856
v 6.350000 86.360000 -70.938570
v 6.350000 86.360000 -60.234285
v 6.350000 86.360000 -49.529999
v 6.350000 86.360000 -38.825714
v 6.350000 86.360000 -28.121428
v 6.350000 86.360000 -17.417143
v 6.350000 86.360000 -6.712857
v 6.350000 86.360000 3.991429
v 6.350000 86.360000 14.695714
v 0.000000 76.200000 -124.459998
v 0.000000 66.040001 -124.459998
v 0.000000 55.880001 -124.459998
v 0.000000 45.720001 -124.459998
v 0.000000 35.560001 -124.459998
v 0.000000 25.400001 -124.459998
v 0.000000 15.240001 -124.459998
v 0.000000 5.080002 -124.459998
v 0.000000 5.080002 -113.755713
v 0.000000 5.080002 -103.051427
v 0.000000 5.080002 -92.347141
v 0.000000 5.080002 -81.642856
v 0.000000 5.080002 -70.938570
v 0.000000 5.080002 -60.234285
v 0.000000 5.080002 -49.529999
v 0.000000 5.080002 -38.825714
v 0.000000 5.080002 -28.121428
v 0.000000 5.080002 -17.417143
v 0.000000 5.080002 -6.712857
v 0.000000 5.080002 3.991429
v 0.000000 5.080002 14.695714
v 0.000000 5.080002 25.400000
v 0.000000 15.240001 25.400000
v 0.000000 25.400001 25.400000
v 0.000000 35.560001 25.400000
v 0.000000 45.720001 25.400000
v 0.000000 55.880001 25.400000
v 0.000000 66.040001 25.400000
v 0.000000 76.200000 25.400000
v 0.000000 76.200000 -113.755713
v 0.000000 76.200000 -103.051427
v 0.000000 76.200000 -92.347141
v 0.000000 76.200000 -81.642856
v 0.000000 76.200000 -70.938570
v 0.000000 76.200000 -60.234285
v 0.000000 76.200000 -49.529999
v 0.000000 76.200000 -38.825714
v 0.000000 76.200000 -28.121428
v 0.000000 76.200000 -17.417143
v 0.000000 76.200000 -6.712857
v 0.000000 76.200000 3.991429
v 0.000000 76.200000 14.695714
v 0.000000 66.040001 -113.755713
v 0.000000 66.040001 -103.051427
v 0.000000 66.040001 -92.347141
v 0.000000 66.040001 -81.642856
v 0.000000 66.040001 -70.938570
v 0.000000 66.040001 -60.234285
v 0.000000 66.040001 -49.529999
v 0.000000 66.040001 -38.825714
v 0.000000 66.040001 -28.121428
v 0.000000 66.040001 -17.417143
v 0.000000 66.040001 -6.712857
v 0.000000 66.040001 3.991429
v 0.000000 66.040001 14.695714
v 0.000000 55.880001 -113.755713
v 0.000000 55.880001 -103.051427
v 0.000000 55.880001 -92.347141
v 0.000000 55.880001 -81.642856
v 0.000000 55.880001 -70.938570
v 0.000000 55.880001 -60.234285
v 0.000000 55.880001 -49.529999
v 0.000000 55.880001 -38.825714
v 0.000000 55.880001 -28.121428
v 0.000000 55.880001 -17.417143
v 0.000000 55.880001 -6.712857
v 0.000000 55.880001 3.991429
v 0.000000 55.880001 14.695714
v 0.000000 45.720001 -113.755713
v 0.000000 45.720001 -103.051427
v 0.000000 45.720001 -92.347141
v 0.000000 45.720001 -81.642856
v 0.000000 45.720001 -70.938570
v 0.000000 45.720001 -60.234285
v 0.000000 45.720001 -49.529999
v 0.000000 45.720001 -38.825714
v 0.000000 45.720001 -28.121428
v 0.000000 45.720001 -17.417143
v 0.000000 45.720001 -6.712857
v 0.000000 45.720001 3.991429
v 0.000000 45.720001 14.695714
v 0.000000 35.560001 -113.755713
v 0.000000 35.560001 -103.051427
v 0.000000 35.560001 -92.347141
v 0.000000 35.560001 -81.642856
v 0.000000 35.560001 -70.938570
v 0.000000 35.560001 -60.234285
v 0.000000 35.560001 -49.529999
v 0.000000 35.560001 -38.825714
v 0.000000 35.560001 -28.121428
v 0.000000 35.560001 -17.417143
v 0.000000 35.560001 -6.712857
v 0.000000 35.560001 3.991429
v 0.000000 35.560001 14.695714
v 0.000000 25.400001 -113.755713
v 0.000000 25.400001 -103.051427
v 0.000000 25.400001 -92.347141
v 0.000000 25.400001 -81.642856
v 0.000000 25.400001 -70.938570
v 0.000000 25.400001 -60.234285
v 0.000000 25.400001 -49.529999
v 0.000000 25.400001 -38.825714
v 0.000000 25.400001 -28.121428
v 0.000000 25.400001 -17.417143
v 0.000000 25.400001 -6.712857
v 0.000000 25.400001 3.991429
v 0.000000 25.400001 14.695714
v 0.000000 15.240001 -113.755713
v 0.000000 15.240001 -103.051427
v 0.000000 15.240001 -92.347141
v 0.000000 15.240001 -81.642856
v 0.000000 15.240001 -70.938570
v 0.000000 15.240001 -60.234285
v 0.000000 15.240001 -49.529999
v 0.000000 15.240001 -38.825714
v 0.000000 15.240001 -28.121428
v 0.000000 15.240001 -17.417143
v 0.000000 15.240001 -6.712857
v 0.000000 15.240001 3.991429
v 0.000000 15.240001 14.695714
v 6.350000 5.080002 25.400000
v 12.700000 5.080002 25.400000
v 12.700000 15.240001 25.400000
v 12.700000 25.400001 25.400000
v 12.700000 35.560001 25.400000
v 12.700000 45.720001 25.400000
v 12.700000 55.880001 25.400000
v 12.700000 66.040001 25.400000
v 12.700000 76.200000 25.400000
v 6.350000 76.200000 25.400000
v 6.350000 66.040001 25.400000
v 6.350000 55.880001 25.400000
v 6.350000 45.720001 25.400000
v 6.350000 35.560001 25.400000
v 6.350000 25.400001 25.400000
v 6.350000 15.240001 25.400000
v 12.700000 76.200000 -124.459998
v 12.700000 66.040001 -124.459998
v 12.700000 55.880001 -124.459998
v 12.700000 45.720001 -124.459998
v 12.700000 35.560001 -124.459998
v 12.700000 25.400001 -124.459998
v 12.700000 15.240001 -124.459998
v 12.700000 5.080002 -124.459998
v 6.350000 5.080002 -124.459998
v 6.350000 76.200000 -124.459998
v 6.350000 66.040001 -124.459998
v 6.350000 55.880001 -124.459998
v 6.350000 45.720001 -124.459998
v 6.350000 35.560001 -124.459998
v 6.350000 25.400001 -124.459998
v 6.350000 15.240001 -124.459998
v 12.700000 5.080002 14.695714
v 12.700000 5.080002 3.991429
v 12.700000 5.080002 -6.712857
v 12.700000 5.080002 -17.417143
v 12.700000 5.080002 -28.121428
v 12.700000 5.080002 -38.825714
v 12.700000 5.080002 -49.529999
v 12.700000 5.080002 -60.234285
v 12.700000 5.080002 -70.938570
v 12.700000 5.080002 -81.642856
v 12.700000 5.080002 -92.347141
v 12.700000 5.080002 -103.051427
v 12.700000 5.080002 -113.755713
v 12.700000 76.200000 14.695714
v 12.700000 76.200000 3.991429
v 12.700000 76.200000 -6.712857
v 12.700000 76.200000 -17.417143
v 12.700000 76.200000 -28.121428
v 12.700000 76.200000 -38.825714
v 12.700000 76.200000 -49.529999
v 12.700000 76.200000 -60.234285
v 12.700000 76.200000 -70.938570
v 12.700000 76.200000 -81.642856
v 12.700000 76.200000 -92.347141
v 12.700000 76.200000 -103.051427
v 12.700000 76.200000 -113.755713
v 12.700000 66.040001 14.695714
v 12.700000 66.040001 3.991429
v 12.700000 66.040001 -6.712857
v 12.700000 66.040001 -17.417143
v 12.700000 66.040001 -28.121428
v 12.700000 66.040001 -38.825714
v 12.700000 66.040001 -49.529999
v 12.700000 66.040001 -60.234285
v 12.700000 66.040001 -70.938570
v 12.700000 66.040001 -81.642856
v 12.700000 66.040001 -92.347141
v 12.700000 66.040001 -103.051427
v 12.700000 66.040001 -113.755713
v 12.700000 55.880001 14.695714
v 12.700000 55.880001 3.991429
v 12.700000 55.880001 -6.712857
v 12.700000 55.880001 -17.417143
v 12.700000 55.880001 -28.121428
v 12.700000 55.880001 -38.825714
v 12.700000 55.880001 -49.529999
v 12.700000 55.880001 -60.234285
v 12.700000 55.880001 -70.938570
v 12.700000 55.880001 -81.642856
v 12.700000 55.880001 -92.347141
v 12.700000 55.880001 -103.051427
v 12.700000 55.880001 -113.755713
v 12.700000 45.720001 14.695714
v 12.700000 45.720001 3.991429
v 12.700000 45.720001 -6.712857
v 12.700000 45.720001 -17.417143
v 12.700000 45.720001 -28.121428
v 12.700000 45.720001 -38.825714
v 12.700000 45.720001 -49.529999
v 12.700000 45.720001 -60.234285
v 12.700000 45.720001 -70.938570
v 12.700000 45.720001 -81.642856
v 12.700000 45.720001 -92.347141
v 12.700000 45.720001 -103.051427
v 12.700000 45.720001 -113.755713
v 12.700000 35.560001 14.695714
v 12.700000 35.560001 3.991429
v 12.700000 35.560001 -6.712857
v 12.700000 35.560001 -17.417143
v 12.700000 35.560001 -28.121428
v 12.700000 35.560001 -38.825714
v 12.700000 35.560001 -49.529999
v 12.700000 35.560001 -60.234285
v 12.700000 35.560001 -70.938570
v 12.700000 35.560001 -81.642856
v 12.700000 35.560001 -92.347141
v 12.700000 35.560001 -103.051427
v 12.700000 35.560001 -113.755713
v 12.700000 25.400001 14.695714
v 12.700000 25.400001 3.991429
v 12.700000 25.400001 -6.712857
v 12.700000 25.400001 -17.417143
v 12.700000 25.400001 -28.121428
v 12.700000 25.400001 -38.825714
v 12.700000 25.400001 -49.529999
v 12.700000 25.400001 -60.234285
v 12.700000 25.400001 -70.938570
v 12.700000 25.400001 -81.642856
v 12.700000 25.400001 -92.347141
v 12.700000 25.400001 -103.051427
v 12.700000 25.400001 -113.755713
v 12.700000 15.240001 14.695714
v 12.700000 15.240001 3.991429
v 12.700000 15.240001 -6.712857
v 12.700000 15.240001 -17.417143
v 12.700000 15.240001 -28.121428
v 12.700000 15.240001 -38.825714
v 12.700000 15.240001 -49.529999
v 12.700000 15.240001 -60.234285
v 12.700000 15.240001 -70.938570
v 12.700000 15.240001 -81.642856
v 12.700000 15.240001 -92.347141
v 12.700000 15.240001 -103.051427
v 12.700000 15.240001 -113.755713
v 6.350000 5.080002 -113.755713
v 6.350000 5.080002 -103.051427
v 6.350000 5.080002 -92.347141
v 6.350000 5.080002 -81.642856
v 6.350000 5.080002 -70.938570
v 6.350000 5.080002 -60.234285
v 6.350000 5.080002 -49.529999
v 6.350000 5.080002 -38.825714
v 6.350000 5.080002 -28.121428
v 6.350000 5.080002 -17.417143
v 6.350000 5.080002 -6.712857
v 6.350000 5.080002 3.991429
v 6.350000 5.080002 14.695714
vt -4.342641 0.000000 0.000000
vt -15.046927 0.000000 0.000000
vt -4.342641 -6.350000 0.000000
vt -15.046927 -6.350000 0.000000
vt -4.342641 -12.700000 0.000000
vt -15.046927 -12.700000 0.000000
vt -25.751212 -6.350000 0.000000
vt -25.751212 -12.700000 0.000000
vt -36.455498 -6.350000 0.000000
vt -36.455498 -12.700000 0.000000
vt -47.159783 -6.350000 0.000000
vt -47.159783 -12.700000 0.000000
vt -57.864069 -6.350000 0.000000
vt -57.864069 -12.700000 0.000000
vt -68.568355 -6.350000 0.000000
vt -68.568355 -12.700000 0.000000
vt -79.272640 -6.350000 0.000000
vt -79.272640 -12.700000 0.000000
vt -89.976926 -6.350000 0.000000
vt -89.976926 -12.700000 0.000000
vt -100.681211 -6.350000 0.000000
vt -100.681211 -12.700000 0.000000
vt -111.385497 -6.350000 0.000000
vt -111.385497 -12.700000 0.000000
vt -122.089782 -6.350000 0.000000
vt -122.089782 -12.700000 0.000000
vt -132.794068 -6.350000 0.000000
vt -132.794068 -12.700000 0.000000
vt -143.498353 -6.350000 0.000000
vt -143.498353 -12.700000 0.000000
vt -154.202639 -6.350000 0.000000
vt -154.202639 -12.700000 0.000000
vt -25.751212 0.000000 0.000000
vt -36.455498 0.000000 0.000000
vt -47.159783 0.000000 0.000000
vt -57.864069 0.000000 0.000000
vt -68.568355 0.000000 0.000000
vt -79.272640 0.000000 0.000000
vt -89.976926 0.000000 0.000000
vt -100.681211 0.000000 0.000000
vt -111.385497 0.000000 0.000000
vt -122.089782 0.000000 0.000000
vt -132.794068 0.000000 0.000000
vt -143.498353 0.000000 0.000000
vt -154.202639 0.000000 0.000000
vt 74.929999 -25.400000 0.000000
vt 64.225713 -25.400000 0.000000
vt 74.929999 -35.560000 0.000000
vt 64.225713 -35.560000 0.000000
vt 74.929999 -45.719999 0.000000
vt 64.225713 -45.719999 0.000000
vt 74.929999 -55.879999 0.000000
vt 64.225713 -55.879999 0.000000
vt 74.929999 -66.039999 0.000000
vt 64.225713 -66.039999 0.000000
vt 74.929999 -76.199999 0.000000
vt 64.225713 -76.199999 0.000000
vt 74.929999 -86.359999 0.000000
vt 64.225713 -86.359999 0.000000
vt 74.929999 -96.519999 0.000000
vt 64.225713 -96.519999 0.000000
vt 74.929999 -106.679998 0.000000
vt 64.225713 -106.679998 0.000000
vt 53.521428 -96.519999 0.000000
vt 53.521428 -106.679998 0.000000
vt 42.817142 -96.519999 0.000000
vt 42.817142 -106.679998 0.000000
vt 32.112857 -96.519999 0.000000
vt 32.112857 -106.679998 0.000000
vt 21.408571 -96.519999 0.000000
vt 21.408571 -106.679998 0.000000
vt 10.704286 -96.519999 0.000000
vt 10.704286 -106.679998 0.000000
vt -0.000000 -96.519999 0.000000
vt -0.000000 -106.679998 0.000000
vt -10.704286 -96.519999 0.000000
vt -10.704286 -106.679998 0.000000
vt -21.408571 -96.519999 0.000000
vt -21.408571 -106.679998 0.000000
vt -32.112857 -96.519999 0.000000
vt -32.112857 -106.679998 0.000000
vt -42.817142 -96.519999 0.000000
vt -42.817142 -106.679998 0.000000
vt -53.521428 -96.519999 0.000000
vt -53.521428 -106.679998 0.000000
vt -64.225713 -96.519999 0.000000
vt -64.225713 -106.679998 0.000000
vt -74.929999 -96.519999 0.000000
vt -74.929999 -106.679998 0.000000
vt 53.521428 -25.400000 0.000000
vt 53.521428 -35.560000 0.000000
vt 53.521428 -45.719999 0.000000
vt 53.521428 -55.879999 0.000000
vt 53.521428 -66.039999 0.000000
vt 53.521428 -76.199999 0.000000
vt 53.521428 -86.359999 0.000000
vt 42.817142 -25.400000 0.000000
vt 42.817142 -35.560000 0.000000
vt 42.817142 -45.719999 0.000000
vt 42.817142 -55.879999 0.000000
vt 42.817142 -66.039999 0.000000
vt 42.817142 -76.199999 0.000000
vt 42.817142 -86.359999 0.000000
vt 32.112857 -25.400000 0.000000
vt 32.112857 -35.560000 0.000000
vt 32.112857 -45.719999 0.000000
vt 32.112857 -55.879999 0.000000
vt 32.112857 -66.039999 0.000000
vt 32.112857 -76.199999 0.000000
vt 32.112857 -86.359999 0.000000
vt 21.408571 -25.400000 0.000000
vt 21.408571 -35.560000 0.000000
vt 21.408571 -45.719999 0.000000
vt 21.408571 -55.879999 0.000000
vt 21.408571 -66.039999 0.000000
vt 21.408571 -76.199999 0.000000
vt 21.408571 -86.359999 0.000000
vt 10.704286 -25.400000 0.000000
vt 10.704286 -35.560000 0.000000
vt 10.704286 -45.719999 0.000000
vt 10.704286 -55.879999 0.000000
vt 10.704286 -66.039999 0.000000
vt 10.704286 -76.199999 0.000000
vt 10.704286 -86.359999 0.000000
vt -0.000000 -25.400000 0.000000
vt -0.000000 -35.560000 0.000000
vt -0.000000 -45.719999 0.000000
vt -0.000000 -55.879999 0.000000
vt -0.000000 -66.039999 0.000000
vt -0.000000 -76.199999 0.000000
vt -0.000000 -86.359999 0.000000
vt -10.704286 -25.400000 0.000000
vt -10.704286 -35.560000 0.000000
vt -10.704286 -45.719999 0.000000
vt -10.704286 -55.879999 0.000000
vt -10.704286 -66.039999 0.000000
vt -10.704286 -76.199999 0.000000
vt -10.704286 -86.359999 0.000000
vt -21.408571 -25.400000 0.000000
vt -21.408571 -35.560000 0.000000
vt -21.408571 -45.719999 0.000000
vt -21.408571 -55.879999 0.000000
vt -21.408571 -66.039999 0.000000
vt -21.408571 -76.199999 0.000000
vt -21.408571 -86.359999 0.000000
vt -32.112857 -25.400000 0.000000
vt -32.112857 -35.560000 0.000000
vt -32.112857 -45.719999 0.000000
vt -32.112857 -55.879999 0.000000
vt -32.112857 -66.039999 0.000000
vt -32.112857 -76.199999 0.000000
vt -32.112857 -86.359999 0.000000
vt -42.817142 -25.400000 0.000000
vt -42.817142 -35.560000 0.000000
vt -42.817142 -45.719999 0.000000
vt -42.817142 -55.879999 0.000000
vt -42.817142 -66.039999 0.000000
vt -42.817142 -76.199999 0.000000
vt -42.817142 -86.359999 0.000000
vt -53.521428 -25.400000 0.000000
vt -53.521428 -35.560000 0.000000
vt -53.521428 -45.719999 0.000000
vt -53.521428 -55.879999 0.000000
vt -53.521428 -66.039999 0.000000
vt -53.521428 -76.199999 0.000000
vt -53.521428 -86.359999 0.000000
vt -64.225713 -25.400000 0.000000
vt -64.225713 -35.560000 0.000000
vt -64.225713 -45.719999 0.000000
vt -64.225713 -55.879999 0.000000
vt -64.225713 -66.039999 0.000000
vt -64.225713 -76.199999 0.000000
vt -64.225713 -86.359999 0.000000
vt -74.929999 -25.400000 0.000000
vt -74.929999 -35.560000 0.000000
vt -74.929999 -45.719999 0.000000
vt -74.929999 -55.879999 0.000000
vt -74.929999 -66.039999 0.000000
vt -74.929999 -76.199999 0.000000
vt -74.929999 -86.359999 0.000000
vt 142.239998 12.700000 0.000000
vt 132.079998 12.700000 0.000000
vt 142.239998 6.350000 0.000000
vt 132.079998 6.350000 0.000000
vt 142.239998 0.000000 0.000000
vt 132.079998 0.000000 0.000000
vt 152.399998 0.000000 0.000000
vt 152.399998 6.350000 0.000000
vt 152.399998 12.700000 0.000000
vt 162.559998 6.350000 0.000000
vt 162.559998 12.700000 0.000000
vt 172.719998 6.350000 0.000000
vt 172.719998 12.700000 0.000000
vt 182.879997 6.350000 0.000000
vt 182.879997 12.700000 0.000000
vt 193.039997 6.350000 0.000000
vt 193.039997 12.700000 0.000000
vt 203.199997 6.350000 0.000000
vt 203.199997 12.700000 0.000000
vt 213.359997 6.350000 0.000000
vt 213.359997 12.700000 0.000000
vt 162.559998 0.000000 0.000000
vt 172.719998 0.000000 0.000000
vt 182.879997 0.000000 0.000000
vt 193.039997 0.000000 0.000000
vt 203.199997 0.000000 0.000000
vt 213.359997 0.000000 0.000000
vt 71.119999 0.000000 0.000000
vt 81.279999 0.000000 0.000000
vt 71.119999 6.350000 0.000000
vt 81.279999 6.350000 0.000000
vt 71.119999 12.700000 0.000000
vt 81.279999 12.700000 0.000000
vt 60.959999 12.700000 0.000000
vt 60.959999 6.350000 0.000000
vt 60.959999 0.000000 0.000000
vt 50.799999 6.350000 0.000000
vt 50.799999 0.000000 0.000000
vt 40.639999 6.350000 0.000000
vt 40.639999 0.000000 0.000000
vt 30.479999 6.350000 0.000000
vt 30.479999 0.000000 0.000000
vt 20.320000 6.350000 0.000000
vt 20.320000 0.000000 0.000000
vt 10.160000 6.350000 0.000000
vt 10.160000 0.000000 0.000000
vt 0.000000 6.350000 0.000000
vt 0.000000 0.000000 0.000000
vt 50.799999 12.700000 0.000000
vt 40.639999 12.700000 0.000000
vt 30.479999 12.700000 0.000000
vt 20.320000 12.700000 0.000000
vt 10.160000 12.700000 0.000000
vt 0.000000 12.700000 0.000000
vt 74.929999 -25.400000 0.000000
vt 64.225713 -25.400000 0.000000
vt 74.929999 -35.560000 0.000000
vt 64.225713 -35.560000 0.000000
vt 74.929999 -45.719999 0.000000
vt 64.225713 -45.719999 0.000000
vt 74.929999 -55.879999 0.000000
vt 64.225713 -55.879999 0.000000
vt 74.929999 -66.039999 0.000000
vt 64.225713 -66.039999 0.000000
vt 74.929999 -76.199999 0.000000
vt 64.225713 -76.199999 0.000000
vt 74.929999 -86.359999 0.000000
vt 64.225713 -86.359999 0.000000
vt 74.929999 -96.519999 0.000000
vt 64.225713 -96.519999 0.000000
vt 74.929999 -106.679998 0.000000
vt 64.225713 -106.679998 0.000000
vt 53.521428 -96.519999 0.000000
vt 53.521428 -106.679998 0.000000
vt 42.817142 -96.519999 0.000000
vt 42.817142 -106.679998 0.000000
vt 32.112857 -96.519999 0.000000
vt 32.112857 -106.679998 0.000000
vt 21.408571 -96.519999 0.000000
vt 21.408571 -106.679998 0.000000
vt 10.704286 -96.519999 0.000000
vt 10.704286 -106.679998 0.000000
vt -0.000000 -96.519999 0.000000
vt 0.000000 -106.679998 0.000000
vt -10.704286 -96.519999 0.000000
vt -10.704286 -106.679998 0.000000
vt -21.408571 -96.519999 0.000000
vt -21.408571 -106.679998 0.000000
vt -32.112857 -96.519999 0.000000
vt -32.112857 -106.679998 0.000000
vt -42.817142 -96.519999 0.000000
vt -42.817142 -106.679998 0.000000
vt -53.521428 -96.519999 0.000000
vt -53.521428 -106.679998 0.000000
vt -64.225713 -96.519999 0.000000
vt -64.225713 -106.679998 0.000000
vt -74.929999 -96.519999 0.000000
vt -74.929999 -106.679998 0.000000
vt 53.521428 -25.400000 0.000000
vt 53.521428 -35.560000 0.000000
vt 53.521428 -45.719999 0.000000
vt 53.521428 -55.879999 0.000000
vt 53.521428 -66.039999 0.000000
vt 53.521428 -76.199999 0.000000
vt 53.521428 -86.359999 0.000000
vt 42.817142 -25.400000 0.000000
vt 42.817142 -35.560000 0.000000
vt 42.817142 -45.719999 0.000000
vt 42.817142 -55.879999 0.000000
vt 42.817142 -66.039999 0.000000
vt 42.817142 -76.199999 0.000000
vt 42.817142 -86.359999 0.000000
vt 32.112857 -25.400000 0.000000
vt 32.112857 -35.560000 0.000000
vt 32.112857 -45.719999 0.000000
vt 32.112857 -55.879999 0.000000
vt 32.112857 -66.039999 0.000000
vt 32.112857 -76.199999 0.000000
vt 32.112857 -86.359999 0.000000
vt 21.408571 -25.400000 0.000000
vt 21.408571 -35.560000 0.000000
vt 21.408571 -45.719999 0.000000
vt 21.408571 -55.879999 0.000000
vt 21.408571 -66.039999 0.000000
vt 21.408571 -76.199999 0.000000
vt 21.408571 -86.359999 0.000000
vt 10.704286 -25.400000 0.000000
vt 10.704286 -35.560000 0.000000
vt 10.704286 -45.719999 0.000000
vt 10.704286 -55.879999 0.000000
vt 10.704286 -66.039999 0.000000
vt 10.704286 -76.199999 0.000000
vt 10.704286 -86.359999 0.000000
vt 0.000000 -25.400000 0.000000
vt -0.000000 -35.560000 0.000000
vt -0.000000 -45.719999 0.000000
vt -0.000000 -55.879999 0.000000
vt -0.000000 -66.039999 0.000000
vt -0.000000 -76.199999 0.000000
vt -0.000000 -86.359999 0.000000
vt -10.704286 -25.400000 0.000000
vt -10.704286 -35.560000 0.000000
vt -10.704286 -45.719999 0.000000
vt -10.704286 -55.879999 0.000000
vt -10.704286 -66.039999 0.000000
vt -10.704286 -76.199999 0.000000
vt -10.704286 -86.359999 0.000000
vt -21.408571 -25.400000 0.000000
vt -21.408571 -35.560000 0.000000
vt -21.408571 -45.719999 0.000000
vt -21.408571 -55.879999 0.000000
vt -21.408571 -66.039999 0.000000
vt -21.408571 -76.199999 0.000000
vt -21.408571 -86.359999 0.000000
vt -32.112857 -25.400000 0.000000
vt -32.112857 -35.560000 0.000000
vt -32.112857 -45.719999 0.000000
vt -32.112857 -55.879999 0.000000
vt -32.112857 -66.039999 0.000000
vt -32.112857 -76.199999 0.000000
vt -32.112857 -86.359999 0.000000
vt -42.817142 -25.400000 0.000000
vt -42.817142 -35.560000 0.000000
vt -42.817142 -45.719999 0.000000
vt -42.817142 -55.879999 0.000000
vt -42.817142 -66.039999 0.000000
vt -42.817142 -76.199999 0.000000
vt -42.817142 -86.359999 0.000000
vt -53.521428 -25.400000 0.000000
vt -53.521428 -35.560000 0.000000
vt -53.521428 -45.719999 0.000000
vt -53.521428 -55.879999 0.000000
vt -53.521428 -66.039999 0.000000
vt -53.521428 -76.199999 0.000000
vt -53.521428 -86.359999 0.000000
vt -64.225713 -25.400000 0.000000
vt -64.225713 -35.560000 0.000000
vt -64.225713 -45.719999 0.000000
vt -64.225713 -55.879999 0.000000
vt -64.225713 -66.039999 0.000000
vt -64.225713 -76.199999 0.000000
vt -64.225713 -86.359999 0.000000
vt -74.929999 -25.400000 0.000000
vt -74.929999 -35.560000 0.000000
vt -74.929999 -45.719999 0.000000
vt -74.929999 -55.879999 0.000000
vt -74.929999 -66.039999 0.000000
vt -74.929999 -76.199999 0.000000
vt -74.929999 -86.359999 0.000000
vt -0.000000 0.000000 0.000000
vt 10.704286 0.000000 0.000000
vt -0.000000 6.350000 0.000000
vt 10.704286 6.350000 0.000000
vt -0.000000 12.700000 0.000000
vt 10.704286 12.700000 0.000000
vt 21.408571 6.350000 0.000000
vt 21.408571 12.700000 0.000000
vt 32.112857 6.350000 0.000000
vt 32.112857 12.700000 0.000000
vt 42.817142 6.350000 0.000000
vt 42.817142 12.700000 0.000000
vt 53.521428 6.350000 0.000000
vt 53.521428 12.700000 0.000000
vt 64.225713 6.350000 0.000000
vt 64.225713 12.700000 0.000000
vt 74.929999 6.350000 0.000000
vt 74.929999 12.700000 0.000000
vt 85.634284 6.350000 0.000000
vt 85.634284 12.700000 0.000000
vt 96.338570 6.350000 0.000000
vt 96.338570 12.700000 0.000000
vt 107.042856 6.350000 0.000000
vt 107.042856 12.700000 0.000000
vt 117.747141 6.350000 0.000000
vt 117.747141 12.700000 0.000000
vt 128.451427 6.350000 0.000000
vt 128.451427 12.700000 0.000000
vt 139.155712 6.350000 0.000000
vt 139.155712 12.700000 0.000000
vt 149.859998 6.350000 0.000000
vt 149.859998 12.700000 0.000000
vt 21.408571 0.000000 0.000000
vt 32.112857 0.000000 0.000000
vt 42.817142 0.000000 0.000000
vt 53.521428 0.000000 0.000000
vt 64.225713 0.000000 0.000000
vt 74.929999 0.000000 0.000000
vt 85.634284 0.000000 0.000000
vt 96.338570 0.000000 0.000000
vt 107.042856 0.000000 0.000000
vt 117.747141 0.000000 0.000000
vt 128.451427 0.000000 0.000000
vt 139.155712 0.000000 0.000000
vt 149.859998 0.000000 0.000000
vn -0.000000 1.000000 -0.000000
vn -0.000000 1.000000 -0.000000
vn -0.000000 1.000000 -0.000000
vn -0.000000 1.000000 -0.000000
vn -0.000000 1.000000 -0.000000
vn -0.000000 1.000000 -0.000000
vn -0.000000 1.000000 -0.000000
vn -0.000000 1.000000 -0.000000
vn -0.000000 1.000000 -0.000000
vn -0.000000 1.000000 -0.000000
vn -0.000000 1.000000 -0.000000
vn -0.000000 1.000000 -0.000000
vn -0.000000 1.000000 -0.000000
vn -0.000000 1.000000 -0.000000
vn -0.000000 1.000000 -0.000000
vn -0.000000 1.000000 -0.000000
vn -0.000000 1.000000 -0.000000
vn -0.000000 1.000000 -0.000000
vn -0.000000 1.000000 -0.000000
vn -0.000000 1.000000 -0.000000
vn -0.000000 1.000000 -0.000000
vn -0.000000 1.000000 -0.000000
vn -0.000000 1.000000 -0.000000
vn -0.000000 1.000000 -0.000000
vn -0.000000 1.000000 -0.000000
vn -0.000000 1.000000 -0.000000
vn -0.000000 1.000000 -0.000000
vn -0.000000 1.000000 -0.000000
vn -0.000000 1.000000 -0.000000
vn -0.000000 1.000000 -0.000000
vn -0.000000 1.000000 -0.000000
vn -0.000000 1.000000 -0.000000
vn -0.000000 1.000000 -0.000000
vn -0.000000 1.000000 -0.000000
vn -0.000000 1.000000 -0.000000
vn -0.000000 1.000000 -0.000000
vn -0.000000 1.000000 -0.000000
vn -0.000000 1.000000 -0.000000
vn -0.000000 1.000000 -0.000000
vn -0.000000 1.000000 -0.000000
vn -0.000000 1.000000 -0.000000
vn -0.000000 1.000000 -0.000000
vn -0.000000 1.000000 -0.000000
vn -0.000000 1.000000 -0.000000
vn -0.000000 1.000000 -0.000000
vn -1.000000 -0.000000 -0.000000
vn -1.000000 -0.000000 -0.000000
vn -1.000000 -0.000000 -0.000000
vn -1.000000 -0.000000 -0.000000
vn -1.000000 -0.000000 -0.000000
vn -1.000000 -0.000000 -0.000000
vn -1.000000 -0.000000 -0.000000
vn -1.000000 -0.000000 -0.000000
vn -1.000000 -0.000000 -0.000000
vn -1.000000 -0.000000 -0.000000
vn -1.000000 -0.000000 -0.000000
vn -1.000000 -0.000000 -0.000000
vn -1.000000 -0.000000 -0.000000
vn -1.000000 -0.000000 -0.000000
vn -1.000000 -0.000000 -0.000000
vn -1.000000 -0.000000 -0.000000
vn -1.000000 -0.000000 -0.000000
vn -1.000000 -0.000000 -0.000000
vn -1.000000 -0.000000 -0.000000
vn -1.000000 -0.000000 -0.000000
vn -1.000000 -0.000000 -0.000000
vn -1.000000 -0.000000 -0.000000
vn -1.000000 -0.000000 -0.000000
vn -1.000000 -0.000000 -0.000000
vn -1.000000 -0.000000 -0.000000
vn -1.000000 -0.000000 -0.000000
vn -1.000000 -0.000000 -0.000000
vn -1.000000 -0.000000 -0.000000
vn -1.000000 -0.000000 -0.000000
vn -1.000000 -0.000000 -0.000000
vn -1.000000 -0.000000 -0.000000
vn -1.000000 -0.000000 -0.000000
vn -1.000000 -0.000000 -0.000000
vn -1.000000 -0.000000 -0.000000
vn -1.000000 -0.000000 -0.000000
vn -1.000000 -0.000000 -0.000000
vn -1.000000 -0.000000 -0.000000
vn -1.000000 -0.000000 -0.000000
vn -1.000000 -0.000000 -0.000000
vn -1.000000 -0.000000 -0.000000
vn -1.000000 -0.000000 -0.000000
vn -1.000000 -0.000000 -0.000000
vn -1.000000 -0.000000 -0.000000
vn -1.000000 -0.000000 -0.000000
vn -1.000000 -0.000000 -0.000000
vn -1.000000 -0.000000 -0.000000
vn -1.000000 -0.000000 -0.000000
vn -1.000000 -0.000000 -0.000000
vn -1.000000 -0.000000 -0.000000
vn -1.000000 -0.000000 -0.000000
vn -1.000000 -0.000000 -0.000000
vn -1.000000 -0.000000 -0.000000
vn -1.000000 -0.000000 -0.000000
vn -1.000000 -0.000000 -0.000000
vn -1.000000 -0.000000 -0.000000
vn -1.000000 -0.000000 -0.000000
vn -1.000000 -0.000000 -0.000000
vn -1.000000 -0.000000 -0.000000
vn -1.000000 -0.000000 -0.000000
vn -1.000000 -0.000000 -0.000000
vn -1.000000 -0.000000 -0.000000
vn -1.000000 -0.000000 -0.000000
vn -1.000000 -0.000000 -0.000000
vn -1.000000 -0.000000 -0.000000
vn -1.000000 -0.000000 -0.000000
vn -1.000000 -0.000000 -0.000000
vn -1.000000 -0.000000 -0.000000
vn -1.000000 -0.000000 -0.000000
vn -1.000000 -0.000000 -0.000000
vn -1.000000 -0.000000 -0.000000
vn -1.000000 -0.000000 -0.000000
vn -1.000000 -0.000000 -0.000000
vn -1.000000 -0.000000 -0.000000
vn -1.000000 -0.000000 -0.000000
vn -1.000000 -0.000000 -0.000000
vn -1.000000 -0.000000 -0.000000
vn -1.000000 -0.000000 -0.000000
vn -1.000000 -0.000000 -0.000000
vn -1.000000 -0.000000 -0.000000
vn -1.000000 -0.000000 -0.000000
vn -1.000000 -0.000000 -0.000000
vn -1.000000 -0.000000 -0.000000
vn -1.000000 -0.000000 -0.000000
vn -1.000000 -0.000000 -0.000000
vn -1.000000 -0.000000 -0.000000
vn -1.000000 -0.000000 -0.000000
vn -1.000000 -0.000000 -0.000000
vn -1.000000 -0.000000 -0.000000
vn -1.000000 -0.000000 -0.000000
vn -1.000000 -0.000000 -0.000000
vn -1.000000 -0.000000 -0.000000
vn -1.000000 -0.000000 -0.000000
vn -1.000000 -0.000000 -0.000000
vn -1.000000 -0.000000 -0.000000
vn -1.000000 -0.000000 -0.000000
vn -1.000000 -0.000000 -0.000000
vn -1.000000 -0.000000 -0.000000
vn -1.000000 -0.000000 -0.000000
vn -1.000000 -0.000000 -0.000000
vn -1.000000 -0.000000 -0.000000
vn -1.000000 -0.000000 -0.000000
vn -1.000000 -0.000000 -0.000000
vn -1.000000 -0.000000 -0.000000
vn -1.000000 -0.000000 -0.000000
vn -1.000000 -0.000000 -0.000000
vn -1.000000 -0.000000 -0.000000
vn -1.000000 -0.000000 -0.000000
vn -1.000000 -0.000000 -0.000000
vn -1.000000 -0.000000 -0.000000
vn -1.000000 -0.000000 -0.000000
vn -1.000000 -0.000000 -0.000000
vn -1.000000 -0.000000 -0.000000
vn -1.000000 -0.000000 -0.000000
vn -1.000000 -0.000000 -0.000000
vn -1.000000 -0.000000 -0.000000
vn -1.000000 -0.000000 -0.000000
vn -1.000000 -0.000000 -0.000000
vn -1.000000 -0.000000 -0.000000
vn -1.000000 -0.000000 -0.000000
vn -1.000000 -0.000000 -0.000000
vn -1.000000 -0.000000 -0.000000
vn -1.000000 -0.000000 -0.000000
vn -1.000000 -0.000000 -0.000000
vn -1.000000 -0.000000 -0.000000
vn -1.000000 -0.000000 -0.000000
vn -1.000000 -0.000000 -0.000000
vn -1.000000 -0.000000 -0.000000
vn -1.000000 -0.000000 -0.000000
vn -1.000000 -0.000000 -0.000000
vn -1.000000 -0.000000 -0.000000
vn -1.000000 -0.000000 -0.000000
vn -1.000000 -0.000000 -0.000000
vn -1.000000 -0.000000 -0.000000
vn -1.000000 -0.000000 -0.000000
vn -1.000000 -0.000000 -0.000000
vn 0.000000 0.000000 1.000000
vn 0.000000 0.000000 1.000000
vn 0.000000 0.000000 1.000000
vn 0.000000 0.000000 1.000000
vn 0.000000 0.000000 1.000000
vn 0.000000 0.000000 1.000000
vn 0.000000 0.000000 1.000000
vn 0.000000 0.000000 1.000000
vn 0.000000 0.000000 1.000000
vn 0.000000 0.000000 1.000000
vn 0.000000 0.000000 1.000000
vn 0.000000 0.000000 1.000000
vn 0.000000 0.000000 1.000000
vn 0.000000 0.000000 1.000000
vn 0.000000 0.000000 1.000000
vn 0.000000 0.000000 1.000000
vn 0.000000 0.000000 1.000000
vn 0.000000 0.000000 1.000000
vn 0.000000 0.000000 1.000000
vn 0.000000 0.000000 1.000000
vn 0.000000 0.000000 1.000000
vn 0.000000 0.000000 1.000000
vn 0.000000 0.000000 1.000000
vn 0.000000 0.000000 1.000000
vn 0.000000 0.000000 1.000000
vn 0.000000 0.000000 1.000000
vn 0.000000 0.000000 1.000000
vn 0.000000 0.000000 -1.000000
vn 0.000000 0.000000 -1.000000
vn 0.000000 0.000000 -1.000000
vn 0.000000 0.000000 -1.000000
vn 0.000000 0.000000 -1.000000
vn 0.000000 0.000000 -1.000000
vn 0.000000 0.000000 -1.000000
vn 0.000000 0.000000 -1.000000
vn 0.000000 0.000000 -1.000000
vn 0.000000 0.000000 -1.000000
vn 0.000000 0.000000 -1.000000
vn 0.000000 0.000000 -1.000000
vn 0.000000 0.000000 -1.000000
vn 0.000000 0.000000 -1.000000
vn 0.000000 0.000000 -1.000000
vn 0.000000 0.000000 -1.000000
vn 0.000000 0.000000 -1.000000
vn 0.000000 0.000000 -1.000000
vn 0.000000 0.000000 -1.000000
vn 0.000000 0.000000 -1.000000
vn 0.000000 0.000000 -1.000000
vn 0.000000 0.000000 -1.000000
vn 0.000000 0.000000 -1.000000
vn 0.000000 0.000000 -1.000000
vn 0.000000 0.000000 -1.000000
vn 0.000000 0.000000 -1.000000
vn 0.000000 0.000000 -1.000000
vn 1.000000 0.000000 0.000000
vn 1.000000 0.000000 0.000000
vn 1.000000 0.000000 0.000000
vn 1.000000 0.000000 0.000000
vn 1.000000 0.000000 0.000000
vn 1.000000 0.000000 0.000000
vn 1.000000 0.000000 0.000000
vn 1.000000 0.000000 0.000000
vn 1.000000 0.000000 0.000000
vn 1.000000 0.000000 0.000000
vn 1.000000 0.000000 0.000000
vn 1.000000 0.000000 0.000000
vn 1.000000 0.000000 0.000000
vn 1.000000 0.000000 0.000000
vn 1.000000 0.000000 0.000000
vn 1.000000 0.000000 0.000000
vn 1.000000 0.000000 0.000000
vn 1.000000 0.000000 0.000000
vn 1.000000 0.000000 0.000000
vn 1.000000 0.000000 0.000000
vn 1.000000 0.000000 0.000000
vn 1.000000 0.000000 0.000000
vn 1.000000 0.000000 0.000000
vn 1.000000 0.000000 0.000000
vn 1.000000 0.000000 0.000000
vn 1.000000 0.000000 0.000000
vn 1.000000 0.000000 0.000000
vn 1.000000 0.000000 0.000000
vn 1.000000 0.000000 0.000000
vn 1.000000 0.000000 0.000000
vn 1.000000 0.000000 0.000000
vn 1.000000 0.000000 0.000000
vn 1.000000 0.000000 0.000000
vn 1.000000 0.000000 0.000000
vn 1.000000 0.000000 0.000000
vn 1.000000 0.000000 0.000000
vn 1.000000 0.000000 0.000000
vn 1.000000 0.000000 0.000000
vn 1.000000 0.000000 0.000000
vn 1.000000 0.000000 0.000000
vn 1.000000 0.000000 0.000000
vn 1.000000 0.000000 0.000000
vn 1.000000 0.000000 0.000000
vn 1.000000 0.000000 0.000000
vn 1.000000 0.000000 0.000000
vn 1.000000 0.000000 0.000000
vn 1.000000 0.000000 0.000000
vn 1.000000 0.000000 0.000000
vn 1.000000 0.000000 0.000000
vn 1.000000 0.000000 0.000000
vn 1.000000 0.000000 0.000000
vn 1.000000 0.000000 0.000000
vn 1.000000 0.000000 0.000000
vn 1.000000 0.000000 0.000000
vn 1.000000 0.000000 0.000000
vn 1.000000 0.000000 0.000000
vn 1.000000 0.000000 0.000000
vn 1.000000 0.000000 0.000000
vn 1.000000 0.000000 0.000000
vn 1.000000 0.000000 0.000000
vn 1.000000 0.000000 0.000000
vn 1.000000 0.000000 0.000000
vn 1.000000 0.000000 0.000000
vn 1.000000 0.000000 0.000000
vn 1.000000 0.000000 0.000000
vn 1.000000 0.000000 0.000000
vn 1.000000 0.000000 0.000000
vn 1.000000 0.000000 0.000000
vn 1.000000 0.000000 0.000000
vn 1.000000 0.000000 0.000000
vn 1.000000 0.000000 0.000000
vn 1.000000 0.000000 0.000000
vn 1.000000 0.000000 0.000000
vn 1.000000 0.000000 0.000000
vn 1.000000 0.000000 0.000000
vn 1.000000 0.000000 0.000000
vn 1.000000 0.000000 0.000000
vn 1.000000 0.000000 0.000000
vn 1.000000 0.000000 0.000000
vn 1.000000 0.000000 0.000000
vn 1.000000 0.000000 0.000000
vn 1.000000 0.000000 0.000000
vn 1.000000 0.000000 0.000000
vn 1.000000 0.000000 0.000000
vn 1.000000 0.000000 0.000000
vn 1.000000 0.000000 0.000000
vn 1.000000 0.000000 0.000000
vn 1.000000 0.000000 0.000000
vn 1.000000 0.000000 0.000000
vn 1.000000 0.000000 0.000000
vn 1.000000 0.000000 0.000000
vn 1.000000 0.000000 0.000000
vn 1.000000 0.000000 0.000000
vn 1.000000 0.000000 0.000000
vn 1.000000 0.000000 0.000000
vn 1.000000 0.000000 0.000000
vn 1.000000 0.000000 0.000000
vn 1.000000 0.000000 0.000000
vn 1.000000 0.000000 0.000000
vn 1.000000 0.000000 0.000000
vn 1.000000 0.000000 0.000000
vn 1.000000 0.000000 0.000000
vn 1.000000 0.000000 0.000000
vn 1.000000 0.000000 0.000000
vn 1.000000 0.000000 0.000000
vn 1.000000 0.000000 0.000000
vn 1.000000 0.000000 0.000000
vn 1.000000 0.000000 0.000000
vn 1.000000 0.000000 0.000000
vn 1.000000 0.000000 0.000000
vn 1.000000 0.000000 0.000000
vn 1.000000 0.000000 0.000000
vn 1.000000 0.000000 0.000000
vn 1.000000 0.000000 0.000000
vn 1.000000 0.000000 0.000000
vn 1.000000 0.000000 0.000000
vn 1.000000 0.000000 0.000000
vn 1.000000 0.000000 0.000000
vn 1.000000 0.000000 0.000000
vn 1.000000 0.000000 0.000000
vn 1.000000 0.000000 0.000000
vn 1.000000 0.000000 0.000000
vn 1.000000 0.000000 0.000000
vn 1.000000 0.000000 0.000000
vn 1.000000 0.000000 0.000000
vn 1.000000 0.000000 0.000000
vn 1.000000 0.000000 0.000000
vn 1.000000 0.000000 0.000000
vn 1.000000 0.000000 0.000000
vn 1.000000 0.000000 0.000000
vn 1.000000 0.000000 0.000000
vn 1.000000 0.000000 0.000000
vn 1.000000 0.000000 0.000000
vn 1.000000 0.000000 0.000000
vn 1.000000 0.000000 0.000000
vn 0.000000 -1.000000 0.000000
vn 0.000000 -1.000000 0.000000
vn 0.000000 -1.000000 0.000000
vn 0.000000 -1.000000 0.000000
vn 0.000000 -1.000000 0.000000
vn 0.000000 -1.000000 0.000000
vn 0.000000 -1.000000 0.000000
vn 0.000000 -1.000000 0.000000
vn 0.000000 -1.000000 0.000000
vn 0.000000 -1.000000 0.000000
vn 0.000000 -1.000000 0.000000
vn 0.000000 -1.000000 0.000000
vn 0.000000 -1.000000 0.000000
vn 0.000000 -1.000000 0.000000
vn 0.000000 -1.000000 0.000000
vn 0.000000 -1.000000 0.000000
vn 0.000000 -1.000000 0.000000
vn 0.000000 -1.000000 0.000000
vn 0.000000 -1.000000 0.000000
vn 0.000000 -1.000000 0.000000
vn 0.000000 -1.000000 0.000000
vn 0.000000 -1.000000 0.000000
vn 0.000000 -1.000000 0.000000
vn 0.000000 -1.000000 0.000000
vn 0.000000 -1.000000 0.000000
vn 0.000000 -1.000000 0.000000
vn 0.000000 -1.000000 0.000000
vn 0.000000 -1.000000 0.000000
vn 0.000000 -1.000000 0.000000
vn 0.000000 -1.000000 0.000000
vn 0.000000 -1.000000 0.000000
vn 0.000000 -1.000000 0.000000
vn 0.000000 -1.000000 0.000000
vn 0.000000 -1.000000 0.000000
vn 0.000000 -1.000000 0.000000
vn 0.000000 -1.000000 0.000000
vn 0.000000 -1.000000 0.000000
vn 0.000000 -1.000000 0.000000
vn 0.000000 -1.000000 0.000000
vn 0.000000 -1.000000 0.000000
vn 0.000000 -1.000000 0.000000
vn 0.000000 -1.000000 0.000000
vn 0.000000 -1.000000 0.000000
vn 0.000000 -1.000000 0.000000
vn 0.000000 -1.000000 0.000000
f 1485/2165/2165 1486/2166/2166 1516/2167/2167
f 1516/2167/2167 1486/2166/2166 1529/2168/2168
f 1516/2167/2167 1529/2168/2168 1515/2169/2169
f 1515/2169/2169 1529/2168/2168 1514/2170/2170
f 1514/2170/2170 1529/2168/2168 1528/2171/2171
f 1514/2170/2170 1528/2171/2171 1513/2172/2172
f 1513/2172/2172 1528/2171/2171 1527/2173/2173
f 1513/2172/2172 1527/2173/2173 1512/2174/2174
f 1512/2174/2174 1527/2173/2173 1526/2175/2175
f 1512/2174/2174 1526/2175/2175 1511/2176/2176
f 1511/2176/2176 1526/2175/2175 1525/2177/2177
f 1511/2176/2176 1525/2177/2177 1510/2178/2178
f 1510/2178/2178 1525/2177/2177 1524/2179/2179
f 1510/2178/2178 1524/2179/2179 1509/2180/2180
f 1509/2180/2180 1524/2179/2179 1523/2181/2181
f 1509/2180/2180 1523/2181/2181 1508/2182/2182
f 1508/2182/2182 1523/2181/2181 1522/2183/2183
f 1508/2182/2182 1522/2183/2183 1507/2184/2184
f 1507/2184/2184 1522/2183/2183 1521/2185/2185
f 1507/2184/2184 1521/2185/2185 1506/2186/2186
f 1506/2186/2186 1521/2185/2185 1520/2187/2187
f 1506/2186/2186 1520/2187/2187 1505/2188/2188
f 1505/2188/2188 1520/2187/2187 1519/2189/2189
f 1505/2188/2188 1519/2189/2189 1504/2190/2190
f 1504/2190/2190 1519/2189/2189 1518/2191/2191
f 1504/2190/2190 1518/2191/2191 1503/2192/2192
f 1503/2192/2192 1518/2191/2191 1517/2193/2193
f 1503/2192/2192 1517/2193/2193 1502/2194/2194
f 1502/2194/2194 1517/2193/2193 1500/2195/2195
f 1502/2194/2194 1500/2195/2195 1501/2196/2196
f 1486/2166/2166 1487/2197/2197 1529/2168/2168
f 1529/2168/2168 1487/2197/2197 1528/2171/2171
f 1487/2197/2197 1488/2198/2198 1528/2171/2171
f 1528/2171/2171 1488/2198/2198 1527/2173/2173
f 1488/2198/2198 1489/2199/2199 1527/2173/2173
f 1527/2173/2173 1489/2199/2199 1526/2175/2175
f 1489/2199/2199 1490/2200/2200 1526/2175/2175
f 1526/2175/2175 1490/2200/2200 1525/2177/2177
f 1490/2200/2200 1491/2201/2201 1525/2177/2177
f 1525/2177/2177 1491/2201/2201 1524/2179/2179
f 1491/2201/2201 1492/2202/2202 1524/2179/2179
f 1524/2179/2179 1492/2202/2202 1523/2181/2181
f 1492/2202/2202 1493/2203/2203 1523/2181/2181
f 1523/2181/2181 1493/2203/2203 1522/2183/2183
f 1493/2203/2203 1494/2204/2204 1522/2183/2183
f 1522/2183/2183 1494/2204/2204 1521/2185/2185
f 1494/2204/2204 1495/2205/2205 1521/2185/2185
f 1521/2185/2185 1495/2205/2205 1520/2187/2187
f 1495/2205/2205 1496/2206/2206 1520/2187/2187
f 1520/2187/2187 1496/2206/2206 1519/2189/2189
f 1496/2206/2206 1497/2207/2207 1519/2189/2189
f 1519/2189/2189 1497/2207/2207 1518/2191/2191
f 1497/2207/2207 1498/2208/2208 1518/2191/2191
f 1518/2191/2191 1498/2208/2208 1517/2193/2193
f 1498/2208/2208 1499/2209/2209 1517/2193/2193
f 1517/2193/2193 1499/2209/2209 1500/2195/2195
f 1515/2210/2210 1514/2211/2211 1558/2212/2212
f 1558/2212/2212 1514/2211/2211 1571/2213/2213
f 1558/2212/2212 1571/2213/2213 1557/2214/2214
f 1557/2214/2214 1571/2213/2213 1584/2215/2215
f 1557/2214/2214 1584/2215/2215 1556/2216/2216
f 1556/2216/2216 1584/2215/2215 1597/2217/2217
f 1556/2216/2216 1597/2217/2217 1555/2218/2218
f 1555/2218/2218 1597/2217/2217 1610/2219/2219
f 1555/2218/2218 1610/2219/2219 1554/2220/2220
f 1554/2220/2220 1610/2219/2219 1623/2221/2221
f 1554/2220/2220 1623/2221/2221 1553/2222/2222
f 1553/2222/2222 1623/2221/2221 1636/2223/2223
f 1553/2222/2222 1636/2223/2223 1552/2224/2224
f 1552/2224/2224 1636/2223/2223 1649/2225/2225
f 1552/2224/2224 1649/2225/2225 1551/2226/2226
f 1551/2226/2226 1649/2225/2225 1550/2227/2227
f 1550/2227/2227 1649/2225/2225 1648/2228/2228
f 1550/2227/2227 1648/2228/2228 1549/2229/2229
f 1549/2229/2229 1648/2228/2228 1647/2230/2230
f 1549/2229/2229 1647/2230/2230 1548/2231/2231
f 1548/2231/2231 1647/2230/2230 1646/2232/2232
f 1548/2231/2231 1646/2232/2232 1547/2233/2233
f 1547/2233/2233 1646/2232/2232 1645/2234/2234
f 1547/2233/2233 1645/2234/2234 1546/2235/2235
f 1546/2235/2235 1645/2234/2234 1644/2236/2236
f 1546/2235/2235 1644/2236/2236 1545/2237/2237
f 1545/2237/2237 1644/2236/2236 1643/2238/2238
f 1545/2237/2237 1643/2238/2238 1544/2239/2239
f 1544/2239/2239 1643/2238/2238 1642/2240/2240
f 1544/2239/2239 1642/2240/2240 1543/2241/2241
f 1543/2241/2241 1642/2240/2240 1641/2242/2242
f 1543/2241/2241 1641/2242/2242 1542/2243/2243
f 1542/2243/2243 1641/2242/2242 1640/2244/2244
f 1542/2243/2243 1640/2244/2244 1541/2245/2245
f 1541/2245/2245 1640/2244/2244 1639/2246/2246
f 1541/2245/2245 1639/2246/2246 1540/2247/2247
f 1540/2247/2247 1639/2246/2246 1638/2248/2248
f 1540/2247/2247 1638/2248/2248 1539/2249/2249
f 1539/2249/2249 1638/2248/2248 1637/2250/2250
f 1539/2249/2249 1637/2250/2250 1538/2251/2251
f 1538/2251/2251 1637/2250/2250 1536/2252/2252
f 1538/2251/2251 1536/2252/2252 1537/2253/2253
f 1514/2211/2211 1513/2254/2254 1571/2213/2213
f 1571/2213/2213 1513/2254/2254 1570/2255/2255
f 1571/2213/2213 1570/2255/2255 1584/2215/2215
f 1584/2215/2215 1570/2255/2255 1583/2256/2256
f 1584/2215/2215 1583/2256/2256 1597/2217/2217
f 1597/2217/2217 1583/2256/2256 1596/2257/2257
f 1597/2217/2217 1596/2257/2257 1610/2219/2219
f 1610/2219/2219 1596/2257/2257 1609/2258/2258
f 1610/2219/2219 1609/2258/2258 1623/2221/2221
f 1623/2221/2221 1609/2258/2258 1622/2259/2259
f 1623/2221/2221 1622/2259/2259 1636/2223/2223
f 1636/2223/2223 1622/2259/2259 1635/2260/2260
f 1636/2223/2223 1635/2260/2260 1649/2225/2225
f 1649/2225/2225 1635/2260/2260 1648/2228/2228
f 1513/2254/2254 1512/2261/2261 1570/2255/2255
f 1570/2255/2255 1512/2261/2261 1569/2262/2262
f 1570/2255/2255 1569/2262/2262 1583/2256/2256
f 1583/2256/2256 1569/2262/2262 1582/2263/2263
f 1583/2256/2256 1582/2263/2263 1596/2257/2257
f 1596/2257/2257 1582/2263/2263 1595/2264/2264
f 1596/2257/2257 1595/2264/2264 1609/2258/2258
f 1609/2258/2258 1595/2264/2264 1608/2265/2265
f 1609/2258/2258 1608/2265/2265 1622/2259/2259
f 1622/2259/2259 1608/2265/2265 1621/2266/2266
f 1622/2259/2259 1621/2266/2266 1635/2260/2260
f 1635/2260/2260 1621/2266/2266 1634/2267/2267
f 1635/2260/2260 1634/2267/2267 1648/2228/2228
f 1648/2228/2228 1634/2267/2267 1647/2230/2230
f 1512/2261/2261 1511/2268/2268 1569/2262/2262
f 1569/2262/2262 1511/2268/2268 1568/2269/2269
f 1569/2262/2262 1568/2269/2269 1582/2263/2263
f 1582/2263/2263 1568/2269/2269 1581/2270/2270
f 1582/2263/2263 1581/2270/2270 1595/2264/2264
f 1595/2264/2264 1581/2270/2270 1594/2271/2271
f 1595/2264/2264 1594/2271/2271 1608/2265/2265
f 1608/2265/2265 1594/2271/2271 1607/2272/2272
f 1608/2265/2265 1607/2272/2272 1621/2266/2266
f 1621/2266/2266 1607/2272/2272 1620/2273/2273
f 1621/2266/2266 1620/2273/2273 1634/2267/2267
f 1634/2267/2267 1620/2273/2273 1633/2274/2274
f 1634/2267/2267 1633/2274/2274 1647/2230/2230
f 1647/2230/2230 1633/2274/2274 1646/2232/2232
f 1511/2268/2268 1510/2275/2275 1568/2269/2269
f 1568/2269/2269 1510/2275/2275 1567/2276/2276
f 1568/2269/2269 1567/2276/2276 1581/2270/2270
f 1581/2270/2270 1567/2276/2276 1580/2277/2277
f 1581/2270/2270 1580/2277/2277 1594/2271/2271
f 1594/2271/2271 1580/2277/2277 1593/2278/2278
f 1594/2271/2271 1593/2278/2278 1607/2272/2272
f 1607/2272/2272 1593/2278/2278 1606/2279/2279
f 1607/2272/2272 1606/2279/2279 1620/2273/2273
f 1620/2273/2273 1606/2279/2279 1619/2280/2280
f 1620/2273/2273 1619/2280/2280 1633/2274/2274
f 1633/2274/2274 1619/2280/2280 1632/2281/2281
f 1633/2274/2274 1632/2281/2281 1646/2232/2232
f 1646/2232/2232 1632/2281/2281 1645/2234/2234
f 1510/2275/2275 1509/2282/2282 1567/2276/2276
f 1567/2276/2276 1509/2282/2282 1566/2283/2283
f 1567/2276/2276 1566/2283/2283 1580/2277/2277
f 1580/2277/2277 1566/2283/2283 1579/2284/2284
f 1580/2277/2277 1579/2284/2284 1593/2278/2278
f 1593/2278/2278 1579/2284/2284 1592/2285/2285
f 1593/2278/2278 1592/2285/2285 1606/2279/2279
f 1606/2279/2279 1592/2285/2285 1605/2286/2286
f 1606/2279/2279 1605/2286/2286 1619/2280/2280
f 1619/2280/2280 1605/2286/2286 1618/2287/2287
f 1619/2280/2280 1618/2287/2287 1632/2281/2281
f 1632/2281/2281 1618/2287/2287 1631/2288/2288
f 1632/2281/2281 1631/2288/2288 1645/2234/2234
f 1645/2234/2234 1631/2288/2288 1644/2236/2236
f 1509/2282/2282 1508/2289/2289 1566/2283/2283
f 1566/2283/2283 1508/2289/2289 1565/2290/2290
f 1566/2283/2283 1565/2290/2290 1579/2284/2284
f 1579/2284/2284 1565/2290/2290 1578/2291/2291
f 1579/2284/2284 1578/2291/2291 1592/2285/2285
f 1592/2285/2285 1578/2291/2291 1591/2292/2292
f 1592/2285/2285 1591/2292/2292 1605/2286/2286
f 1605/2286/2286 1591/2292/2292 1604/2293/2293
f 1605/2286/2286 1604/2293/2293 1618/2287/2287
f 1618/2287/2287 1604/2293/2293 1617/2294/2294
f 1618/2287/2287 1617/2294/2294 1631/2288/2288
f 1631/2288/2288 1617/2294/2294 1630/2295/2295
f 1631/2288/2288 1630/2295/2295 1644/2236/2236
f 1644/2236/2236 1630/2295/2295 1643/2238/2238
f 1508/2289/2289 1507/2296/2296 1565/2290/2290
f 1565/2290/2290 1507/2296/2296 1564/2297/2297
f 1565/2290/2290 1564/2297/2297 1578/2291/2291
f 1578/2291/2291 1564/2297/2297 1577/2298/2298
f 1578/2291/2291 1577/2298/2298 1591/2292/2292
f 1591/2292/2292 1577/2298/2298 1590/2299/2299
f 1591/2292/2292 1590/2299/2299 1604/2293/2293
f 1604/2293/2293 1590/2299/2299 1603/2300/2300
f 1604/2293/2293 1603/2300/2300 1617/2294/2294
f 1617/2294/2294 1603/2300/2300 1616/2301/2301
f 1617/2294/2294 1616/2301/2301 1630/2295/2295
f 1630/2295/2295 1616/2301/2301 1629/2302/2302
f 1630/2295/2295 1629/2302/2302 1643/2238/2238
f 1643/2238/2238 1629/2302/2302 1642/2240/2240
f 1507/2296/2296 1506/2303/2303 1564/2297/2297
f 1564/2297/2297 1506/2303/2303 1563/2304/2304
f 1564/2297/2297 1563/2304/2304 1577/2298/2298
f 1577/2298/2298 1563/2304/2304 1576/2305/2305
f 1577/2298/2298 1576/2305/2305 1590/2299/2299
f 1590/2299/2299 1576/2305/2305 1589/2306/2306
f 1590/2299/2299 1589/2306/2306 1603/2300/2300
f 1603/2300/2300 1589/2306/2306 1602/2307/2307
f 1603/2300/2300 1602/2307/2307 1616/2301/2301
f 1616/2301/2301 1602/2307/2307 1615/2308/2308
f 1616/2301/2301 1615/2308/2308 1629/2302/2302
f 1629/2302/2302 1615/2308/2308 1628/2309/2309
f 1629/2302/2302 1628/2309/2309 1642/2240/2240
f 1642/2240/2240 1628/2309/2309 1641/2242/2242
f 1506/2303/2303 1505/2310/2310 1563/2304/2304
f 1563/2304/2304 1505/2310/2310 1562/2311/2311
f 1563/2304/2304 1562/2311/2311 1576/2305/2305
f 1576/2305/2305 1562/2311/2311 1575/2312/2312
f 1576/2305/2305 1575/2312/2312 1589/2306/2306
f 1589/2306/2306 1575/2312/2312 1588/2313/2313
f 1589/2306/2306 1588/2313/2313 1602/2307/2307
f 1602/2307/2307 1588/2313/2313 1601/2314/2314
f 1602/2307/2307 1601/2314/2314 1615/2308/2308
f 1615/2308/2308 1601/2314/2314 1614/2315/2315
f 1615/2308/2308 1614/2315/2315 1628/2309/2309
f 1628/2309/2309 1614/2315/2315 1627/2316/2316
f 1628/2309/2309 1627/2316/2316 1641/2242/2242
f 1641/2242/2242 1627/2316/2316 1640/2244/2244
f 1505/2310/2310 1504/2317/2317 1562/2311/2311
f 1562/2311/2311 1504/2317/2317 1561/2318/2318
f 1562/2311/2311 1561/2318/2318 1575/2312/2312
f 1575/2312/2312 1561/2318/2318 1574/2319/2319
f 1575/2312/2312 1574/2319/2319 1588/2313/2313
f 1588/2313/2313 1574/2319/2319 1587/2320/2320
f 1588/2313/2313 1587/2320/2320 1601/2314/2314
f 1601/2314/2314 1587/2320/2320 1600/2321/2321
f 1601/2314/2314 1600/2321/2321 1614/2315/2315
f 1614/2315/2315 1600/2321/2321 1613/2322/2322
f 1614/2315/2315 1613/2322/2322 1627/2316/2316
f 1627/2316/2316 1613/2322/2322 1626/2323/2323
f 1627/2316/2316 1626/2323/2323 1640/2244/2244
f 1640/2244/2244 1626/2323/2323 1639/2246/2246
f 1504/2317/2317 1503/2324/2324 1561/2318/2318
f 1561/2318/2318 1503/2324/2324 1560/2325/2325
f 1561/2318/2318 1560/2325/2325 1574/2319/2319
f 1574/2319/2319 1560/2325/2325 1573/2326/2326
f 1574/2319/2319 1573/2326/2326 1587/2320/2320
f 1587/2320/2320 1573/2326/2326 1586/2327/2327
f 1587/2320/2320 1586/2327/2327 1600/2321/2321
f 1600/2321/2321 1586/2327/2327 1599/2328/2328
f 1600/2321/2321 1599/2328/2328 1613/2322/2322
f 1613/2322/2322 1599/2328/2328 1612/2329/2329
f 1613/2322/2322 1612/2329/2329 1626/2323/2323
f 1626/2323/2323 1612/2329/2329 1625/2330/2330
f 1626/2323/2323 1625/2330/2330 1639/2246/2246
f 1639/2246/2246 1625/2330/2330 1638/2248/2248
f 1503/2324/2324 1502/2331/2331 1560/2325/2325
f 1560/2325/2325 1502/2331/2331 1559/2332/2332
f 1560/2325/2325 1559/2332/2332 1573/2326/2326
f 1573/2326/2326 1559/2332/2332 1572/2333/2333
f 1573/2326/2326 1572/2333/2333 1586/2327/2327
f 1586/2327/2327 1572/2333/2333 1585/2334/2334
f 1586/2327/2327 1585/2334/2334 1599/2328/2328
f 1599/2328/2328 1585/2334/2334 1598/2335/2335
f 1599/2328/2328 1598/2335/2335 1612/2329/2329
f 1612/2329/2329 1598/2335/2335 1611/2336/2336
f 1612/2329/2329 1611/2336/2336 1625/2330/2330
f 1625/2330/2330 1611/2336/2336 1624/2337/2337
f 1625/2330/2330 1624/2337/2337 1638/2248/2248
f 1638/2248/2248 1624/2337/2337 1637/2250/2250
f 1502/2331/2331 1501/2338/2338 1559/2332/2332
f 1559/2332/2332 1501/2338/2338 1530/2339/2339
f 1559/2332/2332 1530/2339/2339 1572/2333/2333
f 1572/2333/2333 1530/2339/2339 1531/2340/2340
f 1572/2333/2333 1531/2340/2340 1585/2334/2334
f 1585/2334/2334 1531/2340/2340 1532/2341/2341
f 1585/2334/2334 1532/2341/2341 1598/2335/2335
f 1598/2335/2335 1532/2341/2341 1533/2342/2342
f 1598/2335/2335 1533/2342/2342 1611/2336/2336
f 1611/2336/2336 1533/2342/2342 1534/2343/2343
f 1611/2336/2336 1534/2343/2343 1624/2337/2337
f 1624/2337/2337 1534/2343/2343 1535/2344/2344
f 1624/2337/2337 1535/2344/2344 1637/2250/2250
f 1637/2250/2250 1535/2344/2344 1536/2252/2252
f 1658/2345/2345 1485/2346/2346 1659/2347/2347
f 1659/2347/2347 1485/2346/2346 1516/2348/2348
f 1659/2347/2347 1516/2348/2348 1558/2349/2349
f 1558/2349/2349 1516/2348/2348 1515/2350/2350
f 1558/2349/2349 1557/2351/2351 1659/2347/2347
f 1659/2347/2347 1557/2351/2351 1660/2352/2352
f 1659/2347/2347 1660/2352/2352 1658/2345/2345
f 1658/2345/2345 1660/2352/2352 1657/2353/2353
f 1657/2353/2353 1660/2352/2352 1661/2354/2354
f 1657/2353/2353 1661/2354/2354 1656/2355/2355
f 1656/2355/2355 1661/2354/2354 1662/2356/2356
f 1656/2355/2355 1662/2356/2356 1655/2357/2357
f 1655/2357/2357 1662/2356/2356 1663/2358/2358
f 1655/2357/2357 1663/2358/2358 1654/2359/2359
f 1654/2359/2359 1663/2358/2358 1664/2360/2360
f 1654/2359/2359 1664/2360/2360 1653/2361/2361
f 1653/2361/2361 1664/2360/2360 1665/2362/2362
f 1653/2361/2361 1665/2362/2362 1652/2363/2363
f 1652/2363/2363 1665/2362/2362 1650/2364/2364
f 1652/2363/2363 1650/2364/2364 1651/2365/2365
f 1557/2351/2351 1556/2366/2366 1660/2352/2352
f 1660/2352/2352 1556/2366/2366 1661/2354/2354
f 1556/2366/2366 1555/2367/2367 1661/2354/2354
f 1661/2354/2354 1555/2367/2367 1662/2356/2356
f 1555/2367/2367 1554/2368/2368 1662/2356/2356
f 1662/2356/2356 1554/2368/2368 1663/2358/2358
f 1554/2368/2368 1553/2369/2369 1663/2358/2358
f 1663/2358/2358 1553/2369/2369 1664/2360/2360
f 1553/2369/2369 1552/2370/2370 1664/2360/2360
f 1664/2360/2360 1552/2370/2370 1665/2362/2362
f 1552/2370/2370 1551/2371/2371 1665/2362/2362
f 1665/2362/2362 1551/2371/2371 1650/2364/2364
f 1530/2372/2372 1501/2373/2373 1675/2374/2374
f 1675/2374/2374 1501/2373/2373 1500/2375/2375
f 1675/2374/2374 1500/2375/2375 1666/2376/2376
f 1666/2376/2376 1500/2375/2375 1499/2377/2377
f 1666/2376/2376 1667/2378/2378 1675/2374/2374
f 1675/2374/2374 1667/2378/2378 1676/2379/2379
f 1675/2374/2374 1676/2379/2379 1530/2372/2372
f 1530/2372/2372 1676/2379/2379 1531/2380/2380
f 1531/2380/2380 1676/2379/2379 1677/2381/2381
f 1531/2380/2380 1677/2381/2381 1532/2382/2382
f 1532/2382/2382 1677/2381/2381 1678/2383/2383
f 1532/2382/2382 1678/2383/2383 1533/2384/2384
f 1533/2384/2384 1678/2383/2383 1679/2385/2385
f 1533/2384/2384 1679/2385/2385 1534/2386/2386
f 1534/2386/2386 1679/2385/2385 1680/2387/2387
f 1534/2386/2386 1680/2387/2387 1535/2388/2388
f 1535/2388/2388 1680/2387/2387 1681/2389/2389
f 1535/2388/2388 1681/2389/2389 1536/2390/2390
f 1536/2390/2390 1681/2389/2389 1674/2391/2391
f 1536/2390/2390 1674/2391/2391 1537/2392/2392
f 1667/2378/2378 1668/2393/2393 1676/2379/2379
f 1676/2379/2379 1668/2393/2393 1677/2381/2381
f 1668/2393/2393 1669/2394/2394 1677/2381/2381
f 1677/2381/2381 1669/2394/2394 1678/2383/2383
f 1669/2394/2394 1670/2395/2395 1678/2383/2383
f 1678/2383/2383 1670/2395/2395 1679/2385/2385
f 1670/2395/2395 1671/2396/2396 1679/2385/2385
f 1679/2385/2385 1671/2396/2396 1680/2387/2387
f 1671/2396/2396 1672/2397/2397 1680/2387/2387
f 1680/2387/2387 1672/2397/2397 1681/2389/2389
f 1672/2397/2397 1673/2398/2398 1681/2389/2389
f 1681/2389/2389 1673/2398/2398 1674/2391/2391
f 1499/2399/2399 1498/2400/2400 1666/2401/2401
f 1666/2401/2401 1498/2400/2400 1707/2402/2402
f 1666/2401/2401 1707/2402/2402 1667/2403/2403
f 1667/2403/2403 1707/2402/2402 1720/2404/2404
f 1667/2403/2403 1720/2404/2404 1668/2405/2405
f 1668/2405/2405 1720/2404/2404 1733/2406/2406
f 1668/2405/2405 1733/2406/2406 1669/2407/2407
f 1669/2407/2407 1733/2406/2406 1746/2408/2408
f 1669/2407/2407 1746/2408/2408 1670/2409/2409
f 1670/2409/2409 1746/2408/2408 1759/2410/2410
f 1670/2409/2409 1759/2410/2410 1671/2411/2411
f 1671/2411/2411 1759/2410/2410 1772/2412/2412
f 1671/2411/2411 1772/2412/2412 1672/2413/2413
f 1672/2413/2413 1772/2412/2412 1785/2414/2414
f 1672/2413/2413 1785/2414/2414 1673/2415/2415
f 1673/2415/2415 1785/2414/2414 1694/2416/2416
f 1694/2416/2416 1785/2414/2414 1784/2417/2417
f 1694/2416/2416 1784/2417/2417 1693/2418/2418
f 1693/2418/2418 1784/2417/2417 1783/2419/2419
f 1693/2418/2418 1783/2419/2419 1692/2420/2420
f 1692/2420/2420 1783/2419/2419 1782/2421/2421
f 1692/2420/2420 1782/2421/2421 1691/2422/2422
f 1691/2422/2422 1782/2421/2421 1781/2423/2423
f 1691/2422/2422 1781/2423/2423 1690/2424/2424
f 1690/2424/2424 1781/2423/2423 1780/2425/2425
f 1690/2424/2424 1780/2425/2425 1689/2426/2426
f 1689/2426/2426 1780/2425/2425 1779/2427/2427
f 1689/2426/2426 1779/2427/2427 1688/2428/2428
f 1688/2428/2428 1779/2427/2427 1778/2429/2429
f 1688/2428/2428 1778/2429/2429 1687/2430/2430
f 1687/2430/2430 1778/2429/2429 1777/2431/2431
f 1687/2430/2430 1777/2431/2431 1686/2432/2432
f 1686/2432/2432 1777/2431/2431 1776/2433/2433
f 1686/2432/2432 1776/2433/2433 1685/2434/2434
f 1685/2434/2434 1776/2433/2433 1775/2435/2435
f 1685/2434/2434 1775/2435/2435 1684/2436/2436
f 1684/2436/2436 1775/2435/2435 1774/2437/2437
f 1684/2436/2436 1774/2437/2437 1683/2438/2438
f 1683/2438/2438 1774/2437/2437 1773/2439/2439
f 1683/2438/2438 1773/2439/2439 1682/2440/2440
f 1682/2440/2440 1773/2439/2439 1652/2441/2441
f 1682/2440/2440 1652/2441/2441 1651/2442/2442
f 1498/2400/2400 1497/2443/2443 1707/2402/2402
f 1707/2402/2402 1497/2443/2443 1706/2444/2444
f 1707/2402/2402 1706/2444/2444 1720/2404/2404
f 1720/2404/2404 1706/2444/2444 1719/2445/2445
f 1720/2404/2404 1719/2445/2445 1733/2406/2406
f 1733/2406/2406 1719/2445/2445 1732/2446/2446
f 1733/2406/2406 1732/2446/2446 1746/2408/2408
f 1746/2408/2408 1732/2446/2446 1745/2447/2447
f 1746/2408/2408 1745/2447/2447 1759/2410/2410
f 1759/2410/2410 1745/2447/2447 1758/2448/2448
f 1759/2410/2410 1758/2448/2448 1772/2412/2412
f 1772/2412/2412 1758/2448/2448 1771/2449/2449
f 1772/2412/2412 1771/2449/2449 1785/2414/2414
f 1785/2414/2414 1771/2449/2449 1784/2417/2417
f 1497/2443/2443 1496/2450/2450 1706/2444/2444
f 1706/2444/2444 1496/2450/2450 1705/2451/2451
f 1706/2444/2444 1705/2451/2451 1719/2445/2445
f 1719/2445/2445 1705/2451/2451 1718/2452/2452
f 1719/2445/2445 1718/2452/2452 1732/2446/2446
f 1732/2446/2446 1718/2452/2452 1731/2453/2453
f 1732/2446/2446 1731/2453/2453 1745/2447/2447
f 1745/2447/2447 1731/2453/2453 1744/2454/2454
f 1745/2447/2447 1744/2454/2454 1758/2448/2448
f 1758/2448/2448 1744/2454/2454 1757/2455/2455
f 1758/2448/2448 1757/2455/2455 1771/2449/2449
f 1771/2449/2449 1757/2455/2455 1770/2456/2456
f 1771/2449/2449 1770/2456/2456 1784/2417/2417
f 1784/2417/2417 1770/2456/2456 1783/2419/2419
f 1496/2450/2450 1495/2457/2457 1705/2451/2451
f 1705/2451/2451 1495/2457/2457 1704/2458/2458
f 1705/2451/2451 1704/2458/2458 1718/2452/2452
f 1718/2452/2452 1704/2458/2458 1717/2459/2459
f 1718/2452/2452 1717/2459/2459 1731/2453/2453
f 1731/2453/2453 1717/2459/2459 1730/2460/2460
f 1731/2453/2453 1730/2460/2460 1744/2454/2454
f 1744/2454/2454 1730/2460/2460 1743/2461/2461
f 1744/2454/2454 1743/2461/2461 1757/2455/2455
f 1757/2455/2455 1743/2461/2461 1756/2462/2462
f 1757/2455/2455 1756/2462/2462 1770/2456/2456
f 1770/2456/2456 1756/2462/2462 1769/2463/2463
f 1770/2456/2456 1769/2463/2463 1783/2419/2419
f 1783/2419/2419 1769/2463/2463 1782/2421/2421
f 1495/2457/2457 1494/2464/2464 1704/2458/2458
f 1704/2458/2458 1494/2464/2464 1703/2465/2465
f 1704/2458/2458 1703/2465/2465 1717/2459/2459
f 1717/2459/2459 1703/2465/2465 1716/2466/2466
f 1717/2459/2459 1716/2466/2466 1730/2460/2460
f 1730/2460/2460 1716/2466/2466 1729/2467/2467
f 1730/2460/2460 1729/2467/2467 1743/2461/2461
f 1743/2461/2461 1729/2467/2467 1742/2468/2468
f 1743/2461/2461 1742/2468/2468 1756/2462/2462
f 1756/2462/2462 1742/2468/2468 1755/2469/2469
f 1756/2462/2462 1755/2469/2469 1769/2463/2463
f 1769/2463/2463 1755/2469/2469 1768/2470/2470
f 1769/2463/2463 1768/2470/2470 1782/2421/2421
f 1782/2421/2421 1768/2470/2470 1781/2423/2423
f 1494/2464/2464 1493/2471/2471 1703/2465/2465
f 1703/2465/2465 1493/2471/2471 1702/2472/2472
f 1703/2465/2465 1702/2472/2472 1716/2466/2466
f 1716/2466/2466 1702/2472/2472 1715/2473/2473
f 1716/2466/2466 1715/2473/2473 1729/2467/2467
f 1729/2467/2467 1715/2473/2473 1728/2474/2474
f 1729/2467/2467 1728/2474/2474 1742/2468/2468
f 1742/2468/2468 1728/2474/2474 1741/2475/2475
f 1742/2468/2468 1741/2475/2475 1755/2469/2469
f 1755/2469/2469 1741/2475/2475 1754/2476/2476
f 1755/2469/2469 1754/2476/2476 1768/2470/2470
f 1768/2470/2470 1754/2476/2476 1767/2477/2477
f 1768/2470/2470 1767/2477/2477 1781/2423/2423
f 1781/2423/2423 1767/2477/2477 1780/2425/2425
f 1493/2471/2471 1492/2478/2478 1702/2472/2472
f 1702/2472/2472 1492/2478/2478 1701/2479/2479
f 1702/2472/2472 1701/2479/2479 1715/2473/2473
f 1715/2473/2473 1701/2479/2479 1714/2480/2480
f 1715/2473/2473 1714/2480/2480 1728/2474/2474
f 1728/2474/2474 1714/2480/2480 1727/2481/2481
f 1728/2474/2474 1727/2481/2481 1741/2475/2475
f 1741/2475/2475 1727/2481/2481 1740/2482/2482
f 1741/2475/2475 1740/2482/2482 1754/2476/2476
f 1754/2476/2476 1740/2482/2482 1753/2483/2483
f 1754/2476/2476 1753/2483/2483 1767/2477/2477
f 1767/2477/2477 1753/2483/2483 1766/2484/2484
f 1767/2477/2477 1766/2484/2484 1780/2425/2425
f 1780/2425/2425 1766/2484/2484 1779/2427/2427
f 1492/2478/2478 1491/2485/2485 1701/2479/2479
f 1701/2479/2479 1491/2485/2485 1700/2486/2486
f 1701/2479/2479 1700/2486/2486 1714/2480/2480
f 1714/2480/2480 1700/2486/2486 1713/2487/2487
f 1714/2480/2480 1713/2487/2487 1727/2481/2481
f 1727/2481/2481 1713/2487/2487 1726/2488/2488
f 1727/2481/2481 1726/2488/2488 1740/2482/2482
f 1740/2482/2482 1726/2488/2488 1739/2489/2489
f 1740/2482/2482 1739/2489/2489 1753/2483/2483
f 1753/2483/2483 1739/2489/2489 1752/2490/2490
f 1753/2483/2483 1752/2490/2490 1766/2484/2484
f 1766/2484/2484 1752/2490/2490 1765/2491/2491
f 1766/2484/2484 1765/2491/2491 1779/2427/2427
f 1779/2427/2427 1765/2491/2491 1778/2429/2429
f 1491/2485/2485 1490/2492/2492 1700/2486/2486
f 1700/2486/2486 1490/2492/2492 1699/2493/2493
f 1700/2486/2486 1699/2493/2493 1713/2487/2487
f 1713/2487/2487 1699/2493/2493 1712/2494/2494
f 1713/2487/2487 1712/2494/2494 1726/2488/2488
f 1726/2488/2488 1712/2494/2494 1725/2495/2495
f 1726/2488/2488 1725/2495/2495 1739/2489/2489
f 1739/2489/2489 1725/2495/2495 1738/2496/2496
f 1739/2489/2489 1738/2496/2496 1752/2490/2490
f 1752/2490/2490 1738/2496/2496 1751/2497/2497
f 1752/2490/2490 1751/2497/2497 1765/2491/2491
f 1765/2491/2491 1751/2497/2497 1764/2498/2498
f 1765/2491/2491 1764/2498/2498 1778/2429/2429
f 1778/2429/2429 1764/2498/2498 1777/2431/2431
f 1490/2492/2492 1489/2499/2499 1699/2493/2493
f 1699/2493/2493 1489/2499/2499 1698/2500/2500
f 1699/2493/2493 1698/2500/2500 1712/2494/2494
f 1712/2494/2494 1698/2500/2500 1711/2501/2501
f 1712/2494/2494 1711/2501/2501 1725/2495/2495
f 1725/2495/2495 1711/2501/2501 1724/2502/2502
f 1725/2495/2495 1724/2502/2502 1738/2496/2496
f 1738/2496/2496 1724/2502/2502 1737/2503/2503
f 1738/2496/2496 1737/2503/2503 1751/2497/2497
f 1751/2497/2497 1737/2503/2503 1750/2504/2504
f 1751/2497/2497 1750/2504/2504 1764/2498/2498
f 1764/2498/2498 1750/2504/2504 1763/2505/2505
f 1764/2498/2498 1763/2505/2505 1777/2431/2431
f 1777/2431/2431 1763/2505/2505 1776/2433/2433
f 1489/2499/2499 1488/2506/2506 1698/2500/2500
f 1698/2500/2500 1488/2506/2506 1697/2507/2507
f 1698/2500/2500 1697/2507/2507 1711/2501/2501
f 1711/2501/2501 1697/2507/2507 1710/2508/2508
f 1711/2501/2501 1710/2508/2508 1724/2502/2502
f 1724/2502/2502 1710/2508/2508 1723/2509/2509
f 1724/2502/2502 1723/2509/2509 1737/2503/2503
f 1737/2503/2503 1723/2509/2509 1736/2510/2510
f 1737/2503/2503 1736/2510/2510 1750/2504/2504
f 1750/2504/2504 1736/2510/2510 1749/2511/2511
f 1750/2504/2504 1749/2511/2511 1763/2505/2505
f 1763/2505/2505 1749/2511/2511 1762/2512/2512
f 1763/2505/2505 1762/2512/2512 1776/2433/2433
f 1776/2433/2433 1762/2512/2512 1775/2435/2435
f 1488/2506/2506 1487/2513/2513 1697/2507/2507
f 1697/2507/2507 1487/2513/2513 1696/2514/2514
f 1697/2507/2507 1696/2514/2514 1710/2508/2508
f 1710/2508/2508 1696/2514/2514 1709/2515/2515
f 1710/2508/2508 1709/2515/2515 1723/2509/2509
f 1723/2509/2509 1709/2515/2515 1722/2516/2516
f 1723/2509/2509 1722/2516/2516 1736/2510/2510
f 1736/2510/2510 1722/2516/2516 1735/2517/2517
f 1736/2510/2510 1735/2517/2517 1749/2511/2511
f 1749/2511/2511 1735/2517/2517 1748/2518/2518
f 1749/2511/2511 1748/2518/2518 1762/2512/2512
f 1762/2512/2512 1748/2518/2518 1761/2519/2519
f 1762/2512/2512 1761/2519/2519 1775/2435/2435
f 1775/2435/2435 1761/2519/2519 1774/2437/2437
f 1487/2513/2513 1486/2520/2520 1696/2514/2514
f 1696/2514/2514 1486/2520/2520 1695/2521/2521
f 1696/2514/2514 1695/2521/2521 1709/2515/2515
f 1709/2515/2515 1695/2521/2521 1708/2522/2522
f 1709/2515/2515 1708/2522/2522 1722/2516/2516
f 1722/2516/2516 1708/2522/2522 1721/2523/2523
f 1722/2516/2516 1721/2523/2523 1735/2517/2517
f 1735/2517/2517 1721/2523/2523 1734/2524/2524
f 1735/2517/2517 1734/2524/2524 1748/2518/2518
f 1748/2518/2518 1734/2524/2524 1747/2525/2525
f 1748/2518/2518 1747/2525/2525 1761/2519/2519
f 1761/2519/2519 1747/2525/2525 1760/2526/2526
f 1761/2519/2519 1760/2526/2526 1774/2437/2437
f 1774/2437/2437 1760/2526/2526 1773/2439/2439
f 1486/2520/2520 1485/2527/2527 1695/2521/2521
f 1695/2521/2521 1485/2527/2527 1658/2528/2528
f 1695/2521/2521 1658/2528/2528 1708/2522/2522
f 1708/2522/2522 1658/2528/2528 1657/2529/2529
f 1708/2522/2522 1657/2529/2529 1721/2523/2523
f 1721/2523/2523 1657/2529/2529 1656/2530/2530
f 1721/2523/2523 1656/2530/2530 1734/2524/2524
f 1734/2524/2524 1656/2530/2530 1655/2531/2531
f 1734/2524/2524 1655/2531/2531 1747/2525/2525
f 1747/2525/2525 1655/2531/2531 1654/2532/2532
f 1747/2525/2525 1654/2532/2532 1760/2526/2526
f 1760/2526/2526 1654/2532/2532 1653/2533/2533
f 1760/2526/2526 1653/2533/2533 1773/2439/2439
f 1773/2439/2439 1653/2533/2533 1652/2441/2441
f 1551/2534/2534 1550/2535/2535 1650/2536/2536
f 1650/2536/2536 1550/2535/2535 1798/2537/2537
f 1650/2536/2536 1798/2537/2537 1651/2538/2538
f 1651/2538/2538 1798/2537/2537 1682/2539/2539
f 1682/2539/2539 1798/2537/2537 1797/2540/2540
f 1682/2539/2539 1797/2540/2540 1683/2541/2541
f 1683/2541/2541 1797/2540/2540 1796/2542/2542
f 1683/2541/2541 1796/2542/2542 1684/2543/2543
f 1684/2543/2543 1796/2542/2542 1795/2544/2544
f 1684/2543/2543 1795/2544/2544 1685/2545/2545
f 1685/2545/2545 1795/2544/2544 1794/2546/2546
f 1685/2545/2545 1794/2546/2546 1686/2547/2547
f 1686/2547/2547 1794/2546/2546 1793/2548/2548
f 1686/2547/2547 1793/2548/2548 1687/2549/2549
f 1687/2549/2549 1793/2548/2548 1792/2550/2550
f 1687/2549/2549 1792/2550/2550 1688/2551/2551
f 1688/2551/2551 1792/2550/2550 1791/2552/2552
f 1688/2551/2551 1791/2552/2552 1689/2553/2553
f 1689/2553/2553 1791/2552/2552 1790/2554/2554
f 1689/2553/2553 1790/2554/2554 1690/2555/2555
f 1690/2555/2555 1790/2554/2554 1789/2556/2556
f 1690/2555/2555 1789/2556/2556 1691/2557/2557
f 1691/2557/2557 1789/2556/2556 1788/2558/2558
f 1691/2557/2557 1788/2558/2558 1692/2559/2559
f 1692/2559/2559 1788/2558/2558 1787/2560/2560
f 1692/2559/2559 1787/2560/2560 1693/2561/2561
f 1693/2561/2561 1787/2560/2560 1786/2562/2562
f 1693/2561/2561 1786/2562/2562 1694/2563/2563
f 1694/2563/2563 1786/2562/2562 1674/2564/2564
f 1694/2563/2563 1674/2564/2564 1673/2565/2565
f 1550/2535/2535 1549/2566/2566 1798/2537/2537
f 1798/2537/2537 1549/2566/2566 1797/2540/2540
f 1549/2566/2566 1548/2567/2567 1797/2540/2540
f 1797/2540/2540 1548/2567/2567 1796/2542/2542
f 1548/2567/2567 1547/2568/2568 1796/2542/2542
f 1796/2542/2542 1547/2568/2568 1795/2544/2544
f 1547/2568/2568 1546/2569/2569 1795/2544/2544
f 1795/2544/2544 1546/2569/2569 1794/2546/2546
f 1546/2569/2569 1545/2570/2570 1794/2546/2546
f 1794/2546/2546 1545/2570/2570 1793/2548/2548
f 1545/2570/2570 1544/2571/2571 1793/2548/2548
f 1793/2548/2548 1544/2571/2571 1792/2550/2550
f 1544/2571/2571 1543/2572/2572 1792/2550/2550
f 1792/2550/2550 1543/2572/2572 1791/2552/2552
f 1543/2572/2572 1542/2573/2573 1791/2552/2552
f 1791/2552/2552 1542/2573/2573 1790/2554/2554
f 1542/2573/2573 1541/2574/2574 1790/2554/2554
f 1790/2554/2554 1541/2574/2574 1789/2556/2556
f 1541/2574/2574 1540/2575/2575 1789/2556/2556
f 1789/2556/2556 1540/2575/2575 1788/2558/2558
f 1540/2575/2575 1539/2576/2576 1788/2558/2558
f 1788/2558/2558 1539/2576/2576 1787/2560/2560
f 1539/2576/2576 1538/2577/2577 1787/2560/2560
f 1787/2560/2560 1538/2577/2577 1786/2562/2562
f 1538/2577/2577 1537/2578/2578 1786/2562/2562
f 1786/2562/2562 1537/2578/2578 1674/2564/2564
g Body8

v 0.000000 109.220000 -124.459998
v 0.000000 109.220000 -113.755713
v 0.000000 109.220000 -103.051427
v 0.000000 109.220000 -92.347141
v 0.000000 109.220000 -81.642856
v 0.000000 109.220000 -70.938570
v 0.000000 109.220000 -60.234285
v 0.000000 109.220000 -49.529999
v 0.000000 109.220000 -38.825714
v 0.000000 109.220000 -28.121428
v 0.000000 109.220000 -17.417143
v 0.000000 109.220000 -6.712857
v 0.000000 109.220000 3.991429
v 0.000000 109.220000 14.695714
v 0.000000 109.220000 25.400000
v 6.350000 109.220000 25.400000
v 12.700000 109.220000 25.400000
v 12.700000 109.220000 14.695714
v 12.700000 109.220000 3.991429
v 12.700000 109.220000 -6.712857
v 12.700000 109.220000 -17.417143
v 12.700000 109.220000 -28.121428
v 12.700000 109.220000 -38.825714
v 12.700000 109.220000 -49.529999
v 12.700000 109.220000 -60.234285
v 12.700000 109.220000 -70.938570
v 12.700000 109.220000 -81.642856
v 12.700000 109.220000 -92.347141
v 12.700000 109.220000 -103.051427
v 12.700000 109.220000 -113.755713
v 12.700000 109.220000 -124.459998
v 6.350000 109.220000 -124.459998
v 6.350000 109.220000 14.695714
v 6.350000 109.220000 3.991429
v 6.350000 109.220000 -6.712857
v 6.350000 109.220000 -17.417143
v 6.350000 109.220000 -28.121428
v 6.350000 109.220000 -38.825714
v 6.350000 109.220000 -49.529999
v 6.350000 109.220000 -60.234285
v 6.350000 109.220000 -70.938570
v 6.350000 109.220000 -81.642856
v 6.350000 109.220000 -92.347141
v 6.350000 109.220000 -103.051427
v 6.350000 109.220000 -113.755713
v 12.700000 101.600000 25.400000
v 12.700000 101.600000 14.695714
v 12.700000 101.600000 3.991429
v 12.700000 101.600000 -6.712857
v 12.700000 101.600000 -17.417143
v 12.700000 101.600000 -28.121428
v 12.700000 101.600000 -38.825714
v 12.700000 101.600000 -49.529999
v 12.700000 101.600000 -60.234285
v 12.700000 101.600000 -70.938570
v 12.700000 101.600000 -81.642856
v 12.700000 101.600000 -92.347141
v 12.700000 101.600000 -103.051427
v 12.700000 101.600000 -113.755713
v 12.700000 101.600000 -124.459998
v 0.000000 101.600000 25.400000
v 6.350000 101.600000 25.400000
v 0.000000 101.600000 -124.459998
v 6.350000 101.600000 -124.459998
v 0.000000 101.600000 14.695714
v 0.000000 101.600000 3.991429
v 0.000000 101.600000 -6.712857
v 0.000000 101.600000 -17.417143
v 0.000000 101.600000 -28.121428
v 0.000000 101.600000 -38.825714
v 0.000000 101.600000 -49.529999
v 0.000000 101.600000 -60.234285
v 0.000000 101.600000 -70.938570
v 0.000000 101.600000 -81.642856
v 0.000000 101.600000 -92.347141
v 0.000000 101.600000 -103.051427
v 0.000000 101.600000 -113.755713
v 6.350000 101.600000 -113.755713
v 6.350000 101.600000 -103.051427
v 6.350000 101.600000 -92.347141
v 6.350000 101.600000 -81.642856
v 6.350000 101.600000 -70.938570
v 6.350000 101.600000 -60.234285
v 6.350000 101.600000 -49.529999
v 6.350000 101.600000 -38.825714
v 6.350000 101.600000 -28.121428
v 6.350000 101.600000 -17.417143
v 6.350000 101.600000 -6.712857
v 6.350000 101.600000 3.991429
v 6.350000 101.600000 14.695714
vt -74.929999 -6.350000 0.000000
vt -64.225713 -6.350000 0.000000
vt -74.929999 0.000000 0.000000
vt -64.225713 -0.000000 0.000000
vt -74.929999 6.350000 0.000000
vt -64.225713 6.350000 0.000000
vt -53.521428 -0.000000 0.000000
vt -53.521428 6.350000 0.000000
vt -42.817142 -0.000000 0.000000
vt -42.817142 6.350000 0.000000
vt -32.112857 -0.000000 0.000000
vt -32.112857 6.350000 0.000000
vt -21.408571 -0.000000 0.000000
vt -21.408571 6.350000 0.000000
vt -10.704286 -0.000000 0.000000
vt -10.704286 6.350000 0.000000
vt 0.000000 -0.000000 0.000000
vt -0.000000 6.350000 0.000000
vt 10.704286 -0.000000 0.000000
vt 10.704286 6.350000 0.000000
vt 21.408571 -0.000000 0.000000
vt 21.408571 6.350000 0.000000
vt 32.112857 -0.000000 0.000000
vt 32.112857 6.350000 0.000000
vt 42.817142 -0.000000 0.000000
vt 42.817142 6.350000 0.000000
vt 53.521428 -0.000000 0.000000
vt 53.521428 6.350000 0.000000
vt 64.225713 -0.000000 0.000000
vt 64.225713 6.350000 0.000000
vt 74.929999 -0.000000 0.000000
vt 74.929999 6.350000 0.000000
vt -53.521428 -6.350000 0.000000
vt -42.817142 -6.350000 0.000000
vt -32.112857 -6.350000 0.000000
vt -21.408571 -6.350000 0.000000
vt -10.704286 -6.350000 0.000000
vt -0.000000 -6.350000 0.000000
vt 10.704286 -6.350000 0.000000
vt 21.408571 -6.350000 0.000000
vt 32.112857 -6.350000 0.000000
vt 42.817142 -6.350000 0.000000
vt 53.521428 -6.350000 0.000000
vt 64.225713 -6.350000 0.000000
vt 74.929999 -6.350000 0.000000
vt 74.929999 -2.540000 0.000000
vt 64.225713 -2.540000 0.000000
vt 74.929999 -10.160000 0.000000
vt 64.225713 -10.160000 0.000000
vt 53.521428 -2.540000 0.000000
vt 53.521428 -10.160000 0.000000
vt 42.817142 -2.540000 0.000000
vt 42.817142 -10.160000 0.000000
vt 32.112857 -2.540000 0.000000
vt 32.112857 -10.160000 0.000000
vt 21.408571 -2.540000 0.000000
vt 21.408571 -10.160000 0.000000
vt 10.704286 -2.540000 0.000000
vt 10.704286 -10.160000 0.000000
vt 0.000000 -2.540000 0.000000
vt 0.000000 -10.160000 0.000000
vt -10.704286 -2.540000 0.000000
vt -10.704286 -10.160000 0.000000
vt -21.408571 -2.540000 0.000000
vt -21.408571 -10.160000 0.000000
vt -32.112857 -2.540000 0.000000
vt -32.112857 -10.160000 0.000000
vt -42.817142 -2.540000 0.000000
vt -42.817142 -10.160000 0.000000
vt -53.521428 -2.540000 0.000000
vt -53.521428 -10.160000 0.000000
vt -64.225713 -2.540000 0.000000
vt -64.225713 -10.160000 0.000000
vt -74.929999 -2.540000 0.000000
vt -74.929999 -10.160000 0.000000
vt 116.839998 12.700000 0.000000
vt 109.219998 12.700000 0.000000
vt 116.839998 6.350000 0.000000
vt 109.219998 6.350000 0.000000
vt 116.839998 0.000000 0.000000
vt 109.219998 0.000000 0.000000
vt 143.498353 -12.700000 0.000000
vt 154.202639 -12.700000 0.000000
vt 143.498353 -6.350000 0.000000
vt 154.202639 -6.350000 0.000000
vt 143.498353 0.000000 0.000000
vt 154.202639 0.000000 0.000000
vt 132.794068 0.000000 0.000000
vt 132.794068 -6.350000 0.000000
vt 132.794068 -12.700000 0.000000
vt 122.089782 -6.350000 0.000000
vt 122.089782 -12.700000 0.000000
vt 111.385497 -6.350000 0.000000
vt 111.385497 -12.700000 0.000000
vt 100.681211 -6.350000 0.000000
vt 100.681211 -12.700000 0.000000
vt 89.976926 -6.350000 0.000000
vt 89.976926 -12.700000 0.000000
vt 79.272640 -6.350000 0.000000
vt 79.272640 -12.700000 0.000000
vt 68.568355 -6.350000 0.000000
vt 68.568355 -12.700000 0.000000
vt 57.864069 -6.350000 0.000000
vt 57.864069 -12.700000 0.000000
vt 47.159783 -6.350000 0.000000
vt 47.159783 -12.700000 0.000000
vt 36.455498 -6.350000 0.000000
vt 36.455498 -12.700000 0.000000
vt 25.751212 -6.350000 0.000000
vt 25.751212 -12.700000 0.000000
vt 15.046927 -6.350000 0.000000
vt 15.046927 -12.700000 0.000000
vt 4.342641 -6.350000 0.000000
vt 4.342641 -12.700000 0.000000
vt 122.089782 0.000000 0.000000
vt 111.385497 0.000000 0.000000
vt 100.681211 0.000000 0.000000
vt 89.976926 0.000000 0.000000
vt 79.272640 0.000000 0.000000
vt 68.568355 0.000000 0.000000
vt 57.864069 0.000000 0.000000
vt 47.159783 0.000000 0.000000
vt 36.455498 0.000000 0.000000
vt 25.751212 0.000000 0.000000
vt 15.046927 0.000000 0.000000
vt 4.342641 0.000000 0.000000
vt 74.929999 -2.540000 0.000000
vt 64.225713 -2.540000 0.000000
vt 74.929999 -10.160000 0.000000
vt 64.225713 -10.160000 0.000000
vt 53.521428 -2.540000 0.000000
vt 53.521428 -10.160000 0.000000
vt 42.817142 -2.540000 0.000000
vt 42.817142 -10.160000 0.000000
vt 32.112857 -2.540000 0.000000
vt 32.112857 -10.160000 0.000000
vt 21.408571 -2.540000 0.000000
vt 21.408571 -10.160000 0.000000
vt 10.704286 -2.540000 0.000000
vt 10.704286 -10.160000 0.000000
vt -0.000000 -2.540000 0.000000
vt -0.000000 -10.160000 0.000000
vt -10.704286 -2.540000 0.000000
vt -10.704286 -10.160000 0.000000
vt -21.408571 -2.540000 0.000000
vt -21.408571 -10.160000 0.000000
vt -32.112857 -2.540000 0.000000
vt -32.112857 -10.160000 0.000000
vt -42.817142 -2.540000 0.000000
vt -42.817142 -10.160000 0.000000
vt -53.521428 -2.540000 0.000000
vt -53.521428 -10.160000 0.000000
vt -64.225713 -2.540000 0.000000
vt -64.225713 -10.160000 0.000000
vt -74.929999 -2.540000 0.000000
vt -74.929999 -10.160000 0.000000
vt 96.519999 0.000000 0.000000
vt 104.139998 0.000000 0.000000
vt 96.519999 6.350000 0.000000
vt 104.139998 6.350000 0.000000
vt 96.519999 12.700000 0.000000
vt 104.139998 12.700000 0.000000
vn -0.000000 1.000000 -0.000000
vn -0.000000 1.000000 -0.000000
vn -0.000000 1.000000 -0.000000
vn -0.000000 1.000000 -0.000000
vn -0.000000 1.000000 -0.000000
vn -0.000000 1.000000 -0.000000
vn -0.000000 1.000000 -0.000000
vn -0.000000 1.000000 -0.000000
vn -0.000000 1.000000 -0.000000
vn -0.000000 1.000000 -0.000000
vn -0.000000 1.000000 -0.000000
vn -0.000000 1.000000 -0.000000
vn -0.000000 1.000000 -0.000000
vn -0.000000 1.000000 -0.000000
vn -0.000000 1.000000 -0.000000
vn -0.000000 1.000000 -0.000000
vn -0.000000 1.000000 -0.000000
vn -0.000000 1.000000 -0.000000
vn -0.000000 1.000000 -0.000000
vn -0.000000 1.000000 -0.000000
vn -0.000000 1.000000 -0.000000
vn -0.000000 1.000000 -0.000000
vn -0.000000 1.000000 -0.000000
vn -0.000000 1.000000 -0.000000
vn -0.000000 1.000000 -0.000000
vn -0.000000 1.000000 -0.000000
vn -0.000000 1.000000 -0.000000
vn -0.000000 1.000000 -0.000000
vn -0.000000 1.000000 -0.000000
vn -0.000000 1.000000 -0.000000
vn -0.000000 1.000000 -0.000000
vn -0.000000 1.000000 -0.000000
vn -0.000000 1.000000 -0.000000
vn -0.000000 1.000000 -0.000000
vn -0.000000 1.000000 -0.000000
vn -0.000000 1.000000 -0.000000
vn -0.000000 1.000000 -0.000000
vn -0.000000 1.000000 -0.000000
vn -0.000000 1.000000 -0.000000
vn -0.000000 1.000000 -0.000000
vn -0.000000 1.000000 -0.000000
vn -0.000000 1.000000 -0.000000
vn -0.000000 1.000000 -0.000000
vn -0.000000 1.000000 -0.000000
vn -0.000000 1.000000 -0.000000
vn 1.000000 0.000000 0.000000
vn 1.000000 0.000000 0.000000
vn 1.000000 0.000000 0.000000
vn 1.000000 0.000000 0.000000
vn 1.000000 0.000000 0.000000
vn 1.000000 0.000000 0.000000
vn 1.000000 0.000000 0.000000
vn 1.000000 0.000000 0.000000
vn 1.000000 0.000000 0.000000
vn 1.000000 0.000000 0.000000
vn 1.000000 0.000000 0.000000
vn 1.000000 0.000000 0.000000
vn 1.000000 0.000000 0.000000
vn 1.000000 0.000000 0.000000
vn 1.000000 0.000000 0.000000
vn 1.000000 0.000000 0.000000
vn 1.000000 0.000000 0.000000
vn 1.000000 0.000000 0.000000
vn 1.000000 0.000000 0.000000
vn 1.000000 0.000000 0.000000
vn 1.000000 0.000000 0.000000
vn 1.000000 0.000000 0.000000
vn 1.000000 0.000000 0.000000
vn 1.000000 0.000000 0.000000
vn 1.000000 0.000000 0.000000
vn 1.000000 0.000000 0.000000
vn 1.000000 0.000000 0.000000
vn 1.000000 0.000000 0.000000
vn 1.000000 0.000000 0.000000
vn 1.000000 0.000000 0.000000
vn 0.000000 0.000000 1.000000
vn 0.000000 0.000000 1.000000
vn 0.000000 0.000000 1.000000
vn 0.000000 0.000000 1.000000
vn 0.000000 0.000000 1.000000
vn 0.000000 0.000000 1.000000
vn 0.000000 -1.000000 0.000000
vn 0.000000 -1.000000 0.000000
vn 0.000000 -1.000000 0.000000
vn 0.000000 -1.000000 0.000000
vn 0.000000 -1.000000 0.000000
vn 0.000000 -1.000000 0.000000
vn 0.000000 -1.000000 0.000000
vn 0.000000 -1.000000 0.000000
vn 0.000000 -1.000000 0.000000
vn 0.000000 -1.000000 0.000000
vn 0.000000 -1.000000 0.000000
vn 0.000000 -1.000000 0.000000
vn 0.000000 -1.000000 0.000000
vn 0.000000 -1.000000 0.000000
vn 0.000000 -1.000000 0.000000
vn 0.000000 -1.000000 0.000000
vn 0.000000 -1.000000 0.000000
vn 0.000000 -1.000000 0.000000
vn 0.000000 -1.000000 0.000000
vn 0.000000 -1.000000 0.000000
vn 0.000000 -1.000000 0.000000
vn 0.000000 -1.000000 0.000000
vn 0.000000 -1.000000 0.000000
vn 0.000000 -1.000000 0.000000
vn 0.000000 -1.000000 0.000000
vn 0.000000 -1.000000 0.000000
vn 0.000000 -1.000000 0.000000
vn 0.000000 -1.000000 0.000000
vn 0.000000 -1.000000 0.000000
vn 0.000000 -1.000000 0.000000
vn 0.000000 -1.000000 0.000000
vn 0.000000 -1.000000 0.000000
vn 0.000000 -1.000000 0.000000
vn 0.000000 -1.000000 0.000000
vn 0.000000 -1.000000 0.000000
vn 0.000000 -1.000000 0.000000
vn 0.000000 -1.000000 0.000000
vn 0.000000 -1.000000 0.000000
vn 0.000000 -1.000000 0.000000
vn 0.000000 -1.000000 0.000000
vn 0.000000 -1.000000 0.000000
vn 0.000000 -1.000000 0.000000
vn 0.000000 -1.000000 0.000000
vn 0.000000 -1.000000 0.000000
vn 0.000000 -1.000000 0.000000
vn -1.000000 -0.000000 -0.000000
vn -1.000000 -0.000000 -0.000000
vn -1.000000 -0.000000 -0.000000
vn -1.000000 -0.000000 -0.000000
vn -1.000000 -0.000000 -0.000000
vn -1.000000 -0.000000 -0.000000
vn -1.000000 -0.000000 -0.000000
vn -1.000000 -0.000000 -0.000000
vn -1.000000 -0.000000 -0.000000
vn -1.000000 -0.000000 -0.000000
vn -1.000000 -0.000000 -0.000000
vn -1.000000 -0.000000 -0.000000
vn -1.000000 -0.000000 -0.000000
vn -1.000000 -0.000000 -0.000000
vn -1.000000 -0.000000 -0.000000
vn -1.000000 -0.000000 -0.000000
vn -1.000000 -0.000000 -0.000000
vn -1.000000 -0.000000 -0.000000
vn -1.000000 -0.000000 -0.000000
vn -1.000000 -0.000000 -0.000000
vn -1.000000 -0.000000 -0.000000
vn -1.000000 -0.000000 -0.000000
vn -1.000000 -0.000000 -0.000000
vn -1.000000 -0.000000 -0.000000
vn -1.000000 -0.000000 -0.000000
vn -1.000000 -0.000000 -0.000000
vn -1.000000 -0.000000 -0.000000
vn -1.000000 -0.000000 -0.000000
vn -1.000000 -0.000000 -0.000000
vn -1.000000 -0.000000 -0.000000
vn 0.000000 0.000000 -1.000000
vn 0.000000 0.000000 -1.000000
vn 0.000000 0.000000 -1.000000
vn 0.000000 0.000000 -1.000000
vn 0.000000 0.000000 -1.000000
vn 0.000000 0.000000 -1.000000
usemtl Aluminum_-_Anodized_Rough_(Blue)
f 1799/2579/2579 1800/2580/2580 1830/2581/2581
f 1830/2581/2581 1800/2580/2580 1843/2582/2582
f 1830/2581/2581 1843/2582/2582 1829/2583/2583
f 1829/2583/2583 1843/2582/2582 1828/2584/2584
f 1828/2584/2584 1843/2582/2582 1842/2585/2585
f 1828/2584/2584 1842/2585/2585 1827/2586/2586
f 1827/2586/2586 1842/2585/2585 1841/2587/2587
f 1827/2586/2586 1841/2587/2587 1826/2588/2588
f 1826/2588/2588 1841/2587/2587 1840/2589/2589
f 1826/2588/2588 1840/2589/2589 1825/2590/2590
f 1825/2590/2590 1840/2589/2589 1839/2591/2591
f 1825/2590/2590 1839/2591/2591 1824/2592/2592
f 1824/2592/2592 1839/2591/2591 1838/2593/2593
f 1824/2592/2592 1838/2593/2593 1823/2594/2594
f 1823/2594/2594 1838/2593/2593 1837/2595/2595
f 1823/2594/2594 1837/2595/2595 1822/2596/2596
f 1822/2596/2596 1837/2595/2595 1836/2597/2597
f 1822/2596/2596 1836/2597/2597 1821/2598/2598
f 1821/2598/2598 1836/2597/2597 1835/2599/2599
f 1821/2598/2598 1835/2599/2599 1820/2600/2600
f 1820/2600/2600 1835/2599/2599 1834/2601/2601
f 1820/2600/2600 1834/2601/2601 1819/2602/2602
f 1819/2602/2602 1834/2601/2601 1833/2603/2603
f 1819/2602/2602 1833/2603/2603 1818/2604/2604
f 1818/2604/2604 1833/2603/2603 1832/2605/2605
f 1818/2604/2604 1832/2605/2605 1817/2606/2606
f 1817/2606/2606 1832/2605/2605 1831/2607/2607
f 1817/2606/2606 1831/2607/2607 1816/2608/2608
f 1816/2608/2608 1831/2607/2607 1814/2609/2609
f 1816/2608/2608 1814/2609/2609 1815/2610/2610
f 1800/2580/2580 1801/2611/2611 1843/2582/2582
f 1843/2582/2582 1801/2611/2611 1842/2585/2585
f 1801/2611/2611 1802/2612/2612 1842/2585/2585
f 1842/2585/2585 1802/2612/2612 1841/2587/2587
f 1802/2612/2612 1803/2613/2613 1841/2587/2587
f 1841/2587/2587 1803/2613/2613 1840/2589/2589
f 1803/2613/2613 1804/2614/2614 1840/2589/2589
f 1840/2589/2589 1804/2614/2614 1839/2591/2591
f 1804/2614/2614 1805/2615/2615 1839/2591/2591
f 1839/2591/2591 1805/2615/2615 1838/2593/2593
f 1805/2615/2615 1806/2616/2616 1838/2593/2593
f 1838/2593/2593 1806/2616/2616 1837/2595/2595
f 1806/2616/2616 1807/2617/2617 1837/2595/2595
f 1837/2595/2595 1807/2617/2617 1836/2597/2597
f 1807/2617/2617 1808/2618/2618 1836/2597/2597
f 1836/2597/2597 1808/2618/2618 1835/2599/2599
f 1808/2618/2618 1809/2619/2619 1835/2599/2599
f 1835/2599/2599 1809/2619/2619 1834/2601/2601
f 1809/2619/2619 1810/2620/2620 1834/2601/2601
f 1834/2601/2601 1810/2620/2620 1833/2603/2603
f 1810/2620/2620 1811/2621/2621 1833/2603/2603
f 1833/2603/2603 1811/2621/2621 1832/2605/2605
f 1811/2621/2621 1812/2622/2622 1832/2605/2605
f 1832/2605/2605 1812/2622/2622 1831/2607/2607
f 1812/2622/2622 1813/2623/2623 1831/2607/2607
f 1831/2607/2607 1813/2623/2623 1814/2609/2609
f 1829/2624/2624 1828/2625/2625 1858/2626/2626
f 1858/2626/2626 1828/2625/2625 1857/2627/2627
f 1857/2627/2627 1828/2625/2625 1827/2628/2628
f 1857/2627/2627 1827/2628/2628 1856/2629/2629
f 1856/2629/2629 1827/2628/2628 1826/2630/2630
f 1856/2629/2629 1826/2630/2630 1855/2631/2631
f 1855/2631/2631 1826/2630/2630 1825/2632/2632
f 1855/2631/2631 1825/2632/2632 1854/2633/2633
f 1854/2633/2633 1825/2632/2632 1824/2634/2634
f 1854/2633/2633 1824/2634/2634 1853/2635/2635
f 1853/2635/2635 1824/2634/2634 1823/2636/2636
f 1853/2635/2635 1823/2636/2636 1852/2637/2637
f 1852/2637/2637 1823/2636/2636 1822/2638/2638
f 1852/2637/2637 1822/2638/2638 1851/2639/2639
f 1851/2639/2639 1822/2638/2638 1821/2640/2640
f 1851/2639/2639 1821/2640/2640 1850/2641/2641
f 1850/2641/2641 1821/2640/2640 1820/2642/2642
f 1850/2641/2641 1820/2642/2642 1849/2643/2643
f 1849/2643/2643 1820/2642/2642 1819/2644/2644
f 1849/2643/2643 1819/2644/2644 1848/2645/2645
f 1848/2645/2645 1819/2644/2644 1818/2646/2646
f 1848/2645/2645 1818/2646/2646 1847/2647/2647
f 1847/2647/2647 1818/2646/2646 1817/2648/2648
f 1847/2647/2647 1817/2648/2648 1846/2649/2649
f 1846/2649/2649 1817/2648/2648 1816/2650/2650
f 1846/2649/2649 1816/2650/2650 1845/2651/2651
f 1845/2651/2651 1816/2650/2650 1815/2652/2652
f 1845/2651/2651 1815/2652/2652 1844/2653/2653
f 1844/2654/2654 1815/2655/2655 1860/2656/2656
f 1860/2656/2656 1815/2655/2655 1814/2657/2657
f 1860/2656/2656 1814/2657/2657 1859/2658/2658
f 1859/2658/2658 1814/2657/2657 1813/2659/2659
f 1875/2660/2660 1861/2661/2661 1876/2662/2662
f 1876/2662/2662 1861/2661/2661 1862/2663/2663
f 1876/2662/2662 1862/2663/2663 1857/2664/2664
f 1857/2664/2664 1862/2663/2663 1858/2665/2665
f 1857/2664/2664 1856/2666/2666 1876/2662/2662
f 1876/2662/2662 1856/2666/2666 1877/2667/2667
f 1876/2662/2662 1877/2667/2667 1875/2660/2660
f 1875/2660/2660 1877/2667/2667 1874/2668/2668
f 1874/2668/2668 1877/2667/2667 1878/2669/2669
f 1874/2668/2668 1878/2669/2669 1873/2670/2670
f 1873/2670/2670 1878/2669/2669 1879/2671/2671
f 1873/2670/2670 1879/2671/2671 1872/2672/2672
f 1872/2672/2672 1879/2671/2671 1880/2673/2673
f 1872/2672/2672 1880/2673/2673 1871/2674/2674
f 1871/2674/2674 1880/2673/2673 1881/2675/2675
f 1871/2674/2674 1881/2675/2675 1870/2676/2676
f 1870/2676/2676 1881/2675/2675 1882/2677/2677
f 1870/2676/2676 1882/2677/2677 1869/2678/2678
f 1869/2678/2678 1882/2677/2677 1883/2679/2679
f 1869/2678/2678 1883/2679/2679 1868/2680/2680
f 1868/2680/2680 1883/2679/2679 1884/2681/2681
f 1868/2680/2680 1884/2681/2681 1867/2682/2682
f 1867/2682/2682 1884/2681/2681 1885/2683/2683
f 1867/2682/2682 1885/2683/2683 1866/2684/2684
f 1866/2684/2684 1885/2683/2683 1886/2685/2685
f 1866/2684/2684 1886/2685/2685 1865/2686/2686
f 1865/2686/2686 1886/2685/2685 1887/2687/2687
f 1865/2686/2686 1887/2687/2687 1864/2688/2688
f 1864/2688/2688 1887/2687/2687 1888/2689/2689
f 1864/2688/2688 1888/2689/2689 1863/2690/2690
f 1863/2690/2690 1888/2689/2689 1860/2691/2691
f 1863/2690/2690 1860/2691/2691 1859/2692/2692
f 1856/2666/2666 1855/2693/2693 1877/2667/2667
f 1877/2667/2667 1855/2693/2693 1878/2669/2669
f 1855/2693/2693 1854/2694/2694 1878/2669/2669
f 1878/2669/2669 1854/2694/2694 1879/2671/2671
f 1854/2694/2694 1853/2695/2695 1879/2671/2671
f 1879/2671/2671 1853/2695/2695 1880/2673/2673
f 1853/2695/2695 1852/2696/2696 1880/2673/2673
f 1880/2673/2673 1852/2696/2696 1881/2675/2675
f 1852/2696/2696 1851/2697/2697 1881/2675/2675
f 1881/2675/2675 1851/2697/2697 1882/2677/2677
f 1851/2697/2697 1850/2698/2698 1882/2677/2677
f 1882/2677/2677 1850/2698/2698 1883/2679/2679
f 1850/2698/2698 1849/2699/2699 1883/2679/2679
f 1883/2679/2679 1849/2699/2699 1884/2681/2681
f 1849/2699/2699 1848/2700/2700 1884/2681/2681
f 1884/2681/2681 1848/2700/2700 1885/2683/2683
f 1848/2700/2700 1847/2701/2701 1885/2683/2683
f 1885/2683/2683 1847/2701/2701 1886/2685/2685
f 1847/2701/2701 1846/2702/2702 1886/2685/2685
f 1886/2685/2685 1846/2702/2702 1887/2687/2687
f 1846/2702/2702 1845/2703/2703 1887/2687/2687
f 1887/2687/2687 1845/2703/2703 1888/2689/2689
f 1845/2703/2703 1844/2704/2704 1888/2689/2689
f 1888/2689/2689 1844/2704/2704 1860/2691/2691
f 1813/2705/2705 1812/2706/2706 1859/2707/2707
f 1859/2707/2707 1812/2706/2706 1863/2708/2708
f 1863/2708/2708 1812/2706/2706 1811/2709/2709
f 1863/2708/2708 1811/2709/2709 1864/2710/2710
f 1864/2710/2710 1811/2709/2709 1810/2711/2711
f 1864/2710/2710 1810/2711/2711 1865/2712/2712
f 1865/2712/2712 1810/2711/2711 1809/2713/2713
f 1865/2712/2712 1809/2713/2713 1866/2714/2714
f 1866/2714/2714 1809/2713/2713 1808/2715/2715
f 1866/2714/2714 1808/2715/2715 1867/2716/2716
f 1867/2716/2716 1808/2715/2715 1807/2717/2717
f 1867/2716/2716 1807/2717/2717 1868/2718/2718
f 1868/2718/2718 1807/2717/2717 1806/2719/2719
f 1868/2718/2718 1806/2719/2719 1869/2720/2720
f 1869/2720/2720 1806/2719/2719 1805/2721/2721
f 1869/2720/2720 1805/2721/2721 1870/2722/2722
f 1870/2722/2722 1805/2721/2721 1804/2723/2723
f 1870/2722/2722 1804/2723/2723 1871/2724/2724
f 1871/2724/2724 1804/2723/2723 1803/2725/2725
f 1871/2724/2724 1803/2725/2725 1872/2726/2726
f 1872/2726/2726 1803/2725/2725 1802/2727/2727
f 1872/2726/2726 1802/2727/2727 1873/2728/2728
f 1873/2728/2728 1802/2727/2727 1801/2729/2729
f 1873/2728/2728 1801/2729/2729 1874/2730/2730
f 1874/2730/2730 1801/2729/2729 1800/2731/2731
f 1874/2730/2730 1800/2731/2731 1875/2732/2732
f 1875/2732/2732 1800/2731/2731 1799/2733/2733
f 1875/2732/2732 1799/2733/2733 1861/2734/2734
f 1861/2735/2735 1799/2736/2736 1862/2737/2737
f 1862/2737/2737 1799/2736/2736 1830/2738/2738
f 1862/2737/2737 1830/2738/2738 1858/2739/2739
f 1858/2739/2739 1830/2738/2738 1829/2740/2740
# 1888 vertices
# 2740 texture params
# 2740 normals
# 3744 facets

# 8 groups
